timestamp,equity
2025-01-15 09:15:00,100000.0
2025-01-15 09:20:00,100000.0
2025-01-15 09:25:00,100000.0
2025-01-15 09:30:00,100000.0
2025-01-15 09:35:00,100000.0
2025-01-15 09:40:00,100000.0
2025-01-15 09:45:00,100000.0
2025-01-15 09:50:00,100000.0
2025-01-15 09:55:00,100000.0
2025-01-15 10:00:00,100000.0
2025-01-15 10:05:00,100000.0
2025-01-15 10:10:00,100000.0
2025-01-15 10:15:00,100000.0
2025-01-15 10:20:00,100000.0
2025-01-15 10:25:00,100000.0
2025-01-15 10:30:00,100000.0
2025-01-15 10:35:00,100000.0
2025-01-15 10:40:00,100000.0
2025-01-15 10:45:00,100000.0
2025-01-15 10:50:00,100000.0
2025-01-15 10:55:00,100000.0
2025-01-15 11:00:00,100000.0
2025-01-15 11:05:00,100000.0
2025-01-15 11:10:00,100000.0
2025-01-15 11:15:00,100000.0
2025-01-15 11:20:00,100000.0
2025-01-15 11:25:00,100000.0
2025-01-15 11:30:00,100000.0
2025-01-15 11:35:00,100000.0
2025-01-15 11:40:00,100000.0
2025-01-15 11:45:00,100000.0
2025-01-15 11:50:00,100000.0
2025-01-15 11:55:00,100000.0
2025-01-15 12:00:00,100000.0
2025-01-15 12:05:00,100000.0
2025-01-15 12:10:00,100000.0
2025-01-15 12:15:00,100000.0
2025-01-15 12:20:00,100000.0
2025-01-15 12:25:00,100000.0
2025-01-15 12:30:00,100000.0
2025-01-15 12:35:00,100000.0
2025-01-15 12:40:00,100000.0
2025-01-15 12:45:00,100000.0
2025-01-15 12:50:00,100000.0
2025-01-15 12:55:00,100000.0
2025-01-15 13:00:00,100000.0
2025-01-15 13:05:00,100000.0
2025-01-15 13:10:00,100000.0
2025-01-15 13:15:00,100000.0
2025-01-15 13:20:00,100000.0
2025-01-15 13:25:00,100000.0
2025-01-15 13:30:00,100000.0
2025-01-15 13:35:00,100000.0
2025-01-15 13:40:00,100000.0
2025-01-15 13:45:00,100000.0
2025-01-15 13:50:00,100000.0
2025-01-15 13:55:00,100000.0
2025-01-15 14:00:00,100000.0
2025-01-15 14:05:00,100000.0
2025-01-15 14:10:00,100000.0
2025-01-15 14:15:00,100000.0
2025-01-15 14:20:00,100000.0
2025-01-15 14:25:00,100000.0
2025-01-15 14:30:00,100000.0
2025-01-15 14:35:00,100000.0
2025-01-15 14:40:00,100000.0
2025-01-15 14:45:00,100000.0
2025-01-15 14:50:00,100000.0
2025-01-15 14:55:00,100000.0
2025-01-15 15:00:00,100000.0
2025-01-15 15:05:00,100000.0
2025-01-15 15:10:00,100000.0
2025-01-15 15:15:00,100000.0
2025-01-15 15:20:00,100000.0
2025-01-15 15:25:00,100000.0
2025-01-15 15:30:00,100000.0
2025-01-16 09:15:00,100000.0
2025-01-16 09:20:00,100000.0
2025-01-16 09:25:00,100000.0
2025-01-16 09:30:00,100000.0
2025-01-16 09:35:00,100000.0
2025-01-16 09:40:00,100000.0
2025-01-16 09:45:00,100000.0
2025-01-16 09:50:00,100000.0
2025-01-16 09:55:00,100000.0
2025-01-16 10:00:00,100000.0
2025-01-16 10:05:00,100000.0
2025-01-16 10:10:00,100000.0
2025-01-16 10:15:00,100000.0
2025-01-16 10:20:00,100000.0
2025-01-16 10:25:00,100000.0
2025-01-16 10:30:00,100000.0
2025-01-16 10:35:00,100000.0
2025-01-16 10:40:00,100000.0
2025-01-16 10:45:00,100000.0
2025-01-16 10:50:00,100000.0
2025-01-16 10:55:00,100000.0
2025-01-16 11:00:00,100000.0
2025-01-16 11:05:00,100000.0
2025-01-16 11:10:00,100000.0
2025-01-16 11:15:00,100000.0
2025-01-16 11:20:00,100000.0
2025-01-16 11:25:00,100000.0
2025-01-16 11:30:00,100000.0
2025-01-16 11:35:00,100000.0
2025-01-16 11:40:00,100000.0
2025-01-16 11:45:00,100000.0
2025-01-16 11:50:00,100000.0
2025-01-16 11:55:00,100000.0
2025-01-16 12:00:00,100000.0
2025-01-16 12:05:00,100000.0
2025-01-16 12:10:00,100000.0
2025-01-16 12:15:00,100000.0
2025-01-16 12:20:00,100000.0
2025-01-16 12:25:00,100000.0
2025-01-16 12:30:00,100000.0
2025-01-16 12:35:00,100000.0
2025-01-16 12:40:00,100000.0
2025-01-16 12:45:00,100000.0
2025-01-16 12:50:00,100000.0
2025-01-16 12:55:00,100000.0
2025-01-16 13:00:00,100000.0
2025-01-16 13:05:00,100000.0
2025-01-16 13:10:00,100000.0
2025-01-16 13:15:00,100000.0
2025-01-16 13:20:00,100000.0
2025-01-16 13:25:00,100000.0
2025-01-16 13:30:00,100000.0
2025-01-16 13:35:00,100000.0
2025-01-16 13:40:00,100000.0
2025-01-16 13:45:00,100000.0
2025-01-16 13:50:00,100000.0
2025-01-16 13:55:00,99997.81
2025-01-16 14:00:00,99997.81
2025-01-16 14:05:00,99997.81
2025-01-16 14:10:00,99997.81
2025-01-16 14:15:00,99997.81
2025-01-16 14:20:00,99997.81
2025-01-16 14:25:00,99997.81
2025-01-16 14:30:00,99997.81
2025-01-16 14:35:00,99997.81
2025-01-16 14:40:00,99997.81
2025-01-16 14:45:00,99997.81
2025-01-16 14:50:00,99997.81
2025-01-16 14:55:00,99997.81
2025-01-16 15:00:00,99997.81
2025-01-16 15:05:00,99997.81
2025-01-16 15:10:00,99997.81
2025-01-16 15:15:00,99997.81
2025-01-16 15:20:00,99997.81
2025-01-16 15:25:00,99997.81
2025-01-16 15:30:00,99997.81
2025-01-17 09:15:00,99997.81
2025-01-17 09:20:00,99997.81
2025-01-17 09:25:00,99997.81
2025-01-17 09:30:00,99997.81
2025-01-17 09:35:00,99997.81
2025-01-17 09:40:00,99997.81
2025-01-17 09:45:00,99997.81
2025-01-17 09:50:00,99997.81
2025-01-17 09:55:00,99997.81
2025-01-17 10:00:00,99997.81
2025-01-17 10:05:00,99997.81
2025-01-17 10:10:00,99997.81
2025-01-17 10:15:00,99997.81
2025-01-17 10:20:00,99997.81
2025-01-17 10:25:00,99997.81
2025-01-17 10:30:00,99997.81
2025-01-17 10:35:00,99997.81
2025-01-17 10:40:00,99997.81
2025-01-17 10:45:00,99997.81
2025-01-17 10:50:00,99997.81
2025-01-17 10:55:00,99997.81
2025-01-17 11:00:00,99997.81
2025-01-17 11:05:00,99997.81
2025-01-17 11:10:00,99997.81
2025-01-17 11:15:00,99997.81
2025-01-17 11:20:00,99997.81
2025-01-17 11:25:00,99997.81
2025-01-17 11:30:00,99997.81
2025-01-17 11:35:00,99997.81
2025-01-17 11:40:00,99997.81
2025-01-17 11:45:00,99997.81
2025-01-17 11:50:00,99997.81
2025-01-17 11:55:00,99997.81
2025-01-17 12:00:00,99997.81
2025-01-17 12:05:00,99997.81
2025-01-17 12:10:00,99997.81
2025-01-17 12:15:00,99997.81
2025-01-17 12:20:00,99997.81
2025-01-17 12:25:00,99997.81
2025-01-17 12:30:00,99997.81
2025-01-17 12:35:00,99997.81
2025-01-17 12:40:00,99997.81
2025-01-17 12:45:00,99997.81
2025-01-17 12:50:00,99997.81
2025-01-17 12:55:00,99997.81
2025-01-17 13:00:00,99997.81
2025-01-17 13:05:00,99997.81
2025-01-17 13:10:00,99997.81
2025-01-17 13:15:00,99997.81
2025-01-17 13:20:00,99997.81
2025-01-17 13:25:00,99997.81
2025-01-17 13:30:00,99997.81
2025-01-17 13:35:00,99997.81
2025-01-17 13:40:00,99997.81
2025-01-17 13:45:00,99960.34
2025-01-17 13:50:00,99960.34
2025-01-17 13:55:00,99960.34
2025-01-17 14:00:00,99960.34
2025-01-17 14:05:00,99960.34
2025-01-17 14:10:00,99960.34
2025-01-17 14:15:00,99960.34
2025-01-17 14:20:00,99960.34
2025-01-17 14:25:00,99960.34
2025-01-17 14:30:00,99960.34
2025-01-17 14:35:00,99960.34
2025-01-17 14:40:00,99960.34
2025-01-17 14:45:00,99960.34
2025-01-17 14:50:00,99960.34
2025-01-17 14:55:00,99960.34
2025-01-17 15:00:00,99960.34
2025-01-17 15:05:00,99960.34
2025-01-17 15:10:00,99960.34
2025-01-17 15:15:00,99960.34
2025-01-17 15:20:00,99960.34
2025-01-17 15:25:00,99960.34
2025-01-17 15:30:00,99960.34
2025-01-20 09:15:00,99960.34
2025-01-20 09:20:00,100048.20999999999
2025-01-20 09:25:00,100048.20999999999
2025-01-20 09:30:00,100048.20999999999
2025-01-20 09:35:00,100048.20999999999
2025-01-20 09:40:00,100048.20999999999
2025-01-20 09:45:00,100048.20999999999
2025-01-20 09:50:00,100048.20999999999
2025-01-20 09:55:00,100048.20999999999
2025-01-20 10:00:00,100048.20999999999
2025-01-20 10:05:00,100010.04
2025-01-20 10:10:00,100010.04
2025-01-20 10:15:00,100010.04
2025-01-20 10:20:00,100010.04
2025-01-20 10:25:00,100010.04
2025-01-20 10:30:00,100010.04
2025-01-20 10:35:00,100010.04
2025-01-20 10:40:00,100010.04
2025-01-20 10:45:00,100010.04
2025-01-20 10:50:00,100010.04
2025-01-20 10:55:00,100010.04
2025-01-20 11:00:00,100010.04
2025-01-20 11:05:00,100010.04
2025-01-20 11:10:00,100010.04
2025-01-20 11:15:00,100010.04
2025-01-20 11:20:00,100010.04
2025-01-20 11:25:00,100010.04
2025-01-20 11:30:00,100010.04
2025-01-20 11:35:00,100010.04
2025-01-20 11:40:00,100010.04
2025-01-20 11:45:00,100010.04
2025-01-20 11:50:00,100010.04
2025-01-20 11:55:00,100010.04
2025-01-20 12:00:00,100010.04
2025-01-20 12:05:00,100010.04
2025-01-20 12:10:00,99943.66
2025-01-20 12:15:00,99943.66
2025-01-20 12:20:00,99943.66
2025-01-20 12:25:00,99943.66
2025-01-20 12:30:00,99943.66
2025-01-20 12:35:00,99943.66
2025-01-20 12:40:00,99943.66
2025-01-20 12:45:00,99943.66
2025-01-20 12:50:00,99943.66
2025-01-20 12:55:00,99943.66
2025-01-20 13:00:00,99943.66
2025-01-20 13:05:00,99943.66
2025-01-20 13:10:00,99943.66
2025-01-20 13:15:00,99943.66
2025-01-20 13:20:00,99943.66
2025-01-20 13:25:00,99943.66
2025-01-20 13:30:00,99943.66
2025-01-20 13:35:00,99943.66
2025-01-20 13:40:00,99943.66
2025-01-20 13:45:00,99943.66
2025-01-20 13:50:00,99943.66
2025-01-20 13:55:00,99943.66
2025-01-20 14:00:00,99943.66
2025-01-20 14:05:00,99943.66
2025-01-20 14:10:00,99943.66
2025-01-20 14:15:00,99943.66
2025-01-20 14:20:00,99943.66
2025-01-20 14:25:00,99943.66
2025-01-20 14:30:00,99902.76999999999
2025-01-20 14:35:00,99902.76999999999
2025-01-20 14:40:00,99902.76999999999
2025-01-20 14:45:00,99902.76999999999
2025-01-20 14:50:00,99902.76999999999
2025-01-20 14:55:00,99902.76999999999
2025-01-20 15:00:00,99902.76999999999
2025-01-20 15:05:00,99902.76999999999
2025-01-20 15:10:00,99902.76999999999
2025-01-20 15:15:00,99902.76999999999
2025-01-20 15:20:00,99902.76999999999
2025-01-20 15:25:00,99902.76999999999
2025-01-20 15:30:00,99902.76999999999
2025-01-21 09:15:00,99902.76999999999
2025-01-21 09:20:00,99902.76999999999
2025-01-21 09:25:00,99902.76999999999
2025-01-21 09:30:00,99902.76999999999
2025-01-21 09:35:00,99902.76999999999
2025-01-21 09:40:00,99902.76999999999
2025-01-21 09:45:00,99902.76999999999
2025-01-21 09:50:00,99902.76999999999
2025-01-21 09:55:00,99902.76999999999
2025-01-21 10:00:00,99902.76999999999
2025-01-21 10:05:00,99902.76999999999
2025-01-21 10:10:00,99902.76999999999
2025-01-21 10:15:00,99902.76999999999
2025-01-21 10:20:00,99902.76999999999
2025-01-21 10:25:00,99902.76999999999
2025-01-21 10:30:00,99902.76999999999
2025-01-21 10:35:00,99902.76999999999
2025-01-21 10:40:00,99902.76999999999
2025-01-21 10:45:00,99902.76999999999
2025-01-21 10:50:00,99902.76999999999
2025-01-21 10:55:00,99902.76999999999
2025-01-21 11:00:00,99902.76999999999
2025-01-21 11:05:00,99902.76999999999
2025-01-21 11:10:00,99902.76999999999
2025-01-21 11:15:00,99902.76999999999
2025-01-21 11:20:00,99902.76999999999
2025-01-21 11:25:00,99902.76999999999
2025-01-21 11:30:00,99902.76999999999
2025-01-21 11:35:00,99902.76999999999
2025-01-21 11:40:00,99902.76999999999
2025-01-21 11:45:00,99902.76999999999
2025-01-21 11:50:00,99902.76999999999
2025-01-21 11:55:00,99902.76999999999
2025-01-21 12:00:00,99902.76999999999
2025-01-21 12:05:00,99902.76999999999
2025-01-21 12:10:00,99902.76999999999
2025-01-21 12:15:00,99902.76999999999
2025-01-21 12:20:00,100030.01
2025-01-21 12:25:00,100030.01
2025-01-21 12:30:00,100030.01
2025-01-21 12:35:00,100030.01
2025-01-21 12:40:00,100030.01
2025-01-21 12:45:00,100030.01
2025-01-21 12:50:00,100030.01
2025-01-21 12:55:00,100030.01
2025-01-21 13:00:00,100030.01
2025-01-21 13:05:00,100030.01
2025-01-21 13:10:00,100030.01
2025-01-21 13:15:00,100030.01
2025-01-21 13:20:00,100030.01
2025-01-21 13:25:00,100030.01
2025-01-21 13:30:00,100030.01
2025-01-21 13:35:00,100030.01
2025-01-21 13:40:00,100030.01
2025-01-21 13:45:00,100030.01
2025-01-21 13:50:00,100030.01
2025-01-21 13:55:00,100030.01
2025-01-21 14:00:00,100030.01
2025-01-21 14:05:00,100030.01
2025-01-21 14:10:00,100030.01
2025-01-21 14:15:00,100030.01
2025-01-21 14:20:00,100030.01
2025-01-21 14:25:00,100030.01
2025-01-21 14:30:00,100030.01
2025-01-21 14:35:00,100030.01
2025-01-21 14:40:00,100030.01
2025-01-21 14:45:00,100030.01
2025-01-21 14:50:00,100030.01
2025-01-21 14:55:00,100030.01
2025-01-21 15:00:00,100030.01
2025-01-21 15:05:00,100030.01
2025-01-21 15:10:00,100030.01
2025-01-21 15:15:00,100030.01
2025-01-21 15:20:00,100030.01
2025-01-21 15:25:00,100030.01
2025-01-21 15:30:00,100030.01
2025-01-22 09:15:00,100030.01
2025-01-22 09:20:00,100030.01
2025-01-22 09:25:00,100030.01
2025-01-22 09:30:00,100030.01
2025-01-22 09:35:00,100030.01
2025-01-22 09:40:00,100055.15
2025-01-22 09:45:00,100055.15
2025-01-22 09:50:00,100055.15
2025-01-22 09:55:00,100055.15
2025-01-22 10:00:00,100055.15
2025-01-22 10:05:00,100055.15
2025-01-22 10:10:00,100055.15
2025-01-22 10:15:00,100055.15
2025-01-22 10:20:00,100007.66
2025-01-22 10:25:00,100007.66
2025-01-22 10:30:00,100007.66
2025-01-22 10:35:00,100007.66
2025-01-22 10:40:00,100007.66
2025-01-22 10:45:00,100007.66
2025-01-22 10:50:00,100007.66
2025-01-22 10:55:00,100007.66
2025-01-22 11:00:00,100007.66
2025-01-22 11:05:00,100007.66
2025-01-22 11:10:00,100007.66
2025-01-22 11:15:00,99994.82999999999
2025-01-22 11:20:00,99994.82999999999
2025-01-22 11:25:00,99994.82999999999
2025-01-22 11:30:00,99994.82999999999
2025-01-22 11:35:00,99994.82999999999
2025-01-22 11:40:00,99994.82999999999
2025-01-22 11:45:00,99994.82999999999
2025-01-22 11:50:00,99994.82999999999
2025-01-22 11:55:00,99994.82999999999
2025-01-22 12:00:00,99994.82999999999
2025-01-22 12:05:00,99994.82999999999
2025-01-22 12:10:00,99994.82999999999
2025-01-22 12:15:00,99994.82999999999
2025-01-22 12:20:00,99994.82999999999
2025-01-22 12:25:00,99994.82999999999
2025-01-22 12:30:00,99994.82999999999
2025-01-22 12:35:00,99994.82999999999
2025-01-22 12:40:00,99994.82999999999
2025-01-22 12:45:00,99994.82999999999
2025-01-22 12:50:00,99994.82999999999
2025-01-22 12:55:00,99994.82999999999
2025-01-22 13:00:00,99994.82999999999
2025-01-22 13:05:00,99994.82999999999
2025-01-22 13:10:00,99994.82999999999
2025-01-22 13:15:00,99994.82999999999
2025-01-22 13:20:00,99994.82999999999
2025-01-22 13:25:00,99994.82999999999
2025-01-22 13:30:00,99994.82999999999
2025-01-22 13:35:00,99994.82999999999
2025-01-22 13:40:00,99994.82999999999
2025-01-22 13:45:00,100068.16
2025-01-22 13:50:00,100068.16
2025-01-22 13:55:00,100068.16
2025-01-22 14:00:00,100068.16
2025-01-22 14:05:00,100068.16
2025-01-22 14:10:00,100068.16
2025-01-22 14:15:00,100035.39
2025-01-22 14:20:00,100035.39
2025-01-22 14:25:00,100035.39
2025-01-22 14:30:00,100035.39
2025-01-22 14:35:00,100035.39
2025-01-22 14:40:00,100035.39
2025-01-22 14:45:00,100035.39
2025-01-22 14:50:00,100035.39
2025-01-22 14:55:00,100035.39
2025-01-22 15:00:00,100035.39
2025-01-22 15:05:00,100035.39
2025-01-22 15:10:00,100035.39
2025-01-22 15:15:00,100035.39
2025-01-22 15:20:00,100035.39
2025-01-22 15:25:00,100035.39
2025-01-22 15:30:00,100035.39
2025-01-23 09:15:00,100035.39
2025-01-23 09:20:00,100035.39
2025-01-23 09:25:00,100035.39
2025-01-23 09:30:00,100035.39
2025-01-23 09:35:00,100035.39
2025-01-23 09:40:00,100035.39
2025-01-23 09:45:00,100035.39
2025-01-23 09:50:00,100035.39
2025-01-23 09:55:00,100035.39
2025-01-23 10:00:00,100035.39
2025-01-23 10:05:00,100035.39
2025-01-23 10:10:00,100035.39
2025-01-23 10:15:00,100035.39
2025-01-23 10:20:00,100035.39
2025-01-23 10:25:00,100035.39
2025-01-23 10:30:00,100035.39
2025-01-23 10:35:00,100035.39
2025-01-23 10:40:00,100035.39
2025-01-23 10:45:00,100035.39
2025-01-23 10:50:00,100035.39
2025-01-23 10:55:00,100035.39
2025-01-23 11:00:00,100035.39
2025-01-23 11:05:00,100035.39
2025-01-23 11:10:00,100035.39
2025-01-23 11:15:00,100035.39
2025-01-23 11:20:00,100035.39
2025-01-23 11:25:00,100035.39
2025-01-23 11:30:00,100035.39
2025-01-23 11:35:00,100035.39
2025-01-23 11:40:00,100035.39
2025-01-23 11:45:00,99966.59
2025-01-23 11:50:00,99966.59
2025-01-23 11:55:00,99966.59
2025-01-23 12:00:00,99966.59
2025-01-23 12:05:00,99966.59
2025-01-23 12:10:00,99966.59
2025-01-23 12:15:00,99966.59
2025-01-23 12:20:00,99966.59
2025-01-23 12:25:00,99966.59
2025-01-23 12:30:00,99966.59
2025-01-23 12:35:00,99966.59
2025-01-23 12:40:00,99966.59
2025-01-23 12:45:00,99966.59
2025-01-23 12:50:00,99966.59
2025-01-23 12:55:00,99922.84
2025-01-23 13:00:00,99922.84
2025-01-23 13:05:00,99922.84
2025-01-23 13:10:00,99922.84
2025-01-23 13:15:00,99922.84
2025-01-23 13:20:00,99922.84
2025-01-23 13:25:00,99878.01999999999
2025-01-23 13:30:00,99878.01999999999
2025-01-23 13:35:00,99878.01999999999
2025-01-23 13:40:00,99878.01999999999
2025-01-23 13:45:00,99878.01999999999
2025-01-23 13:50:00,99878.01999999999
2025-01-23 13:55:00,99878.01999999999
2025-01-23 14:00:00,99878.01999999999
2025-01-23 14:05:00,99878.01999999999
2025-01-23 14:10:00,99878.01999999999
2025-01-23 14:15:00,99878.01999999999
2025-01-23 14:20:00,99878.01999999999
2025-01-23 14:25:00,99878.01999999999
2025-01-23 14:30:00,99878.01999999999
2025-01-23 14:35:00,99878.01999999999
2025-01-23 14:40:00,99878.01999999999
2025-01-23 14:45:00,99878.01999999999
2025-01-23 14:50:00,99878.01999999999
2025-01-23 14:55:00,99878.01999999999
2025-01-23 15:00:00,99878.01999999999
2025-01-23 15:05:00,99878.01999999999
2025-01-23 15:10:00,99878.01999999999
2025-01-23 15:15:00,99878.01999999999
2025-01-23 15:20:00,99878.01999999999
2025-01-23 15:25:00,99878.01999999999
2025-01-23 15:30:00,99878.01999999999
2025-01-24 09:15:00,99878.01999999999
2025-01-24 09:20:00,99878.01999999999
2025-01-24 09:25:00,99878.01999999999
2025-01-24 09:30:00,99878.01999999999
2025-01-24 09:35:00,99878.01999999999
2025-01-24 09:40:00,99878.01999999999
2025-01-24 09:45:00,99878.01999999999
2025-01-24 09:50:00,99878.01999999999
2025-01-24 09:55:00,99878.01999999999
2025-01-24 10:00:00,99878.01999999999
2025-01-24 10:05:00,99878.01999999999
2025-01-24 10:10:00,99878.01999999999
2025-01-24 10:15:00,99878.01999999999
2025-01-24 10:20:00,99878.01999999999
2025-01-24 10:25:00,99878.01999999999
2025-01-24 10:30:00,99878.01999999999
2025-01-24 10:35:00,99878.01999999999
2025-01-24 10:40:00,99878.01999999999
2025-01-24 10:45:00,99878.01999999999
2025-01-24 10:50:00,99878.01999999999
2025-01-24 10:55:00,99878.01999999999
2025-01-24 11:00:00,99878.01999999999
2025-01-24 11:05:00,99878.01999999999
2025-01-24 11:10:00,99878.01999999999
2025-01-24 11:15:00,99878.01999999999
2025-01-24 11:20:00,99878.01999999999
2025-01-24 11:25:00,99878.01999999999
2025-01-24 11:30:00,99878.01999999999
2025-01-24 11:35:00,99878.01999999999
2025-01-24 11:40:00,99878.01999999999
2025-01-24 11:45:00,99878.01999999999
2025-01-24 11:50:00,99878.01999999999
2025-01-24 11:55:00,99878.01999999999
2025-01-24 12:00:00,99878.01999999999
2025-01-24 12:05:00,99878.01999999999
2025-01-24 12:10:00,99878.01999999999
2025-01-24 12:15:00,99878.01999999999
2025-01-24 12:20:00,99814.11
2025-01-24 12:25:00,99814.11
2025-01-24 12:30:00,99814.11
2025-01-24 12:35:00,99814.11
2025-01-24 12:40:00,99814.11
2025-01-24 12:45:00,99814.11
2025-01-24 12:50:00,99814.11
2025-01-24 12:55:00,99814.11
2025-01-24 13:00:00,99814.11
2025-01-24 13:05:00,99814.11
2025-01-24 13:10:00,99814.11
2025-01-24 13:15:00,99814.11
2025-01-24 13:20:00,99814.11
2025-01-24 13:25:00,99814.11
2025-01-24 13:30:00,99814.11
2025-01-24 13:35:00,99814.11
2025-01-24 13:40:00,99814.11
2025-01-24 13:45:00,99814.11
2025-01-24 13:50:00,99814.11
2025-01-24 13:55:00,99814.11
2025-01-24 14:00:00,99814.11
2025-01-24 14:05:00,99814.11
2025-01-24 14:10:00,99814.11
2025-01-24 14:15:00,99814.11
2025-01-24 14:20:00,99814.11
2025-01-24 14:25:00,99814.11
2025-01-24 14:30:00,99814.11
2025-01-24 14:35:00,99814.11
2025-01-24 14:40:00,99814.11
2025-01-24 14:45:00,99814.11
2025-01-24 14:50:00,99782.83
2025-01-24 14:55:00,99782.83
2025-01-24 15:00:00,99782.83
2025-01-24 15:05:00,99770.64
2025-01-24 15:10:00,99770.64
2025-01-24 15:15:00,99770.64
2025-01-24 15:20:00,99770.64
2025-01-24 15:25:00,99770.64
2025-01-24 15:30:00,99770.64
2025-01-27 09:15:00,99770.64
2025-01-27 09:20:00,99770.64
2025-01-27 09:25:00,99770.64
2025-01-27 09:30:00,99770.64
2025-01-27 09:35:00,99770.64
2025-01-27 09:40:00,99770.64
2025-01-27 09:45:00,99770.64
2025-01-27 09:50:00,99770.64
2025-01-27 09:55:00,99770.64
2025-01-27 10:00:00,99770.64
2025-01-27 10:05:00,99770.64
2025-01-27 10:10:00,99770.64
2025-01-27 10:15:00,99770.64
2025-01-27 10:20:00,99770.64
2025-01-27 10:25:00,99770.64
2025-01-27 10:30:00,99770.64
2025-01-27 10:35:00,99770.64
2025-01-27 10:40:00,99770.64
2025-01-27 10:45:00,99770.64
2025-01-27 10:50:00,99770.64
2025-01-27 10:55:00,99770.64
2025-01-27 11:00:00,99770.64
2025-01-27 11:05:00,99770.64
2025-01-27 11:10:00,99770.64
2025-01-27 11:15:00,99770.64
2025-01-27 11:20:00,99770.64
2025-01-27 11:25:00,99770.64
2025-01-27 11:30:00,99770.64
2025-01-27 11:35:00,99770.64
2025-01-27 11:40:00,99901.79000000001
2025-01-27 11:45:00,99901.79000000001
2025-01-27 11:50:00,99901.79000000001
2025-01-27 11:55:00,99901.79000000001
2025-01-27 12:00:00,99901.79000000001
2025-01-27 12:05:00,99901.79000000001
2025-01-27 12:10:00,99901.79000000001
2025-01-27 12:15:00,99901.79000000001
2025-01-27 12:20:00,99901.79000000001
2025-01-27 12:25:00,99901.79000000001
2025-01-27 12:30:00,99901.79000000001
2025-01-27 12:35:00,99901.79000000001
2025-01-27 12:40:00,99901.79000000001
2025-01-27 12:45:00,99901.79000000001
2025-01-27 12:50:00,99901.79000000001
2025-01-27 12:55:00,99901.79000000001
2025-01-27 13:00:00,99901.79000000001
2025-01-27 13:05:00,99901.79000000001
2025-01-27 13:10:00,99932.53
2025-01-27 13:15:00,99932.53
2025-01-27 13:20:00,99932.53
2025-01-27 13:25:00,99932.53
2025-01-27 13:30:00,99932.53
2025-01-27 13:35:00,99932.53
2025-01-27 13:40:00,99932.53
2025-01-27 13:45:00,99932.53
2025-01-27 13:50:00,99932.53
2025-01-27 13:55:00,99932.53
2025-01-27 14:00:00,99932.53
2025-01-27 14:05:00,99932.53
2025-01-27 14:10:00,99932.53
2025-01-27 14:15:00,99932.53
2025-01-27 14:20:00,99932.53
2025-01-27 14:25:00,99932.53
2025-01-27 14:30:00,99932.53
2025-01-27 14:35:00,99932.53
2025-01-27 14:40:00,99932.53
2025-01-27 14:45:00,99932.53
2025-01-27 14:50:00,99932.53
2025-01-27 14:55:00,99932.53
2025-01-27 15:00:00,99932.53
2025-01-27 15:05:00,99932.53
2025-01-27 15:10:00,99932.53
2025-01-27 15:15:00,99932.53
2025-01-27 15:20:00,99932.53
2025-01-27 15:25:00,99932.53
2025-01-27 15:30:00,99932.53
2025-01-28 09:15:00,99932.53
2025-01-28 09:20:00,99932.53
2025-01-28 09:25:00,99932.53
2025-01-28 09:30:00,99932.53
2025-01-28 09:35:00,99932.53
2025-01-28 09:40:00,99932.53
2025-01-28 09:45:00,99932.53
2025-01-28 09:50:00,99932.53
2025-01-28 09:55:00,99948.49
2025-01-28 10:00:00,99948.49
2025-01-28 10:05:00,99948.49
2025-01-28 10:10:00,99948.49
2025-01-28 10:15:00,99948.49
2025-01-28 10:20:00,99948.49
2025-01-28 10:25:00,99948.49
2025-01-28 10:30:00,99948.49
2025-01-28 10:35:00,99948.49
2025-01-28 10:40:00,99948.49
2025-01-28 10:45:00,99948.49
2025-01-28 10:50:00,99948.49
2025-01-28 10:55:00,99948.49
2025-01-28 11:00:00,99948.49
2025-01-28 11:05:00,99948.49
2025-01-28 11:10:00,99948.49
2025-01-28 11:15:00,99948.49
2025-01-28 11:20:00,99948.49
2025-01-28 11:25:00,99948.49
2025-01-28 11:30:00,99948.49
2025-01-28 11:35:00,99948.49
2025-01-28 11:40:00,99948.49
2025-01-28 11:45:00,99948.49
2025-01-28 11:50:00,99948.49
2025-01-28 11:55:00,99948.49
2025-01-28 12:00:00,99944.07
2025-01-28 12:05:00,99944.07
2025-01-28 12:10:00,99944.07
2025-01-28 12:15:00,99944.07
2025-01-28 12:20:00,99944.07
2025-01-28 12:25:00,99944.07
2025-01-28 12:30:00,99944.07
2025-01-28 12:35:00,99944.07
2025-01-28 12:40:00,99944.07
2025-01-28 12:45:00,99944.07
2025-01-28 12:50:00,99944.07
2025-01-28 12:55:00,99944.07
2025-01-28 13:00:00,99944.07
2025-01-28 13:05:00,99944.07
2025-01-28 13:10:00,99944.07
2025-01-28 13:15:00,99944.07
2025-01-28 13:20:00,99944.07
2025-01-28 13:25:00,99944.07
2025-01-28 13:30:00,99944.07
2025-01-28 13:35:00,99944.07
2025-01-28 13:40:00,99944.07
2025-01-28 13:45:00,99944.07
2025-01-28 13:50:00,99902.02
2025-01-28 13:55:00,99902.02
2025-01-28 14:00:00,99902.02
2025-01-28 14:05:00,99902.02
2025-01-28 14:10:00,99902.02
2025-01-28 14:15:00,99902.02
2025-01-28 14:20:00,99902.02
2025-01-28 14:25:00,99902.02
2025-01-28 14:30:00,99902.02
2025-01-28 14:35:00,99902.02
2025-01-28 14:40:00,99902.02
2025-01-28 14:45:00,99902.02
2025-01-28 14:50:00,99902.02
2025-01-28 14:55:00,99902.02
2025-01-28 15:00:00,99902.02
2025-01-28 15:05:00,99902.02
2025-01-28 15:10:00,99902.02
2025-01-28 15:15:00,99902.02
2025-01-28 15:20:00,99902.02
2025-01-28 15:25:00,99902.02
2025-01-28 15:30:00,99902.02
2025-01-29 09:15:00,99902.02
2025-01-29 09:20:00,99902.02
2025-01-29 09:25:00,99902.02
2025-01-29 09:30:00,99912.08
2025-01-29 09:35:00,99912.08
2025-01-29 09:40:00,99912.08
2025-01-29 09:45:00,99912.08
2025-01-29 09:50:00,99912.08
2025-01-29 09:55:00,99912.08
2025-01-29 10:00:00,99912.08
2025-01-29 10:05:00,99912.08
2025-01-29 10:10:00,99912.08
2025-01-29 10:15:00,99912.08
2025-01-29 10:20:00,99912.08
2025-01-29 10:25:00,99912.08
2025-01-29 10:30:00,99912.08
2025-01-29 10:35:00,99912.08
2025-01-29 10:40:00,99912.08
2025-01-29 10:45:00,99912.08
2025-01-29 10:50:00,99912.08
2025-01-29 10:55:00,99912.08
2025-01-29 11:00:00,99912.08
2025-01-29 11:05:00,99912.08
2025-01-29 11:10:00,99912.08
2025-01-29 11:15:00,99912.08
2025-01-29 11:20:00,99912.08
2025-01-29 11:25:00,99912.08
2025-01-29 11:30:00,99912.08
2025-01-29 11:35:00,99912.08
2025-01-29 11:40:00,99912.08
2025-01-29 11:45:00,99912.08
2025-01-29 11:50:00,99912.08
2025-01-29 11:55:00,99912.08
2025-01-29 12:00:00,99912.08
2025-01-29 12:05:00,99912.08
2025-01-29 12:10:00,99912.08
2025-01-29 12:15:00,99912.08
2025-01-29 12:20:00,99912.08
2025-01-29 12:25:00,99912.08
2025-01-29 12:30:00,99912.08
2025-01-29 12:35:00,99912.08
2025-01-29 12:40:00,99912.08
2025-01-29 12:45:00,99912.08
2025-01-29 12:50:00,99912.08
2025-01-29 12:55:00,99912.08
2025-01-29 13:00:00,99912.08
2025-01-29 13:05:00,99912.08
2025-01-29 13:10:00,99912.08
2025-01-29 13:15:00,99912.08
2025-01-29 13:20:00,99897.5
2025-01-29 13:25:00,99897.5
2025-01-29 13:30:00,99897.5
2025-01-29 13:35:00,99897.5
2025-01-29 13:40:00,99897.5
2025-01-29 13:45:00,99888.72
2025-01-29 13:50:00,99888.72
2025-01-29 13:55:00,99888.72
2025-01-29 14:00:00,99888.72
2025-01-29 14:05:00,99888.72
2025-01-29 14:10:00,99888.72
2025-01-29 14:15:00,99888.72
2025-01-29 14:20:00,99888.72
2025-01-29 14:25:00,99888.72
2025-01-29 14:30:00,99888.72
2025-01-29 14:35:00,99888.72
2025-01-29 14:40:00,99888.72
2025-01-29 14:45:00,99888.72
2025-01-29 14:50:00,99888.72
2025-01-29 14:55:00,99888.72
2025-01-29 15:00:00,99888.72
2025-01-29 15:05:00,99888.72
2025-01-29 15:10:00,99888.72
2025-01-29 15:15:00,99888.72
2025-01-29 15:20:00,99888.72
2025-01-29 15:25:00,99888.72
2025-01-29 15:30:00,99888.72
2025-01-30 09:15:00,99888.72
2025-01-30 09:20:00,99888.72
2025-01-30 09:25:00,99888.72
2025-01-30 09:30:00,99888.72
2025-01-30 09:35:00,99888.72
2025-01-30 09:40:00,99888.72
2025-01-30 09:45:00,99847.98
2025-01-30 09:50:00,99847.98
2025-01-30 09:55:00,99847.98
2025-01-30 10:00:00,99832.14
2025-01-30 10:05:00,99832.14
2025-01-30 10:10:00,99832.14
2025-01-30 10:15:00,99832.14
2025-01-30 10:20:00,99832.14
2025-01-30 10:25:00,99832.14
2025-01-30 10:30:00,99832.14
2025-01-30 10:35:00,99832.14
2025-01-30 10:40:00,99832.14
2025-01-30 10:45:00,99832.14
2025-01-30 10:50:00,99832.14
2025-01-30 10:55:00,99832.14
2025-01-30 11:00:00,99832.14
2025-01-30 11:05:00,99832.14
2025-01-30 11:10:00,99832.14
2025-01-30 11:15:00,99832.14
2025-01-30 11:20:00,99832.14
2025-01-30 11:25:00,99832.14
2025-01-30 11:30:00,99832.14
2025-01-30 11:35:00,99832.14
2025-01-30 11:40:00,99832.14
2025-01-30 11:45:00,99832.14
2025-01-30 11:50:00,99832.14
2025-01-30 11:55:00,99832.14
2025-01-30 12:00:00,99832.14
2025-01-30 12:05:00,99832.14
2025-01-30 12:10:00,99832.14
2025-01-30 12:15:00,99832.14
2025-01-30 12:20:00,99832.14
2025-01-30 12:25:00,99832.14
2025-01-30 12:30:00,99832.14
2025-01-30 12:35:00,99832.14
2025-01-30 12:40:00,99832.14
2025-01-30 12:45:00,99832.14
2025-01-30 12:50:00,99832.14
2025-01-30 12:55:00,99832.14
2025-01-30 13:00:00,99832.14
2025-01-30 13:05:00,99832.14
2025-01-30 13:10:00,99832.14
2025-01-30 13:15:00,99832.14
2025-01-30 13:20:00,99832.14
2025-01-30 13:25:00,99832.14
2025-01-30 13:30:00,99832.14
2025-01-30 13:35:00,99832.14
2025-01-30 13:40:00,99832.14
2025-01-30 13:45:00,99832.14
2025-01-30 13:50:00,99832.14
2025-01-30 13:55:00,99832.14
2025-01-30 14:00:00,99832.14
2025-01-30 14:05:00,99832.14
2025-01-30 14:10:00,99832.14
2025-01-30 14:15:00,99832.14
2025-01-30 14:20:00,99832.14
2025-01-30 14:25:00,99832.14
2025-01-30 14:30:00,99832.14
2025-01-30 14:35:00,99832.14
2025-01-30 14:40:00,99832.14
2025-01-30 14:45:00,99832.14
2025-01-30 14:50:00,99832.14
2025-01-30 14:55:00,99832.14
2025-01-30 15:00:00,99832.14
2025-01-30 15:05:00,99832.14
2025-01-30 15:10:00,99832.14
2025-01-30 15:15:00,99832.14
2025-01-30 15:20:00,99832.14
2025-01-30 15:25:00,99832.14
2025-01-30 15:30:00,99832.14
2025-01-31 09:15:00,99832.14
2025-01-31 09:20:00,99832.14
2025-01-31 09:25:00,99832.14
2025-01-31 09:30:00,99832.14
2025-01-31 09:35:00,99832.14
2025-01-31 09:40:00,99832.14
2025-01-31 09:45:00,99832.14
2025-01-31 09:50:00,99832.14
2025-01-31 09:55:00,99832.14
2025-01-31 10:00:00,99832.14
2025-01-31 10:05:00,99832.14
2025-01-31 10:10:00,99832.14
2025-01-31 10:15:00,99832.14
2025-01-31 10:20:00,99832.14
2025-01-31 10:25:00,99832.14
2025-01-31 10:30:00,99832.14
2025-01-31 10:35:00,99832.14
2025-01-31 10:40:00,99832.14
2025-01-31 10:45:00,99832.14
2025-01-31 10:50:00,99832.14
2025-01-31 10:55:00,99832.14
2025-01-31 11:00:00,99832.14
2025-01-31 11:05:00,99832.14
2025-01-31 11:10:00,99832.14
2025-01-31 11:15:00,99832.14
2025-01-31 11:20:00,99832.14
2025-01-31 11:25:00,99832.14
2025-01-31 11:30:00,99832.14
2025-01-31 11:35:00,99832.14
2025-01-31 11:40:00,99832.14
2025-01-31 11:45:00,99832.14
2025-01-31 11:50:00,99832.14
2025-01-31 11:55:00,99832.14
2025-01-31 12:00:00,99832.14
2025-01-31 12:05:00,99832.14
2025-01-31 12:10:00,99832.14
2025-01-31 12:15:00,99832.14
2025-01-31 12:20:00,99832.14
2025-01-31 12:25:00,99832.14
2025-01-31 12:30:00,99832.14
2025-01-31 12:35:00,99832.14
2025-01-31 12:40:00,99832.14
2025-01-31 12:45:00,99832.14
2025-01-31 12:50:00,99832.14
2025-01-31 12:55:00,99832.14
2025-01-31 13:00:00,99832.14
2025-01-31 13:05:00,99832.14
2025-01-31 13:10:00,99832.14
2025-01-31 13:15:00,99832.14
2025-01-31 13:20:00,99832.14
2025-01-31 13:25:00,99832.14
2025-01-31 13:30:00,99832.14
2025-01-31 13:35:00,99832.14
2025-01-31 13:40:00,99832.14
2025-01-31 13:45:00,99832.14
2025-01-31 13:50:00,99832.14
2025-01-31 13:55:00,99832.14
2025-01-31 14:00:00,99832.14
2025-01-31 14:05:00,99832.14
2025-01-31 14:10:00,99832.14
2025-01-31 14:15:00,99832.14
2025-01-31 14:20:00,99832.14
2025-01-31 14:25:00,99832.14
2025-01-31 14:30:00,99832.14
2025-01-31 14:35:00,99832.14
2025-01-31 14:40:00,99832.14
2025-01-31 14:45:00,99832.14
2025-01-31 14:50:00,99832.14
2025-01-31 14:55:00,99832.14
2025-01-31 15:00:00,99832.14
2025-01-31 15:05:00,99832.14
2025-01-31 15:10:00,99832.14
2025-01-31 15:15:00,99832.14
2025-01-31 15:20:00,99832.14
2025-01-31 15:25:00,99832.14
2025-01-31 15:30:00,99832.14
2025-02-03 09:15:00,99832.14
2025-02-03 09:20:00,99832.14
2025-02-03 09:25:00,99832.14
2025-02-03 09:30:00,99832.14
2025-02-03 09:35:00,99832.14
2025-02-03 09:40:00,99832.14
2025-02-03 09:45:00,99832.14
2025-02-03 09:50:00,99832.14
2025-02-03 09:55:00,99832.14
2025-02-03 10:00:00,99832.14
2025-02-03 10:05:00,99832.14
2025-02-03 10:10:00,99832.14
2025-02-03 10:15:00,99832.14
2025-02-03 10:20:00,99832.14
2025-02-03 10:25:00,99832.14
2025-02-03 10:30:00,99832.14
2025-02-03 10:35:00,99832.14
2025-02-03 10:40:00,99832.14
2025-02-03 10:45:00,99832.14
2025-02-03 10:50:00,99832.14
2025-02-03 10:55:00,99832.14
2025-02-03 11:00:00,99832.14
2025-02-03 11:05:00,99832.14
2025-02-03 11:10:00,99832.14
2025-02-03 11:15:00,99832.14
2025-02-03 11:20:00,99832.14
2025-02-03 11:25:00,99832.14
2025-02-03 11:30:00,99832.14
2025-02-03 11:35:00,99832.14
2025-02-03 11:40:00,99832.14
2025-02-03 11:45:00,99832.14
2025-02-03 11:50:00,99832.14
2025-02-03 11:55:00,99832.14
2025-02-03 12:00:00,99832.14
2025-02-03 12:05:00,99832.14
2025-02-03 12:10:00,99832.14
2025-02-03 12:15:00,99832.14
2025-02-03 12:20:00,99832.14
2025-02-03 12:25:00,99832.14
2025-02-03 12:30:00,99832.14
2025-02-03 12:35:00,99832.14
2025-02-03 12:40:00,99832.14
2025-02-03 12:45:00,99832.14
2025-02-03 12:50:00,99832.14
2025-02-03 12:55:00,99832.14
2025-02-03 13:00:00,99832.14
2025-02-03 13:05:00,99832.14
2025-02-03 13:10:00,99832.14
2025-02-03 13:15:00,99832.14
2025-02-03 13:20:00,99832.14
2025-02-03 13:25:00,99832.14
2025-02-03 13:30:00,99832.14
2025-02-03 13:35:00,99832.14
2025-02-03 13:40:00,99832.14
2025-02-03 13:45:00,99832.14
2025-02-03 13:50:00,99832.14
2025-02-03 13:55:00,99832.14
2025-02-03 14:00:00,99832.14
2025-02-03 14:05:00,99832.14
2025-02-03 14:10:00,99832.14
2025-02-03 14:15:00,99832.14
2025-02-03 14:20:00,99832.14
2025-02-03 14:25:00,99832.14
2025-02-03 14:30:00,99832.14
2025-02-03 14:35:00,99832.14
2025-02-03 14:40:00,99832.14
2025-02-03 14:45:00,99832.14
2025-02-03 14:50:00,99832.14
2025-02-03 14:55:00,99832.14
2025-02-03 15:00:00,99832.14
2025-02-03 15:05:00,99832.14
2025-02-03 15:10:00,99832.14
2025-02-03 15:15:00,99832.14
2025-02-03 15:20:00,99832.14
2025-02-03 15:25:00,99832.14
2025-02-03 15:30:00,99832.14
2025-02-04 09:15:00,99832.14
2025-02-04 09:20:00,99832.14
2025-02-04 09:25:00,99832.14
2025-02-04 09:30:00,99832.14
2025-02-04 09:35:00,99832.14
2025-02-04 09:40:00,99832.14
2025-02-04 09:45:00,99832.14
2025-02-04 09:50:00,99832.14
2025-02-04 09:55:00,99832.14
2025-02-04 10:00:00,99832.14
2025-02-04 10:05:00,99832.14
2025-02-04 10:10:00,99832.14
2025-02-04 10:15:00,99832.14
2025-02-04 10:20:00,99832.14
2025-02-04 10:25:00,99832.14
2025-02-04 10:30:00,99832.14
2025-02-04 10:35:00,99832.14
2025-02-04 10:40:00,99832.14
2025-02-04 10:45:00,99832.14
2025-02-04 10:50:00,99832.14
2025-02-04 10:55:00,99832.14
2025-02-04 11:00:00,99832.14
2025-02-04 11:05:00,99832.14
2025-02-04 11:10:00,99832.14
2025-02-04 11:15:00,99832.14
2025-02-04 11:20:00,99832.14
2025-02-04 11:25:00,99832.14
2025-02-04 11:30:00,99832.14
2025-02-04 11:35:00,99832.14
2025-02-04 11:40:00,99832.14
2025-02-04 11:45:00,99832.14
2025-02-04 11:50:00,99832.14
2025-02-04 11:55:00,99832.14
2025-02-04 12:00:00,99832.14
2025-02-04 12:05:00,99832.14
2025-02-04 12:10:00,99832.14
2025-02-04 12:15:00,99832.14
2025-02-04 12:20:00,99832.14
2025-02-04 12:25:00,99832.14
2025-02-04 12:30:00,99832.14
2025-02-04 12:35:00,99832.14
2025-02-04 12:40:00,99832.14
2025-02-04 12:45:00,99832.14
2025-02-04 12:50:00,99832.14
2025-02-04 12:55:00,99832.14
2025-02-04 13:00:00,99832.14
2025-02-04 13:05:00,99832.14
2025-02-04 13:10:00,99832.14
2025-02-04 13:15:00,99832.14
2025-02-04 13:20:00,99832.14
2025-02-04 13:25:00,99832.14
2025-02-04 13:30:00,99832.14
2025-02-04 13:35:00,99832.14
2025-02-04 13:40:00,99832.14
2025-02-04 13:45:00,99832.14
2025-02-04 13:50:00,99832.14
2025-02-04 13:55:00,99832.14
2025-02-04 14:00:00,99832.14
2025-02-04 14:05:00,99832.14
2025-02-04 14:10:00,99832.14
2025-02-04 14:15:00,99832.14
2025-02-04 14:20:00,99832.14
2025-02-04 14:25:00,99832.14
2025-02-04 14:30:00,99832.14
2025-02-04 14:35:00,99832.14
2025-02-04 14:40:00,99832.14
2025-02-04 14:45:00,99832.14
2025-02-04 14:50:00,99832.14
2025-02-04 14:55:00,99832.14
2025-02-04 15:00:00,99832.14
2025-02-04 15:05:00,99832.14
2025-02-04 15:10:00,99832.14
2025-02-04 15:15:00,99832.14
2025-02-04 15:20:00,99832.14
2025-02-04 15:25:00,99832.14
2025-02-04 15:30:00,99832.14
2025-02-05 09:15:00,99832.14
2025-02-05 09:20:00,99832.14
2025-02-05 09:25:00,99832.14
2025-02-05 09:30:00,99832.14
2025-02-05 09:35:00,99832.14
2025-02-05 09:40:00,99832.14
2025-02-05 09:45:00,99832.14
2025-02-05 09:50:00,99832.14
2025-02-05 09:55:00,99832.14
2025-02-05 10:00:00,99832.14
2025-02-05 10:05:00,99832.14
2025-02-05 10:10:00,99832.14
2025-02-05 10:15:00,99832.14
2025-02-05 10:20:00,99832.14
2025-02-05 10:25:00,99832.14
2025-02-05 10:30:00,99832.14
2025-02-05 10:35:00,99832.14
2025-02-05 10:40:00,99832.14
2025-02-05 10:45:00,99832.14
2025-02-05 10:50:00,99832.14
2025-02-05 10:55:00,99832.14
2025-02-05 11:00:00,99832.14
2025-02-05 11:05:00,99832.14
2025-02-05 11:10:00,99832.14
2025-02-05 11:15:00,99832.14
2025-02-05 11:20:00,99832.14
2025-02-05 11:25:00,99832.14
2025-02-05 11:30:00,99832.14
2025-02-05 11:35:00,99832.14
2025-02-05 11:40:00,99832.14
2025-02-05 11:45:00,99832.14
2025-02-05 11:50:00,99832.14
2025-02-05 11:55:00,99832.14
2025-02-05 12:00:00,99832.14
2025-02-05 12:05:00,99832.14
2025-02-05 12:10:00,99832.14
2025-02-05 12:15:00,99832.14
2025-02-05 12:20:00,99832.14
2025-02-05 12:25:00,99832.14
2025-02-05 12:30:00,99832.14
2025-02-05 12:35:00,99832.14
2025-02-05 12:40:00,99832.14
2025-02-05 12:45:00,99832.14
2025-02-05 12:50:00,99832.14
2025-02-05 12:55:00,99832.14
2025-02-05 13:00:00,99832.14
2025-02-05 13:05:00,99832.14
2025-02-05 13:10:00,99832.14
2025-02-05 13:15:00,99832.14
2025-02-05 13:20:00,99832.14
2025-02-05 13:25:00,99832.14
2025-02-05 13:30:00,99832.14
2025-02-05 13:35:00,99832.14
2025-02-05 13:40:00,99832.14
2025-02-05 13:45:00,99832.14
2025-02-05 13:50:00,99832.14
2025-02-05 13:55:00,99832.14
2025-02-05 14:00:00,99832.14
2025-02-05 14:05:00,99832.14
2025-02-05 14:10:00,99832.14
2025-02-05 14:15:00,99832.14
2025-02-05 14:20:00,99832.14
2025-02-05 14:25:00,99832.14
2025-02-05 14:30:00,99832.14
2025-02-05 14:35:00,99832.14
2025-02-05 14:40:00,99832.14
2025-02-05 14:45:00,99832.14
2025-02-05 14:50:00,99832.14
2025-02-05 14:55:00,99832.14
2025-02-05 15:00:00,99832.14
2025-02-05 15:05:00,99832.14
2025-02-05 15:10:00,99832.14
2025-02-05 15:15:00,99832.14
2025-02-05 15:20:00,99832.14
2025-02-05 15:25:00,99832.14
2025-02-05 15:30:00,99832.14
2025-02-06 09:15:00,99832.14
2025-02-06 09:20:00,99832.14
2025-02-06 09:25:00,99832.14
2025-02-06 09:30:00,99832.14
2025-02-06 09:35:00,99832.14
2025-02-06 09:40:00,99832.14
2025-02-06 09:45:00,99832.14
2025-02-06 09:50:00,99832.14
2025-02-06 09:55:00,99832.14
2025-02-06 10:00:00,99832.14
2025-02-06 10:05:00,99832.14
2025-02-06 10:10:00,99832.14
2025-02-06 10:15:00,99832.14
2025-02-06 10:20:00,99832.14
2025-02-06 10:25:00,99832.14
2025-02-06 10:30:00,99832.14
2025-02-06 10:35:00,99832.14
2025-02-06 10:40:00,99832.14
2025-02-06 10:45:00,99832.14
2025-02-06 10:50:00,99832.14
2025-02-06 10:55:00,99832.14
2025-02-06 11:00:00,99832.14
2025-02-06 11:05:00,99832.14
2025-02-06 11:10:00,99832.14
2025-02-06 11:15:00,99832.14
2025-02-06 11:20:00,99832.14
2025-02-06 11:25:00,99832.14
2025-02-06 11:30:00,99832.14
2025-02-06 11:35:00,99832.14
2025-02-06 11:40:00,99832.14
2025-02-06 11:45:00,99832.14
2025-02-06 11:50:00,99832.14
2025-02-06 11:55:00,99832.14
2025-02-06 12:00:00,99832.14
2025-02-06 12:05:00,99832.14
2025-02-06 12:10:00,99832.14
2025-02-06 12:15:00,99832.14
2025-02-06 12:20:00,99832.14
2025-02-06 12:25:00,99832.14
2025-02-06 12:30:00,99832.14
2025-02-06 12:35:00,99832.14
2025-02-06 12:40:00,99832.14
2025-02-06 12:45:00,99832.14
2025-02-06 12:50:00,99832.14
2025-02-06 12:55:00,99832.14
2025-02-06 13:00:00,99832.14
2025-02-06 13:05:00,99832.14
2025-02-06 13:10:00,99832.14
2025-02-06 13:15:00,99832.14
2025-02-06 13:20:00,99832.14
2025-02-06 13:25:00,99832.14
2025-02-06 13:30:00,99832.14
2025-02-06 13:35:00,99832.14
2025-02-06 13:40:00,99832.14
2025-02-06 13:45:00,99832.14
2025-02-06 13:50:00,99832.14
2025-02-06 13:55:00,99832.14
2025-02-06 14:00:00,99832.14
2025-02-06 14:05:00,99832.14
2025-02-06 14:10:00,99832.14
2025-02-06 14:15:00,99832.14
2025-02-06 14:20:00,99832.14
2025-02-06 14:25:00,99832.14
2025-02-06 14:30:00,99832.14
2025-02-06 14:35:00,99832.14
2025-02-06 14:40:00,99832.14
2025-02-06 14:45:00,99832.14
2025-02-06 14:50:00,99832.14
2025-02-06 14:55:00,99832.14
2025-02-06 15:00:00,99832.14
2025-02-06 15:05:00,99832.14
2025-02-06 15:10:00,99832.14
2025-02-06 15:15:00,99832.14
2025-02-06 15:20:00,99832.14
2025-02-06 15:25:00,99832.14
2025-02-06 15:30:00,99832.14
2025-02-07 09:15:00,99832.14
2025-02-07 09:20:00,99832.14
2025-02-07 09:25:00,99832.14
2025-02-07 09:30:00,99832.14
2025-02-07 09:35:00,99832.14
2025-02-07 09:40:00,99832.14
2025-02-07 09:45:00,99832.14
2025-02-07 09:50:00,99832.14
2025-02-07 09:55:00,99832.14
2025-02-07 10:00:00,99832.14
2025-02-07 10:05:00,99832.14
2025-02-07 10:10:00,99832.14
2025-02-07 10:15:00,99832.14
2025-02-07 10:20:00,99832.14
2025-02-07 10:25:00,99832.14
2025-02-07 10:30:00,99832.14
2025-02-07 10:35:00,99832.14
2025-02-07 10:40:00,99832.14
2025-02-07 10:45:00,99832.14
2025-02-07 10:50:00,99832.14
2025-02-07 10:55:00,99832.14
2025-02-07 11:00:00,99832.14
2025-02-07 11:05:00,99832.14
2025-02-07 11:10:00,99832.14
2025-02-07 11:15:00,99832.14
2025-02-07 11:20:00,99832.14
2025-02-07 11:25:00,99832.14
2025-02-07 11:30:00,99832.14
2025-02-07 11:35:00,99832.14
2025-02-07 11:40:00,99832.14
2025-02-07 11:45:00,99832.14
2025-02-07 11:50:00,99832.14
2025-02-07 11:55:00,99832.14
2025-02-07 12:00:00,99832.14
2025-02-07 12:05:00,99832.14
2025-02-07 12:10:00,99832.14
2025-02-07 12:15:00,99832.14
2025-02-07 12:20:00,99832.14
2025-02-07 12:25:00,99832.14
2025-02-07 12:30:00,99832.14
2025-02-07 12:35:00,99832.14
2025-02-07 12:40:00,99832.14
2025-02-07 12:45:00,99832.14
2025-02-07 12:50:00,99832.14
2025-02-07 12:55:00,99832.14
2025-02-07 13:00:00,99832.14
2025-02-07 13:05:00,99832.14
2025-02-07 13:10:00,99832.14
2025-02-07 13:15:00,99832.14
2025-02-07 13:20:00,99832.14
2025-02-07 13:25:00,99832.14
2025-02-07 13:30:00,99832.14
2025-02-07 13:35:00,99832.14
2025-02-07 13:40:00,99832.14
2025-02-07 13:45:00,99832.14
2025-02-07 13:50:00,99832.14
2025-02-07 13:55:00,99832.14
2025-02-07 14:00:00,99832.14
2025-02-07 14:05:00,99832.14
2025-02-07 14:10:00,99832.14
2025-02-07 14:15:00,99832.14
2025-02-07 14:20:00,99832.14
2025-02-07 14:25:00,99832.14
2025-02-07 14:30:00,99832.14
2025-02-07 14:35:00,99832.14
2025-02-07 14:40:00,99832.14
2025-02-07 14:45:00,99832.14
2025-02-07 14:50:00,99832.14
2025-02-07 14:55:00,99832.14
2025-02-07 15:00:00,99832.14
2025-02-07 15:05:00,99832.14
2025-02-07 15:10:00,99832.14
2025-02-07 15:15:00,99832.14
2025-02-07 15:20:00,99832.14
2025-02-07 15:25:00,99832.14
2025-02-07 15:30:00,99832.14
2025-02-10 09:15:00,99832.14
2025-02-10 09:20:00,99832.14
2025-02-10 09:25:00,99832.14
2025-02-10 09:30:00,99832.14
2025-02-10 09:35:00,99832.14
2025-02-10 09:40:00,99832.14
2025-02-10 09:45:00,99832.14
2025-02-10 09:50:00,99832.14
2025-02-10 09:55:00,99832.14
2025-02-10 10:00:00,99832.14
2025-02-10 10:05:00,99832.14
2025-02-10 10:10:00,99832.14
2025-02-10 10:15:00,99832.14
2025-02-10 10:20:00,99832.14
2025-02-10 10:25:00,99832.14
2025-02-10 10:30:00,99832.14
2025-02-10 10:35:00,99832.14
2025-02-10 10:40:00,99832.14
2025-02-10 10:45:00,99832.14
2025-02-10 10:50:00,99832.14
2025-02-10 10:55:00,99832.14
2025-02-10 11:00:00,99832.14
2025-02-10 11:05:00,99832.14
2025-02-10 11:10:00,99832.14
2025-02-10 11:15:00,99832.14
2025-02-10 11:20:00,99832.14
2025-02-10 11:25:00,99832.14
2025-02-10 11:30:00,99832.14
2025-02-10 11:35:00,99832.14
2025-02-10 11:40:00,99832.14
2025-02-10 11:45:00,99832.14
2025-02-10 11:50:00,99832.14
2025-02-10 11:55:00,99832.14
2025-02-10 12:00:00,99832.14
2025-02-10 12:05:00,99832.14
2025-02-10 12:10:00,99832.14
2025-02-10 12:15:00,99832.14
2025-02-10 12:20:00,99832.14
2025-02-10 12:25:00,99832.14
2025-02-10 12:30:00,99832.14
2025-02-10 12:35:00,99832.14
2025-02-10 12:40:00,99832.14
2025-02-10 12:45:00,99832.14
2025-02-10 12:50:00,99832.14
2025-02-10 12:55:00,99832.14
2025-02-10 13:00:00,99832.14
2025-02-10 13:05:00,99832.14
2025-02-10 13:10:00,99832.14
2025-02-10 13:15:00,99832.14
2025-02-10 13:20:00,99832.14
2025-02-10 13:25:00,99832.14
2025-02-10 13:30:00,99832.14
2025-02-10 13:35:00,99832.14
2025-02-10 13:40:00,99832.14
2025-02-10 13:45:00,99832.14
2025-02-10 13:50:00,99832.14
2025-02-10 13:55:00,99832.14
2025-02-10 14:00:00,99832.14
2025-02-10 14:05:00,99832.14
2025-02-10 14:10:00,99832.14
2025-02-10 14:15:00,99832.14
2025-02-10 14:20:00,99832.14
2025-02-10 14:25:00,99832.14
2025-02-10 14:30:00,99832.14
2025-02-10 14:35:00,99832.14
2025-02-10 14:40:00,99832.14
2025-02-10 14:45:00,99832.14
2025-02-10 14:50:00,99832.14
2025-02-10 14:55:00,99832.14
2025-02-10 15:00:00,99832.14
2025-02-10 15:05:00,99832.14
2025-02-10 15:10:00,99832.14
2025-02-10 15:15:00,99832.14
2025-02-10 15:20:00,99832.14
2025-02-10 15:25:00,99832.14
2025-02-10 15:30:00,99832.14
2025-02-11 09:15:00,99832.14
2025-02-11 09:20:00,99832.14
2025-02-11 09:25:00,99832.14
2025-02-11 09:30:00,99832.14
2025-02-11 09:35:00,99832.14
2025-02-11 09:40:00,99832.14
2025-02-11 09:45:00,99832.14
2025-02-11 09:50:00,99832.14
2025-02-11 09:55:00,99832.14
2025-02-11 10:00:00,99832.14
2025-02-11 10:05:00,99832.14
2025-02-11 10:10:00,99832.14
2025-02-11 10:15:00,99832.14
2025-02-11 10:20:00,99832.14
2025-02-11 10:25:00,99832.14
2025-02-11 10:30:00,99832.14
2025-02-11 10:35:00,99832.14
2025-02-11 10:40:00,99832.14
2025-02-11 10:45:00,99832.14
2025-02-11 10:50:00,99832.14
2025-02-11 10:55:00,99832.14
2025-02-11 11:00:00,99832.14
2025-02-11 11:05:00,99832.14
2025-02-11 11:10:00,99832.14
2025-02-11 11:15:00,99832.14
2025-02-11 11:20:00,99832.14
2025-02-11 11:25:00,99832.14
2025-02-11 11:30:00,99832.14
2025-02-11 11:35:00,99832.14
2025-02-11 11:40:00,99832.14
2025-02-11 11:45:00,99832.14
2025-02-11 11:50:00,99832.14
2025-02-11 11:55:00,99832.14
2025-02-11 12:00:00,99832.14
2025-02-11 12:05:00,99832.14
2025-02-11 12:10:00,99832.14
2025-02-11 12:15:00,99832.14
2025-02-11 12:20:00,99832.14
2025-02-11 12:25:00,99832.14
2025-02-11 12:30:00,99832.14
2025-02-11 12:35:00,99832.14
2025-02-11 12:40:00,99832.14
2025-02-11 12:45:00,99832.14
2025-02-11 12:50:00,99832.14
2025-02-11 12:55:00,99832.14
2025-02-11 13:00:00,99832.14
2025-02-11 13:05:00,99832.14
2025-02-11 13:10:00,99832.14
2025-02-11 13:15:00,99832.14
2025-02-11 13:20:00,99832.14
2025-02-11 13:25:00,99832.14
2025-02-11 13:30:00,99832.14
2025-02-11 13:35:00,99832.14
2025-02-11 13:40:00,99832.14
2025-02-11 13:45:00,99832.14
2025-02-11 13:50:00,99832.14
2025-02-11 13:55:00,99832.14
2025-02-11 14:00:00,99832.14
2025-02-11 14:05:00,99832.14
2025-02-11 14:10:00,99832.14
2025-02-11 14:15:00,99832.14
2025-02-11 14:20:00,99832.14
2025-02-11 14:25:00,99832.14
2025-02-11 14:30:00,99832.14
2025-02-11 14:35:00,99832.14
2025-02-11 14:40:00,99832.14
2025-02-11 14:45:00,99832.14
2025-02-11 14:50:00,99832.14
2025-02-11 14:55:00,99832.14
2025-02-11 15:00:00,99832.14
2025-02-11 15:05:00,99832.14
2025-02-11 15:10:00,99832.14
2025-02-11 15:15:00,99832.14
2025-02-11 15:20:00,99832.14
2025-02-11 15:25:00,99832.14
2025-02-11 15:30:00,99832.14
2025-02-12 09:15:00,99832.14
2025-02-12 09:20:00,99832.14
2025-02-12 09:25:00,99832.14
2025-02-12 09:30:00,99832.14
2025-02-12 09:35:00,99832.14
2025-02-12 09:40:00,99832.14
2025-02-12 09:45:00,99832.14
2025-02-12 09:50:00,99832.14
2025-02-12 09:55:00,99832.14
2025-02-12 10:00:00,99832.14
2025-02-12 10:05:00,99832.14
2025-02-12 10:10:00,99832.14
2025-02-12 10:15:00,99832.14
2025-02-12 10:20:00,99832.14
2025-02-12 10:25:00,99832.14
2025-02-12 10:30:00,99832.14
2025-02-12 10:35:00,99832.14
2025-02-12 10:40:00,99832.14
2025-02-12 10:45:00,99832.14
2025-02-12 10:50:00,99832.14
2025-02-12 10:55:00,99832.14
2025-02-12 11:00:00,99832.14
2025-02-12 11:05:00,99832.14
2025-02-12 11:10:00,99832.14
2025-02-12 11:15:00,99832.14
2025-02-12 11:20:00,99832.14
2025-02-12 11:25:00,99832.14
2025-02-12 11:30:00,99832.14
2025-02-12 11:35:00,99832.14
2025-02-12 11:40:00,99832.14
2025-02-12 11:45:00,99832.14
2025-02-12 11:50:00,99832.14
2025-02-12 11:55:00,99832.14
2025-02-12 12:00:00,99832.14
2025-02-12 12:05:00,99832.14
2025-02-12 12:10:00,99832.14
2025-02-12 12:15:00,99832.14
2025-02-12 12:20:00,99832.14
2025-02-12 12:25:00,99832.14
2025-02-12 12:30:00,99832.14
2025-02-12 12:35:00,99832.14
2025-02-12 12:40:00,99832.14
2025-02-12 12:45:00,99832.14
2025-02-12 12:50:00,99832.14
2025-02-12 12:55:00,99832.14
2025-02-12 13:00:00,99832.14
2025-02-12 13:05:00,99832.14
2025-02-12 13:10:00,99832.14
2025-02-12 13:15:00,99832.14
2025-02-12 13:20:00,99832.14
2025-02-12 13:25:00,99832.14
2025-02-12 13:30:00,99832.14
2025-02-12 13:35:00,99832.14
2025-02-12 13:40:00,99832.14
2025-02-12 13:45:00,99832.14
2025-02-12 13:50:00,99832.14
2025-02-12 13:55:00,99832.14
2025-02-12 14:00:00,99832.14
2025-02-12 14:05:00,99832.14
2025-02-12 14:10:00,99832.14
2025-02-12 14:15:00,99832.14
2025-02-12 14:20:00,99832.14
2025-02-12 14:25:00,99832.14
2025-02-12 14:30:00,99832.14
2025-02-12 14:35:00,99832.14
2025-02-12 14:40:00,99832.14
2025-02-12 14:45:00,99832.14
2025-02-12 14:50:00,99832.14
2025-02-12 14:55:00,99832.14
2025-02-12 15:00:00,99832.14
2025-02-12 15:05:00,99832.14
2025-02-12 15:10:00,99832.14
2025-02-12 15:15:00,99832.14
2025-02-12 15:20:00,99832.14
2025-02-12 15:25:00,99832.14
2025-02-12 15:30:00,99832.14
2025-02-13 09:15:00,99832.14
2025-02-13 09:20:00,99832.14
2025-02-13 09:25:00,99832.14
2025-02-13 09:30:00,99832.14
2025-02-13 09:35:00,99832.14
2025-02-13 09:40:00,99832.14
2025-02-13 09:45:00,99832.14
2025-02-13 09:50:00,99832.14
2025-02-13 09:55:00,99832.14
2025-02-13 10:00:00,99832.14
2025-02-13 10:05:00,99832.14
2025-02-13 10:10:00,99832.14
2025-02-13 10:15:00,99832.14
2025-02-13 10:20:00,99832.14
2025-02-13 10:25:00,99832.14
2025-02-13 10:30:00,99832.14
2025-02-13 10:35:00,99832.14
2025-02-13 10:40:00,99832.14
2025-02-13 10:45:00,99832.14
2025-02-13 10:50:00,99832.14
2025-02-13 10:55:00,99832.14
2025-02-13 11:00:00,99832.14
2025-02-13 11:05:00,99832.14
2025-02-13 11:10:00,99832.14
2025-02-13 11:15:00,99832.14
2025-02-13 11:20:00,99832.14
2025-02-13 11:25:00,99832.14
2025-02-13 11:30:00,99832.14
2025-02-13 11:35:00,99832.14
2025-02-13 11:40:00,99832.14
2025-02-13 11:45:00,99832.14
2025-02-13 11:50:00,99832.14
2025-02-13 11:55:00,99832.14
2025-02-13 12:00:00,99832.14
2025-02-13 12:05:00,99832.14
2025-02-13 12:10:00,99832.14
2025-02-13 12:15:00,99832.14
2025-02-13 12:20:00,99832.14
2025-02-13 12:25:00,99832.14
2025-02-13 12:30:00,99832.14
2025-02-13 12:35:00,99832.14
2025-02-13 12:40:00,99832.14
2025-02-13 12:45:00,99832.14
2025-02-13 12:50:00,99832.14
2025-02-13 12:55:00,99832.14
2025-02-13 13:00:00,99832.14
2025-02-13 13:05:00,99832.14
2025-02-13 13:10:00,99832.14
2025-02-13 13:15:00,99832.14
2025-02-13 13:20:00,99832.14
2025-02-13 13:25:00,99832.14
2025-02-13 13:30:00,99832.14
2025-02-13 13:35:00,99832.14
2025-02-13 13:40:00,99832.14
2025-02-13 13:45:00,99832.14
2025-02-13 13:50:00,99832.14
2025-02-13 13:55:00,99832.14
2025-02-13 14:00:00,99832.14
2025-02-13 14:05:00,99832.14
2025-02-13 14:10:00,99832.14
2025-02-13 14:15:00,99832.14
2025-02-13 14:20:00,99832.14
2025-02-13 14:25:00,99832.14
2025-02-13 14:30:00,99832.14
2025-02-13 14:35:00,99832.14
2025-02-13 14:40:00,99832.14
2025-02-13 14:45:00,99832.14
2025-02-13 14:50:00,99832.14
2025-02-13 14:55:00,99832.14
2025-02-13 15:00:00,99832.14
2025-02-13 15:05:00,99832.14
2025-02-13 15:10:00,99832.14
2025-02-13 15:15:00,99832.14
2025-02-13 15:20:00,99832.14
2025-02-13 15:25:00,99832.14
2025-02-13 15:30:00,99832.14
2025-02-14 09:15:00,99832.14
2025-02-14 09:20:00,99832.14
2025-02-14 09:25:00,99832.14
2025-02-14 09:30:00,99832.14
2025-02-14 09:35:00,99832.14
2025-02-14 09:40:00,99832.14
2025-02-14 09:45:00,99832.14
2025-02-14 09:50:00,99832.14
2025-02-14 09:55:00,99832.14
2025-02-14 10:00:00,99832.14
2025-02-14 10:05:00,99832.14
2025-02-14 10:10:00,99832.14
2025-02-14 10:15:00,99832.14
2025-02-14 10:20:00,99832.14
2025-02-14 10:25:00,99832.14
2025-02-14 10:30:00,99832.14
2025-02-14 10:35:00,99832.14
2025-02-14 10:40:00,99832.14
2025-02-14 10:45:00,99832.14
2025-02-14 10:50:00,99832.14
2025-02-14 10:55:00,99832.14
2025-02-14 11:00:00,99832.14
2025-02-14 11:05:00,99832.14
2025-02-14 11:10:00,99832.14
2025-02-14 11:15:00,99832.14
2025-02-14 11:20:00,99832.14
2025-02-14 11:25:00,99832.14
2025-02-14 11:30:00,99832.14
2025-02-14 11:35:00,99832.14
2025-02-14 11:40:00,99832.14
2025-02-14 11:45:00,99832.14
2025-02-14 11:50:00,99832.14
2025-02-14 11:55:00,99832.14
2025-02-14 12:00:00,99832.14
2025-02-14 12:05:00,99832.14
2025-02-14 12:10:00,99832.14
2025-02-14 12:15:00,99832.14
2025-02-14 12:20:00,99832.14
2025-02-14 12:25:00,99832.14
2025-02-14 12:30:00,99832.14
2025-02-14 12:35:00,99832.14
2025-02-14 12:40:00,99832.14
2025-02-14 12:45:00,99832.14
2025-02-14 12:50:00,99832.14
2025-02-14 12:55:00,99832.14
2025-02-14 13:00:00,99832.14
2025-02-14 13:05:00,99832.14
2025-02-14 13:10:00,99832.14
2025-02-14 13:15:00,99832.14
2025-02-14 13:20:00,99832.14
2025-02-14 13:25:00,99832.14
2025-02-14 13:30:00,99832.14
2025-02-14 13:35:00,99832.14
2025-02-14 13:40:00,99832.14
2025-02-14 13:45:00,99832.14
2025-02-14 13:50:00,99832.14
2025-02-14 13:55:00,99832.14
2025-02-14 14:00:00,99832.14
2025-02-14 14:05:00,99832.14
2025-02-14 14:10:00,99832.14
2025-02-14 14:15:00,99832.14
2025-02-14 14:20:00,99832.14
2025-02-14 14:25:00,99832.14
2025-02-14 14:30:00,99832.14
2025-02-14 14:35:00,99832.14
2025-02-14 14:40:00,99832.14
2025-02-14 14:45:00,99832.14
2025-02-14 14:50:00,99832.14
2025-02-14 14:55:00,99832.14
2025-02-14 15:00:00,99832.14
2025-02-14 15:05:00,99832.14
2025-02-14 15:10:00,99832.14
2025-02-14 15:15:00,99832.14
2025-02-14 15:20:00,99832.14
2025-02-14 15:25:00,99832.14
2025-02-14 15:30:00,99832.14
2025-02-17 09:15:00,99832.14
2025-02-17 09:20:00,99832.14
2025-02-17 09:25:00,99832.14
2025-02-17 09:30:00,99832.14
2025-02-17 09:35:00,99832.14
2025-02-17 09:40:00,99832.14
2025-02-17 09:45:00,99832.14
2025-02-17 09:50:00,99832.14
2025-02-17 09:55:00,99832.14
2025-02-17 10:00:00,99832.14
2025-02-17 10:05:00,99832.14
2025-02-17 10:10:00,99832.14
2025-02-17 10:15:00,99832.14
2025-02-17 10:20:00,99832.14
2025-02-17 10:25:00,99832.14
2025-02-17 10:30:00,99832.14
2025-02-17 10:35:00,99832.14
2025-02-17 10:40:00,99832.14
2025-02-17 10:45:00,99832.14
2025-02-17 10:50:00,99832.14
2025-02-17 10:55:00,99832.14
2025-02-17 11:00:00,99832.14
2025-02-17 11:05:00,99832.14
2025-02-17 11:10:00,99832.14
2025-02-17 11:15:00,99832.14
2025-02-17 11:20:00,99832.14
2025-02-17 11:25:00,99832.14
2025-02-17 11:30:00,99832.14
2025-02-17 11:35:00,99832.14
2025-02-17 11:40:00,99832.14
2025-02-17 11:45:00,99832.14
2025-02-17 11:50:00,99923.54
2025-02-17 11:55:00,99923.54
2025-02-17 12:00:00,99923.54
2025-02-17 12:05:00,99923.54
2025-02-17 12:10:00,99923.54
2025-02-17 12:15:00,99923.54
2025-02-17 12:20:00,99923.54
2025-02-17 12:25:00,99923.54
2025-02-17 12:30:00,99923.54
2025-02-17 12:35:00,99923.54
2025-02-17 12:40:00,99923.54
2025-02-17 12:45:00,99923.54
2025-02-17 12:50:00,99923.54
2025-02-17 12:55:00,99923.54
2025-02-17 13:00:00,99923.54
2025-02-17 13:05:00,99923.54
2025-02-17 13:10:00,99923.54
2025-02-17 13:15:00,99923.54
2025-02-17 13:20:00,99923.54
2025-02-17 13:25:00,99923.54
2025-02-17 13:30:00,99923.54
2025-02-17 13:35:00,99923.54
2025-02-17 13:40:00,99923.54
2025-02-17 13:45:00,99923.54
2025-02-17 13:50:00,99923.54
2025-02-17 13:55:00,99877.44
2025-02-17 14:00:00,99877.44
2025-02-17 14:05:00,99877.44
2025-02-17 14:10:00,99877.44
2025-02-17 14:15:00,99877.44
2025-02-17 14:20:00,99877.44
2025-02-17 14:25:00,99877.44
2025-02-17 14:30:00,99877.44
2025-02-17 14:35:00,99877.44
2025-02-17 14:40:00,99877.44
2025-02-17 14:45:00,99877.44
2025-02-17 14:50:00,99877.44
2025-02-17 14:55:00,99877.44
2025-02-17 15:00:00,99877.44
2025-02-17 15:05:00,99877.44
2025-02-17 15:10:00,99877.44
2025-02-17 15:15:00,99877.44
2025-02-17 15:20:00,99877.44
2025-02-17 15:25:00,99877.44
2025-02-17 15:30:00,99877.44
2025-02-18 09:15:00,99877.44
2025-02-18 09:20:00,99877.44
2025-02-18 09:25:00,99877.44
2025-02-18 09:30:00,99877.44
2025-02-18 09:35:00,99877.44
2025-02-18 09:40:00,99877.44
2025-02-18 09:45:00,99877.44
2025-02-18 09:50:00,99877.44
2025-02-18 09:55:00,99877.44
2025-02-18 10:00:00,99877.44
2025-02-18 10:05:00,99877.44
2025-02-18 10:10:00,99877.44
2025-02-18 10:15:00,99877.44
2025-02-18 10:20:00,99877.44
2025-02-18 10:25:00,99877.44
2025-02-18 10:30:00,99877.44
2025-02-18 10:35:00,99860.47
2025-02-18 10:40:00,99860.47
2025-02-18 10:45:00,99860.47
2025-02-18 10:50:00,99860.47
2025-02-18 10:55:00,99860.47
2025-02-18 11:00:00,99860.47
2025-02-18 11:05:00,99860.47
2025-02-18 11:10:00,99860.47
2025-02-18 11:15:00,99860.47
2025-02-18 11:20:00,99860.47
2025-02-18 11:25:00,99860.47
2025-02-18 11:30:00,99860.47
2025-02-18 11:35:00,99860.47
2025-02-18 11:40:00,99836.09
2025-02-18 11:45:00,99836.09
2025-02-18 11:50:00,99836.09
2025-02-18 11:55:00,99836.09
2025-02-18 12:00:00,99836.09
2025-02-18 12:05:00,99836.09
2025-02-18 12:10:00,99836.09
2025-02-18 12:15:00,99836.09
2025-02-18 12:20:00,99836.09
2025-02-18 12:25:00,99836.09
2025-02-18 12:30:00,99836.09
2025-02-18 12:35:00,99836.09
2025-02-18 12:40:00,99836.09
2025-02-18 12:45:00,99836.09
2025-02-18 12:50:00,99836.09
2025-02-18 12:55:00,99836.09
2025-02-18 13:00:00,99836.09
2025-02-18 13:05:00,99836.09
2025-02-18 13:10:00,99836.09
2025-02-18 13:15:00,99850.95999999999
2025-02-18 13:20:00,99850.95999999999
2025-02-18 13:25:00,99850.95999999999
2025-02-18 13:30:00,99850.95999999999
2025-02-18 13:35:00,99850.95999999999
2025-02-18 13:40:00,99850.95999999999
2025-02-18 13:45:00,99850.95999999999
2025-02-18 13:50:00,99850.95999999999
2025-02-18 13:55:00,99782.39
2025-02-18 14:00:00,99782.39
2025-02-18 14:05:00,99782.39
2025-02-18 14:10:00,99782.39
2025-02-18 14:15:00,99740.51999999999
2025-02-18 14:20:00,99740.51999999999
2025-02-18 14:25:00,99740.51999999999
2025-02-18 14:30:00,99740.51999999999
2025-02-18 14:35:00,99740.51999999999
2025-02-18 14:40:00,99740.51999999999
2025-02-18 14:45:00,99740.51999999999
2025-02-18 14:50:00,99740.51999999999
2025-02-18 14:55:00,99740.51999999999
2025-02-18 15:00:00,99740.51999999999
2025-02-18 15:05:00,99740.51999999999
2025-02-18 15:10:00,99740.51999999999
2025-02-18 15:15:00,99740.51999999999
2025-02-18 15:20:00,99740.51999999999
2025-02-18 15:25:00,99740.51999999999
2025-02-18 15:30:00,99740.51999999999
2025-02-19 09:15:00,99740.51999999999
2025-02-19 09:20:00,99740.51999999999
2025-02-19 09:25:00,99740.51999999999
2025-02-19 09:30:00,99740.51999999999
2025-02-19 09:35:00,99740.51999999999
2025-02-19 09:40:00,99740.51999999999
2025-02-19 09:45:00,99740.51999999999
2025-02-19 09:50:00,99740.51999999999
2025-02-19 09:55:00,99740.51999999999
2025-02-19 10:00:00,99708.26999999999
2025-02-19 10:05:00,99708.26999999999
2025-02-19 10:10:00,99708.26999999999
2025-02-19 10:15:00,99708.26999999999
2025-02-19 10:20:00,99708.26999999999
2025-02-19 10:25:00,99708.26999999999
2025-02-19 10:30:00,99708.26999999999
2025-02-19 10:35:00,99708.26999999999
2025-02-19 10:40:00,99708.26999999999
2025-02-19 10:45:00,99651.98999999999
2025-02-19 10:50:00,99651.98999999999
2025-02-19 10:55:00,99651.98999999999
2025-02-19 11:00:00,99651.98999999999
2025-02-19 11:05:00,99651.98999999999
2025-02-19 11:10:00,99651.98999999999
2025-02-19 11:15:00,99651.98999999999
2025-02-19 11:20:00,99651.98999999999
2025-02-19 11:25:00,99651.98999999999
2025-02-19 11:30:00,99651.98999999999
2025-02-19 11:35:00,99651.98999999999
2025-02-19 11:40:00,99651.98999999999
2025-02-19 11:45:00,99651.98999999999
2025-02-19 11:50:00,99651.98999999999
2025-02-19 11:55:00,99651.98999999999
2025-02-19 12:00:00,99651.98999999999
2025-02-19 12:05:00,99651.98999999999
2025-02-19 12:10:00,99651.98999999999
2025-02-19 12:15:00,99651.98999999999
2025-02-19 12:20:00,99651.98999999999
2025-02-19 12:25:00,99651.98999999999
2025-02-19 12:30:00,99651.98999999999
2025-02-19 12:35:00,99651.98999999999
2025-02-19 12:40:00,99651.98999999999
2025-02-19 12:45:00,99651.98999999999
2025-02-19 12:50:00,99651.98999999999
2025-02-19 12:55:00,99651.98999999999
2025-02-19 13:00:00,99651.98999999999
2025-02-19 13:05:00,99651.98999999999
2025-02-19 13:10:00,99651.98999999999
2025-02-19 13:15:00,99651.98999999999
2025-02-19 13:20:00,99651.98999999999
2025-02-19 13:25:00,99651.98999999999
2025-02-19 13:30:00,99651.98999999999
2025-02-19 13:35:00,99651.98999999999
2025-02-19 13:40:00,99651.98999999999
2025-02-19 13:45:00,99651.98999999999
2025-02-19 13:50:00,99642.13
2025-02-19 13:55:00,99642.13
2025-02-19 14:00:00,99642.13
2025-02-19 14:05:00,99642.13
2025-02-19 14:10:00,99642.13
2025-02-19 14:15:00,99642.13
2025-02-19 14:20:00,99642.13
2025-02-19 14:25:00,99642.13
2025-02-19 14:30:00,99642.13
2025-02-19 14:35:00,99642.13
2025-02-19 14:40:00,99642.13
2025-02-19 14:45:00,99642.13
2025-02-19 14:50:00,99642.13
2025-02-19 14:55:00,99642.13
2025-02-19 15:00:00,99642.13
2025-02-19 15:05:00,99642.13
2025-02-19 15:10:00,99642.13
2025-02-19 15:15:00,99642.13
2025-02-19 15:20:00,99642.13
2025-02-19 15:25:00,99642.13
2025-02-19 15:30:00,99642.13
2025-02-20 09:15:00,99642.13
2025-02-20 09:20:00,99642.13
2025-02-20 09:25:00,99642.13
2025-02-20 09:30:00,99642.13
2025-02-20 09:35:00,99642.13
2025-02-20 09:40:00,99642.13
2025-02-20 09:45:00,99642.13
2025-02-20 09:50:00,99673.2
2025-02-20 09:55:00,99673.2
2025-02-20 10:00:00,99673.2
2025-02-20 10:05:00,99673.2
2025-02-20 10:10:00,99673.2
2025-02-20 10:15:00,99673.2
2025-02-20 10:20:00,99673.2
2025-02-20 10:25:00,99673.2
2025-02-20 10:30:00,99673.2
2025-02-20 10:35:00,99673.2
2025-02-20 10:40:00,99673.2
2025-02-20 10:45:00,99673.2
2025-02-20 10:50:00,99673.2
2025-02-20 10:55:00,99673.2
2025-02-20 11:00:00,99673.2
2025-02-20 11:05:00,99673.2
2025-02-20 11:10:00,99673.2
2025-02-20 11:15:00,99673.2
2025-02-20 11:20:00,99673.2
2025-02-20 11:25:00,99673.2
2025-02-20 11:30:00,99673.2
2025-02-20 11:35:00,99716.87
2025-02-20 11:40:00,99716.87
2025-02-20 11:45:00,99716.87
2025-02-20 11:50:00,99716.87
2025-02-20 11:55:00,99716.87
2025-02-20 12:00:00,99716.87
2025-02-20 12:05:00,99716.87
2025-02-20 12:10:00,99716.87
2025-02-20 12:15:00,99716.87
2025-02-20 12:20:00,99716.87
2025-02-20 12:25:00,99716.87
2025-02-20 12:30:00,99716.87
2025-02-20 12:35:00,99716.87
2025-02-20 12:40:00,99716.87
2025-02-20 12:45:00,99716.87
2025-02-20 12:50:00,99716.87
2025-02-20 12:55:00,99716.87
2025-02-20 13:00:00,99716.87
2025-02-20 13:05:00,99716.87
2025-02-20 13:10:00,99716.87
2025-02-20 13:15:00,99716.87
2025-02-20 13:20:00,99716.87
2025-02-20 13:25:00,99716.87
2025-02-20 13:30:00,99716.87
2025-02-20 13:35:00,99716.87
2025-02-20 13:40:00,99716.87
2025-02-20 13:45:00,99716.87
2025-02-20 13:50:00,99716.87
2025-02-20 13:55:00,99716.87
2025-02-20 14:00:00,99716.87
2025-02-20 14:05:00,99716.87
2025-02-20 14:10:00,99716.87
2025-02-20 14:15:00,99716.87
2025-02-20 14:20:00,99716.87
2025-02-20 14:25:00,99716.87
2025-02-20 14:30:00,99716.87
2025-02-20 14:35:00,99716.87
2025-02-20 14:40:00,99716.87
2025-02-20 14:45:00,99716.87
2025-02-20 14:50:00,99716.87
2025-02-20 14:55:00,99724.76999999999
2025-02-20 15:00:00,99724.76999999999
2025-02-20 15:05:00,99724.76999999999
2025-02-20 15:10:00,99724.76999999999
2025-02-20 15:15:00,99724.76999999999
2025-02-20 15:20:00,99724.76999999999
2025-02-20 15:25:00,99724.76999999999
2025-02-20 15:30:00,99724.76999999999
2025-02-21 09:15:00,99724.76999999999
2025-02-21 09:20:00,99724.76999999999
2025-02-21 09:25:00,99724.76999999999
2025-02-21 09:30:00,99724.76999999999
2025-02-21 09:35:00,99724.76999999999
2025-02-21 09:40:00,99724.76999999999
2025-02-21 09:45:00,99724.76999999999
2025-02-21 09:50:00,99724.76999999999
2025-02-21 09:55:00,99724.76999999999
2025-02-21 10:00:00,99724.76999999999
2025-02-21 10:05:00,99724.76999999999
2025-02-21 10:10:00,99724.76999999999
2025-02-21 10:15:00,99724.76999999999
2025-02-21 10:20:00,99724.76999999999
2025-02-21 10:25:00,99717.10999999999
2025-02-21 10:30:00,99717.10999999999
2025-02-21 10:35:00,99717.10999999999
2025-02-21 10:40:00,99717.10999999999
2025-02-21 10:45:00,99717.10999999999
2025-02-21 10:50:00,99717.10999999999
2025-02-21 10:55:00,99717.10999999999
2025-02-21 11:00:00,99717.10999999999
2025-02-21 11:05:00,99717.10999999999
2025-02-21 11:10:00,99717.10999999999
2025-02-21 11:15:00,99717.10999999999
2025-02-21 11:20:00,99717.10999999999
2025-02-21 11:25:00,99717.10999999999
2025-02-21 11:30:00,99717.10999999999
2025-02-21 11:35:00,99717.10999999999
2025-02-21 11:40:00,99717.10999999999
2025-02-21 11:45:00,99717.10999999999
2025-02-21 11:50:00,99717.10999999999
2025-02-21 11:55:00,99698.82999999999
2025-02-21 12:00:00,99698.82999999999
2025-02-21 12:05:00,99698.82999999999
2025-02-21 12:10:00,99698.82999999999
2025-02-21 12:15:00,99698.82999999999
2025-02-21 12:20:00,99698.82999999999
2025-02-21 12:25:00,99698.82999999999
2025-02-21 12:30:00,99698.82999999999
2025-02-21 12:35:00,99698.82999999999
2025-02-21 12:40:00,99698.82999999999
2025-02-21 12:45:00,99698.82999999999
2025-02-21 12:50:00,99698.82999999999
2025-02-21 12:55:00,99698.82999999999
2025-02-21 13:00:00,99698.82999999999
2025-02-21 13:05:00,99678.44
2025-02-21 13:10:00,99678.44
2025-02-21 13:15:00,99678.44
2025-02-21 13:20:00,99678.44
2025-02-21 13:25:00,99678.44
2025-02-21 13:30:00,99678.44
2025-02-21 13:35:00,99678.44
2025-02-21 13:40:00,99678.44
2025-02-21 13:45:00,99678.44
2025-02-21 13:50:00,99678.44
2025-02-21 13:55:00,99678.44
2025-02-21 14:00:00,99678.44
2025-02-21 14:05:00,99678.44
2025-02-21 14:10:00,99678.44
2025-02-21 14:15:00,99678.44
2025-02-21 14:20:00,99678.44
2025-02-21 14:25:00,99678.44
2025-02-21 14:30:00,99678.44
2025-02-21 14:35:00,99678.44
2025-02-21 14:40:00,99678.44
2025-02-21 14:45:00,99678.44
2025-02-21 14:50:00,99678.44
2025-02-21 14:55:00,99678.44
2025-02-21 15:00:00,99678.44
2025-02-21 15:05:00,99678.44
2025-02-21 15:10:00,99678.44
2025-02-21 15:15:00,99678.44
2025-02-21 15:20:00,99678.44
2025-02-21 15:25:00,99678.44
2025-02-21 15:30:00,99678.44
2025-02-24 09:15:00,99678.44
2025-02-24 09:20:00,99678.44
2025-02-24 09:25:00,99678.44
2025-02-24 09:30:00,99678.44
2025-02-24 09:35:00,99678.44
2025-02-24 09:40:00,99678.44
2025-02-24 09:45:00,99678.44
2025-02-24 09:50:00,99678.44
2025-02-24 09:55:00,99678.44
2025-02-24 10:00:00,99678.44
2025-02-24 10:05:00,99678.44
2025-02-24 10:10:00,99678.44
2025-02-24 10:15:00,99678.44
2025-02-24 10:20:00,99678.44
2025-02-24 10:25:00,99678.44
2025-02-24 10:30:00,99678.44
2025-02-24 10:35:00,99678.44
2025-02-24 10:40:00,99678.44
2025-02-24 10:45:00,99678.44
2025-02-24 10:50:00,99678.44
2025-02-24 10:55:00,99675.26999999999
2025-02-24 11:00:00,99675.26999999999
2025-02-24 11:05:00,99675.26999999999
2025-02-24 11:10:00,99675.26999999999
2025-02-24 11:15:00,99675.26999999999
2025-02-24 11:20:00,99675.26999999999
2025-02-24 11:25:00,99675.26999999999
2025-02-24 11:30:00,99675.26999999999
2025-02-24 11:35:00,99675.26999999999
2025-02-24 11:40:00,99675.26999999999
2025-02-24 11:45:00,99675.26999999999
2025-02-24 11:50:00,99675.26999999999
2025-02-24 11:55:00,99675.26999999999
2025-02-24 12:00:00,99675.26999999999
2025-02-24 12:05:00,99675.26999999999
2025-02-24 12:10:00,99675.26999999999
2025-02-24 12:15:00,99671.31999999999
2025-02-24 12:20:00,99671.31999999999
2025-02-24 12:25:00,99671.31999999999
2025-02-24 12:30:00,99671.31999999999
2025-02-24 12:35:00,99671.31999999999
2025-02-24 12:40:00,99671.31999999999
2025-02-24 12:45:00,99671.31999999999
2025-02-24 12:50:00,99671.31999999999
2025-02-24 12:55:00,99645.59
2025-02-24 13:00:00,99645.59
2025-02-24 13:05:00,99639.63999999998
2025-02-24 13:10:00,99639.63999999998
2025-02-24 13:15:00,99602.16999999998
2025-02-24 13:20:00,99602.16999999998
2025-02-24 13:25:00,99602.16999999998
2025-02-24 13:30:00,99602.16999999998
2025-02-24 13:35:00,99602.16999999998
2025-02-24 13:40:00,99602.16999999998
2025-02-24 13:45:00,99602.16999999998
2025-02-24 13:50:00,99602.16999999998
2025-02-24 13:55:00,99602.16999999998
2025-02-24 14:00:00,99602.16999999998
2025-02-24 14:05:00,99602.16999999998
2025-02-24 14:10:00,99602.16999999998
2025-02-24 14:15:00,99602.16999999998
2025-02-24 14:20:00,99602.16999999998
2025-02-24 14:25:00,99602.16999999998
2025-02-24 14:30:00,99602.16999999998
2025-02-24 14:35:00,99602.16999999998
2025-02-24 14:40:00,99602.16999999998
2025-02-24 14:45:00,99602.16999999998
2025-02-24 14:50:00,99602.16999999998
2025-02-24 14:55:00,99602.16999999998
2025-02-24 15:00:00,99602.16999999998
2025-02-24 15:05:00,99602.16999999998
2025-02-24 15:10:00,99602.16999999998
2025-02-24 15:15:00,99602.16999999998
2025-02-24 15:20:00,99568.68
2025-02-24 15:25:00,99568.68
2025-02-24 15:30:00,99568.68
2025-02-25 09:15:00,99568.68
2025-02-25 09:20:00,99568.68
2025-02-25 09:25:00,99568.68
2025-02-25 09:30:00,99568.68
2025-02-25 09:35:00,99568.68
2025-02-25 09:40:00,99568.68
2025-02-25 09:45:00,99568.68
2025-02-25 09:50:00,99568.68
2025-02-25 09:55:00,99568.68
2025-02-25 10:00:00,99568.68
2025-02-25 10:05:00,99568.68
2025-02-25 10:10:00,99568.68
2025-02-25 10:15:00,99568.68
2025-02-25 10:20:00,99568.68
2025-02-25 10:25:00,99568.68
2025-02-25 10:30:00,99568.68
2025-02-25 10:35:00,99568.68
2025-02-25 10:40:00,99568.68
2025-02-25 10:45:00,99568.68
2025-02-25 10:50:00,99568.68
2025-02-25 10:55:00,99568.68
2025-02-25 11:00:00,99568.68
2025-02-25 11:05:00,99568.68
2025-02-25 11:10:00,99568.68
2025-02-25 11:15:00,99568.68
2025-02-25 11:20:00,99568.68
2025-02-25 11:25:00,99568.68
2025-02-25 11:30:00,99568.68
2025-02-25 11:35:00,99568.68
2025-02-25 11:40:00,99568.68
2025-02-25 11:45:00,99568.68
2025-02-25 11:50:00,99568.68
2025-02-25 11:55:00,99568.68
2025-02-25 12:00:00,99568.68
2025-02-25 12:05:00,99568.68
2025-02-25 12:10:00,99568.68
2025-02-25 12:15:00,99568.68
2025-02-25 12:20:00,99568.68
2025-02-25 12:25:00,99568.68
2025-02-25 12:30:00,99516.87999999999
2025-02-25 12:35:00,99516.87999999999
2025-02-25 12:40:00,99516.87999999999
2025-02-25 12:45:00,99516.87999999999
2025-02-25 12:50:00,99516.87999999999
2025-02-25 12:55:00,99516.87999999999
2025-02-25 13:00:00,99516.87999999999
2025-02-25 13:05:00,99516.87999999999
2025-02-25 13:10:00,99516.87999999999
2025-02-25 13:15:00,99476.84
2025-02-25 13:20:00,99476.84
2025-02-25 13:25:00,99476.84
2025-02-25 13:30:00,99476.84
2025-02-25 13:35:00,99476.84
2025-02-25 13:40:00,99476.84
2025-02-25 13:45:00,99476.84
2025-02-25 13:50:00,99476.84
2025-02-25 13:55:00,99476.84
2025-02-25 14:00:00,99476.84
2025-02-25 14:05:00,99476.84
2025-02-25 14:10:00,99476.84
2025-02-25 14:15:00,99476.84
2025-02-25 14:20:00,99476.84
2025-02-25 14:25:00,99446.78
2025-02-25 14:30:00,99446.78
2025-02-25 14:35:00,99446.78
2025-02-25 14:40:00,99446.78
2025-02-25 14:45:00,99446.78
2025-02-25 14:50:00,99446.78
2025-02-25 14:55:00,99446.78
2025-02-25 15:00:00,99446.78
2025-02-25 15:05:00,99446.78
2025-02-25 15:10:00,99446.78
2025-02-25 15:15:00,99446.78
2025-02-25 15:20:00,99446.78
2025-02-25 15:25:00,99446.78
2025-02-25 15:30:00,99446.78
2025-02-26 09:15:00,99446.78
2025-02-26 09:20:00,99446.78
2025-02-26 09:25:00,99446.78
2025-02-26 09:30:00,99446.78
2025-02-26 09:35:00,99446.78
2025-02-26 09:40:00,99446.78
2025-02-26 09:45:00,99446.78
2025-02-26 09:50:00,99446.78
2025-02-26 09:55:00,99446.78
2025-02-26 10:00:00,99446.78
2025-02-26 10:05:00,99446.78
2025-02-26 10:10:00,99472.56999999999
2025-02-26 10:15:00,99472.56999999999
2025-02-26 10:20:00,99472.56999999999
2025-02-26 10:25:00,99472.56999999999
2025-02-26 10:30:00,99472.56999999999
2025-02-26 10:35:00,99472.56999999999
2025-02-26 10:40:00,99472.56999999999
2025-02-26 10:45:00,99472.56999999999
2025-02-26 10:50:00,99472.56999999999
2025-02-26 10:55:00,99472.56999999999
2025-02-26 11:00:00,99472.56999999999
2025-02-26 11:05:00,99472.56999999999
2025-02-26 11:10:00,99472.56999999999
2025-02-26 11:15:00,99472.56999999999
2025-02-26 11:20:00,99472.56999999999
2025-02-26 11:25:00,99472.56999999999
2025-02-26 11:30:00,99472.56999999999
2025-02-26 11:35:00,99472.56999999999
2025-02-26 11:40:00,99472.56999999999
2025-02-26 11:45:00,99472.56999999999
2025-02-26 11:50:00,99472.56999999999
2025-02-26 11:55:00,99472.56999999999
2025-02-26 12:00:00,99472.56999999999
2025-02-26 12:05:00,99472.56999999999
2025-02-26 12:10:00,99472.56999999999
2025-02-26 12:15:00,99472.56999999999
2025-02-26 12:20:00,99472.56999999999
2025-02-26 12:25:00,99472.56999999999
2025-02-26 12:30:00,99472.56999999999
2025-02-26 12:35:00,99472.56999999999
2025-02-26 12:40:00,99472.56999999999
2025-02-26 12:45:00,99472.56999999999
2025-02-26 12:50:00,99472.56999999999
2025-02-26 12:55:00,99472.56999999999
2025-02-26 13:00:00,99472.56999999999
2025-02-26 13:05:00,99472.56999999999
2025-02-26 13:10:00,99472.56999999999
2025-02-26 13:15:00,99472.56999999999
2025-02-26 13:20:00,99472.56999999999
2025-02-26 13:25:00,99472.56999999999
2025-02-26 13:30:00,99472.56999999999
2025-02-26 13:35:00,99472.56999999999
2025-02-26 13:40:00,99472.56999999999
2025-02-26 13:45:00,99472.56999999999
2025-02-26 13:50:00,99472.56999999999
2025-02-26 13:55:00,99472.56999999999
2025-02-26 14:00:00,99472.56999999999
2025-02-26 14:05:00,99472.56999999999
2025-02-26 14:10:00,99472.56999999999
2025-02-26 14:15:00,99472.56999999999
2025-02-26 14:20:00,99472.56999999999
2025-02-26 14:25:00,99472.56999999999
2025-02-26 14:30:00,99472.56999999999
2025-02-26 14:35:00,99472.56999999999
2025-02-26 14:40:00,99472.56999999999
2025-02-26 14:45:00,99472.56999999999
2025-02-26 14:50:00,99472.56999999999
2025-02-26 14:55:00,99472.56999999999
2025-02-26 15:00:00,99472.56999999999
2025-02-26 15:05:00,99472.56999999999
2025-02-26 15:10:00,99472.56999999999
2025-02-26 15:15:00,99429.97
2025-02-26 15:20:00,99429.97
2025-02-26 15:25:00,99429.97
2025-02-26 15:30:00,99429.97
2025-02-27 09:15:00,99429.97
2025-02-27 09:20:00,99429.97
2025-02-27 09:25:00,99429.97
2025-02-27 09:30:00,99429.97
2025-02-27 09:35:00,99429.97
2025-02-27 09:40:00,99429.97
2025-02-27 09:45:00,99429.97
2025-02-27 09:50:00,99429.97
2025-02-27 09:55:00,99429.97
2025-02-27 10:00:00,99429.97
2025-02-27 10:05:00,99429.97
2025-02-27 10:10:00,99429.97
2025-02-27 10:15:00,99429.97
2025-02-27 10:20:00,99429.97
2025-02-27 10:25:00,99429.97
2025-02-27 10:30:00,99429.97
2025-02-27 10:35:00,99429.97
2025-02-27 10:40:00,99429.97
2025-02-27 10:45:00,99429.97
2025-02-27 10:50:00,99429.97
2025-02-27 10:55:00,99429.97
2025-02-27 11:00:00,99451.93
2025-02-27 11:05:00,99451.93
2025-02-27 11:10:00,99451.93
2025-02-27 11:15:00,99451.93
2025-02-27 11:20:00,99451.93
2025-02-27 11:25:00,99451.93
2025-02-27 11:30:00,99451.93
2025-02-27 11:35:00,99451.93
2025-02-27 11:40:00,99451.93
2025-02-27 11:45:00,99451.93
2025-02-27 11:50:00,99451.93
2025-02-27 11:55:00,99451.93
2025-02-27 12:00:00,99451.93
2025-02-27 12:05:00,99451.93
2025-02-27 12:10:00,99451.93
2025-02-27 12:15:00,99451.93
2025-02-27 12:20:00,99451.93
2025-02-27 12:25:00,99451.93
2025-02-27 12:30:00,99451.93
2025-02-27 12:35:00,99451.93
2025-02-27 12:40:00,99451.93
2025-02-27 12:45:00,99451.93
2025-02-27 12:50:00,99451.93
2025-02-27 12:55:00,99451.93
2025-02-27 13:00:00,99451.93
2025-02-27 13:05:00,99451.93
2025-02-27 13:10:00,99451.93
2025-02-27 13:15:00,99451.93
2025-02-27 13:20:00,99451.93
2025-02-27 13:25:00,99451.93
2025-02-27 13:30:00,99451.93
2025-02-27 13:35:00,99451.93
2025-02-27 13:40:00,99451.93
2025-02-27 13:45:00,99451.93
2025-02-27 13:50:00,99451.93
2025-02-27 13:55:00,99581.25
2025-02-27 14:00:00,99581.25
2025-02-27 14:05:00,99581.25
2025-02-27 14:10:00,99581.25
2025-02-27 14:15:00,99581.25
2025-02-27 14:20:00,99581.25
2025-02-27 14:25:00,99581.25
2025-02-27 14:30:00,99581.25
2025-02-27 14:35:00,99581.25
2025-02-27 14:40:00,99581.25
2025-02-27 14:45:00,99581.25
2025-02-27 14:50:00,99581.25
2025-02-27 14:55:00,99581.25
2025-02-27 15:00:00,99581.25
2025-02-27 15:05:00,99581.25
2025-02-27 15:10:00,99581.25
2025-02-27 15:15:00,99581.25
2025-02-27 15:20:00,99581.25
2025-02-27 15:25:00,99581.25
2025-02-27 15:30:00,99581.25
2025-02-28 09:15:00,99581.25
2025-02-28 09:20:00,99581.25
2025-02-28 09:25:00,99581.25
2025-02-28 09:30:00,99581.25
2025-02-28 09:35:00,99581.25
2025-02-28 09:40:00,99581.25
2025-02-28 09:45:00,99581.25
2025-02-28 09:50:00,99581.25
2025-02-28 09:55:00,99581.25
2025-02-28 10:00:00,99581.25
2025-02-28 10:05:00,99581.25
2025-02-28 10:10:00,99581.25
2025-02-28 10:15:00,99581.25
2025-02-28 10:20:00,99581.25
2025-02-28 10:25:00,99581.25
2025-02-28 10:30:00,99581.25
2025-02-28 10:35:00,99581.25
2025-02-28 10:40:00,99581.25
2025-02-28 10:45:00,99581.25
2025-02-28 10:50:00,99581.25
2025-02-28 10:55:00,99581.25
2025-02-28 11:00:00,99581.25
2025-02-28 11:05:00,99581.25
2025-02-28 11:10:00,99581.25
2025-02-28 11:15:00,99581.25
2025-02-28 11:20:00,99581.25
2025-02-28 11:25:00,99581.25
2025-02-28 11:30:00,99581.25
2025-02-28 11:35:00,99581.25
2025-02-28 11:40:00,99581.25
2025-02-28 11:45:00,99581.25
2025-02-28 11:50:00,99581.25
2025-02-28 11:55:00,99581.25
2025-02-28 12:00:00,99581.25
2025-02-28 12:05:00,99581.25
2025-02-28 12:10:00,99581.25
2025-02-28 12:15:00,99581.25
2025-02-28 12:20:00,99581.25
2025-02-28 12:25:00,99581.25
2025-02-28 12:30:00,99581.25
2025-02-28 12:35:00,99581.25
2025-02-28 12:40:00,99581.25
2025-02-28 12:45:00,99581.25
2025-02-28 12:50:00,99581.25
2025-02-28 12:55:00,99581.25
2025-02-28 13:00:00,99581.25
2025-02-28 13:05:00,99581.25
2025-02-28 13:10:00,99581.25
2025-02-28 13:15:00,99581.25
2025-02-28 13:20:00,99581.25
2025-02-28 13:25:00,99581.25
2025-02-28 13:30:00,99581.25
2025-02-28 13:35:00,99581.25
2025-02-28 13:40:00,99581.25
2025-02-28 13:45:00,99581.25
2025-02-28 13:50:00,99581.25
2025-02-28 13:55:00,99581.25
2025-02-28 14:00:00,99581.25
2025-02-28 14:05:00,99581.25
2025-02-28 14:10:00,99581.25
2025-02-28 14:15:00,99581.25
2025-02-28 14:20:00,99581.25
2025-02-28 14:25:00,99581.25
2025-02-28 14:30:00,99581.25
2025-02-28 14:35:00,99581.25
2025-02-28 14:40:00,99581.25
2025-02-28 14:45:00,99581.25
2025-02-28 14:50:00,99581.25
2025-02-28 14:55:00,99581.25
2025-02-28 15:00:00,99581.25
2025-02-28 15:05:00,99581.25
2025-02-28 15:10:00,99581.25
2025-02-28 15:15:00,99581.25
2025-02-28 15:20:00,99581.25
2025-02-28 15:25:00,99581.25
2025-02-28 15:30:00,99581.25
2025-03-03 09:15:00,99581.25
2025-03-03 09:20:00,99581.25
2025-03-03 09:25:00,99581.25
2025-03-03 09:30:00,99581.25
2025-03-03 09:35:00,99581.25
2025-03-03 09:40:00,99581.25
2025-03-03 09:45:00,99581.25
2025-03-03 09:50:00,99581.25
2025-03-03 09:55:00,99581.25
2025-03-03 10:00:00,99581.25
2025-03-03 10:05:00,99581.25
2025-03-03 10:10:00,99581.25
2025-03-03 10:15:00,99581.25
2025-03-03 10:20:00,99581.25
2025-03-03 10:25:00,99581.25
2025-03-03 10:30:00,99581.25
2025-03-03 10:35:00,99581.25
2025-03-03 10:40:00,99581.25
2025-03-03 10:45:00,99581.25
2025-03-03 10:50:00,99581.25
2025-03-03 10:55:00,99581.25
2025-03-03 11:00:00,99581.25
2025-03-03 11:05:00,99581.25
2025-03-03 11:10:00,99581.25
2025-03-03 11:15:00,99581.25
2025-03-03 11:20:00,99581.25
2025-03-03 11:25:00,99581.25
2025-03-03 11:30:00,99581.25
2025-03-03 11:35:00,99581.25
2025-03-03 11:40:00,99581.25
2025-03-03 11:45:00,99581.25
2025-03-03 11:50:00,99581.25
2025-03-03 11:55:00,99581.25
2025-03-03 12:00:00,99581.25
2025-03-03 12:05:00,99581.25
2025-03-03 12:10:00,99581.25
2025-03-03 12:15:00,99581.25
2025-03-03 12:20:00,99581.25
2025-03-03 12:25:00,99581.25
2025-03-03 12:30:00,99581.25
2025-03-03 12:35:00,99581.25
2025-03-03 12:40:00,99581.25
2025-03-03 12:45:00,99581.25
2025-03-03 12:50:00,99581.25
2025-03-03 12:55:00,99581.25
2025-03-03 13:00:00,99581.25
2025-03-03 13:05:00,99581.25
2025-03-03 13:10:00,99581.25
2025-03-03 13:15:00,99581.25
2025-03-03 13:20:00,99581.25
2025-03-03 13:25:00,99581.25
2025-03-03 13:30:00,99581.25
2025-03-03 13:35:00,99581.25
2025-03-03 13:40:00,99581.25
2025-03-03 13:45:00,99581.25
2025-03-03 13:50:00,99581.25
2025-03-03 13:55:00,99581.25
2025-03-03 14:00:00,99581.25
2025-03-03 14:05:00,99581.25
2025-03-03 14:10:00,99581.25
2025-03-03 14:15:00,99581.25
2025-03-03 14:20:00,99581.25
2025-03-03 14:25:00,99581.25
2025-03-03 14:30:00,99581.25
2025-03-03 14:35:00,99581.25
2025-03-03 14:40:00,99581.25
2025-03-03 14:45:00,99581.25
2025-03-03 14:50:00,99581.25
2025-03-03 14:55:00,99581.25
2025-03-03 15:00:00,99581.25
2025-03-03 15:05:00,99581.25
2025-03-03 15:10:00,99581.25
2025-03-03 15:15:00,99581.25
2025-03-03 15:20:00,99581.25
2025-03-03 15:25:00,99581.25
2025-03-03 15:30:00,99581.25
2025-03-04 09:15:00,99581.25
2025-03-04 09:20:00,99581.25
2025-03-04 09:25:00,99581.25
2025-03-04 09:30:00,99581.25
2025-03-04 09:35:00,99581.25
2025-03-04 09:40:00,99581.25
2025-03-04 09:45:00,99581.25
2025-03-04 09:50:00,99581.25
2025-03-04 09:55:00,99581.25
2025-03-04 10:00:00,99581.25
2025-03-04 10:05:00,99581.25
2025-03-04 10:10:00,99581.25
2025-03-04 10:15:00,99581.25
2025-03-04 10:20:00,99581.25
2025-03-04 10:25:00,99581.25
2025-03-04 10:30:00,99581.25
2025-03-04 10:35:00,99581.25
2025-03-04 10:40:00,99581.25
2025-03-04 10:45:00,99581.25
2025-03-04 10:50:00,99581.25
2025-03-04 10:55:00,99581.25
2025-03-04 11:00:00,99581.25
2025-03-04 11:05:00,99581.25
2025-03-04 11:10:00,99581.25
2025-03-04 11:15:00,99581.25
2025-03-04 11:20:00,99581.25
2025-03-04 11:25:00,99581.25
2025-03-04 11:30:00,99581.25
2025-03-04 11:35:00,99581.25
2025-03-04 11:40:00,99581.25
2025-03-04 11:45:00,99581.25
2025-03-04 11:50:00,99581.25
2025-03-04 11:55:00,99581.25
2025-03-04 12:00:00,99581.25
2025-03-04 12:05:00,99581.25
2025-03-04 12:10:00,99581.25
2025-03-04 12:15:00,99581.25
2025-03-04 12:20:00,99581.25
2025-03-04 12:25:00,99581.25
2025-03-04 12:30:00,99581.25
2025-03-04 12:35:00,99581.25
2025-03-04 12:40:00,99581.25
2025-03-04 12:45:00,99581.25
2025-03-04 12:50:00,99581.25
2025-03-04 12:55:00,99581.25
2025-03-04 13:00:00,99581.25
2025-03-04 13:05:00,99581.25
2025-03-04 13:10:00,99581.25
2025-03-04 13:15:00,99581.25
2025-03-04 13:20:00,99581.25
2025-03-04 13:25:00,99581.25
2025-03-04 13:30:00,99581.25
2025-03-04 13:35:00,99581.25
2025-03-04 13:40:00,99581.25
2025-03-04 13:45:00,99581.25
2025-03-04 13:50:00,99581.25
2025-03-04 13:55:00,99581.25
2025-03-04 14:00:00,99581.25
2025-03-04 14:05:00,99581.25
2025-03-04 14:10:00,99581.25
2025-03-04 14:15:00,99581.25
2025-03-04 14:20:00,99581.25
2025-03-04 14:25:00,99581.25
2025-03-04 14:30:00,99581.25
2025-03-04 14:35:00,99581.25
2025-03-04 14:40:00,99581.25
2025-03-04 14:45:00,99581.25
2025-03-04 14:50:00,99581.25
2025-03-04 14:55:00,99581.25
2025-03-04 15:00:00,99581.25
2025-03-04 15:05:00,99581.25
2025-03-04 15:10:00,99581.25
2025-03-04 15:15:00,99581.25
2025-03-04 15:20:00,99581.25
2025-03-04 15:25:00,99581.25
2025-03-04 15:30:00,99581.25
2025-03-05 09:15:00,99581.25
2025-03-05 09:20:00,99581.25
2025-03-05 09:25:00,99581.25
2025-03-05 09:30:00,99581.25
2025-03-05 09:35:00,99581.25
2025-03-05 09:40:00,99581.25
2025-03-05 09:45:00,99581.25
2025-03-05 09:50:00,99581.25
2025-03-05 09:55:00,99581.25
2025-03-05 10:00:00,99581.25
2025-03-05 10:05:00,99581.25
2025-03-05 10:10:00,99581.25
2025-03-05 10:15:00,99581.25
2025-03-05 10:20:00,99581.25
2025-03-05 10:25:00,99581.25
2025-03-05 10:30:00,99581.25
2025-03-05 10:35:00,99581.25
2025-03-05 10:40:00,99581.25
2025-03-05 10:45:00,99581.25
2025-03-05 10:50:00,99581.25
2025-03-05 10:55:00,99581.25
2025-03-05 11:00:00,99581.25
2025-03-05 11:05:00,99581.25
2025-03-05 11:10:00,99581.25
2025-03-05 11:15:00,99581.25
2025-03-05 11:20:00,99581.25
2025-03-05 11:25:00,99581.25
2025-03-05 11:30:00,99581.25
2025-03-05 11:35:00,99581.25
2025-03-05 11:40:00,99581.25
2025-03-05 11:45:00,99581.25
2025-03-05 11:50:00,99581.25
2025-03-05 11:55:00,99581.25
2025-03-05 12:00:00,99581.25
2025-03-05 12:05:00,99581.25
2025-03-05 12:10:00,99581.25
2025-03-05 12:15:00,99581.25
2025-03-05 12:20:00,99581.25
2025-03-05 12:25:00,99581.25
2025-03-05 12:30:00,99581.25
2025-03-05 12:35:00,99581.25
2025-03-05 12:40:00,99581.25
2025-03-05 12:45:00,99581.25
2025-03-05 12:50:00,99581.25
2025-03-05 12:55:00,99581.25
2025-03-05 13:00:00,99581.25
2025-03-05 13:05:00,99581.25
2025-03-05 13:10:00,99581.25
2025-03-05 13:15:00,99581.25
2025-03-05 13:20:00,99581.25
2025-03-05 13:25:00,99581.25
2025-03-05 13:30:00,99581.25
2025-03-05 13:35:00,99581.25
2025-03-05 13:40:00,99581.25
2025-03-05 13:45:00,99581.25
2025-03-05 13:50:00,99581.25
2025-03-05 13:55:00,99581.25
2025-03-05 14:00:00,99581.25
2025-03-05 14:05:00,99581.25
2025-03-05 14:10:00,99581.25
2025-03-05 14:15:00,99581.25
2025-03-05 14:20:00,99581.25
2025-03-05 14:25:00,99581.25
2025-03-05 14:30:00,99581.25
2025-03-05 14:35:00,99581.25
2025-03-05 14:40:00,99581.25
2025-03-05 14:45:00,99581.25
2025-03-05 14:50:00,99581.25
2025-03-05 14:55:00,99581.25
2025-03-05 15:00:00,99581.25
2025-03-05 15:05:00,99581.25
2025-03-05 15:10:00,99581.25
2025-03-05 15:15:00,99581.25
2025-03-05 15:20:00,99581.25
2025-03-05 15:25:00,99581.25
2025-03-05 15:30:00,99581.25
2025-03-06 09:15:00,99581.25
2025-03-06 09:20:00,99581.25
2025-03-06 09:25:00,99581.25
2025-03-06 09:30:00,99581.25
2025-03-06 09:35:00,99581.25
2025-03-06 09:40:00,99581.25
2025-03-06 09:45:00,99581.25
2025-03-06 09:50:00,99581.25
2025-03-06 09:55:00,99581.25
2025-03-06 10:00:00,99581.25
2025-03-06 10:05:00,99581.25
2025-03-06 10:10:00,99581.25
2025-03-06 10:15:00,99581.25
2025-03-06 10:20:00,99581.25
2025-03-06 10:25:00,99581.25
2025-03-06 10:30:00,99581.25
2025-03-06 10:35:00,99581.25
2025-03-06 10:40:00,99581.25
2025-03-06 10:45:00,99581.25
2025-03-06 10:50:00,99581.25
2025-03-06 10:55:00,99581.25
2025-03-06 11:00:00,99581.25
2025-03-06 11:05:00,99581.25
2025-03-06 11:10:00,99581.25
2025-03-06 11:15:00,99581.25
2025-03-06 11:20:00,99581.25
2025-03-06 11:25:00,99581.25
2025-03-06 11:30:00,99581.25
2025-03-06 11:35:00,99581.25
2025-03-06 11:40:00,99581.25
2025-03-06 11:45:00,99581.25
2025-03-06 11:50:00,99581.25
2025-03-06 11:55:00,99581.25
2025-03-06 12:00:00,99581.25
2025-03-06 12:05:00,99581.25
2025-03-06 12:10:00,99581.25
2025-03-06 12:15:00,99581.25
2025-03-06 12:20:00,99581.25
2025-03-06 12:25:00,99581.25
2025-03-06 12:30:00,99581.25
2025-03-06 12:35:00,99581.25
2025-03-06 12:40:00,99581.25
2025-03-06 12:45:00,99581.25
2025-03-06 12:50:00,99581.25
2025-03-06 12:55:00,99581.25
2025-03-06 13:00:00,99581.25
2025-03-06 13:05:00,99581.25
2025-03-06 13:10:00,99581.25
2025-03-06 13:15:00,99581.25
2025-03-06 13:20:00,99581.25
2025-03-06 13:25:00,99581.25
2025-03-06 13:30:00,99581.25
2025-03-06 13:35:00,99581.25
2025-03-06 13:40:00,99581.25
2025-03-06 13:45:00,99581.25
2025-03-06 13:50:00,99581.25
2025-03-06 13:55:00,99581.25
2025-03-06 14:00:00,99581.25
2025-03-06 14:05:00,99581.25
2025-03-06 14:10:00,99581.25
2025-03-06 14:15:00,99581.25
2025-03-06 14:20:00,99581.25
2025-03-06 14:25:00,99581.25
2025-03-06 14:30:00,99581.25
2025-03-06 14:35:00,99581.25
2025-03-06 14:40:00,99581.25
2025-03-06 14:45:00,99581.25
2025-03-06 14:50:00,99581.25
2025-03-06 14:55:00,99581.25
2025-03-06 15:00:00,99581.25
2025-03-06 15:05:00,99581.25
2025-03-06 15:10:00,99581.25
2025-03-06 15:15:00,99581.25
2025-03-06 15:20:00,99581.25
2025-03-06 15:25:00,99581.25
2025-03-06 15:30:00,99581.25
2025-03-07 09:15:00,99581.25
2025-03-07 09:20:00,99581.25
2025-03-07 09:25:00,99581.25
2025-03-07 09:30:00,99581.25
2025-03-07 09:35:00,99581.25
2025-03-07 09:40:00,99581.25
2025-03-07 09:45:00,99581.25
2025-03-07 09:50:00,99581.25
2025-03-07 09:55:00,99581.25
2025-03-07 10:00:00,99581.25
2025-03-07 10:05:00,99581.25
2025-03-07 10:10:00,99581.25
2025-03-07 10:15:00,99581.25
2025-03-07 10:20:00,99581.25
2025-03-07 10:25:00,99581.25
2025-03-07 10:30:00,99581.25
2025-03-07 10:35:00,99581.25
2025-03-07 10:40:00,99581.25
2025-03-07 10:45:00,99581.25
2025-03-07 10:50:00,99581.25
2025-03-07 10:55:00,99581.25
2025-03-07 11:00:00,99581.25
2025-03-07 11:05:00,99581.25
2025-03-07 11:10:00,99581.25
2025-03-07 11:15:00,99581.25
2025-03-07 11:20:00,99581.25
2025-03-07 11:25:00,99581.25
2025-03-07 11:30:00,99581.25
2025-03-07 11:35:00,99581.25
2025-03-07 11:40:00,99581.25
2025-03-07 11:45:00,99581.25
2025-03-07 11:50:00,99581.25
2025-03-07 11:55:00,99581.25
2025-03-07 12:00:00,99581.25
2025-03-07 12:05:00,99581.25
2025-03-07 12:10:00,99581.25
2025-03-07 12:15:00,99581.25
2025-03-07 12:20:00,99581.25
2025-03-07 12:25:00,99581.25
2025-03-07 12:30:00,99581.25
2025-03-07 12:35:00,99581.25
2025-03-07 12:40:00,99581.25
2025-03-07 12:45:00,99581.25
2025-03-07 12:50:00,99581.25
2025-03-07 12:55:00,99581.25
2025-03-07 13:00:00,99581.25
2025-03-07 13:05:00,99581.25
2025-03-07 13:10:00,99581.25
2025-03-07 13:15:00,99581.25
2025-03-07 13:20:00,99581.25
2025-03-07 13:25:00,99581.25
2025-03-07 13:30:00,99581.25
2025-03-07 13:35:00,99581.25
2025-03-07 13:40:00,99581.25
2025-03-07 13:45:00,99581.25
2025-03-07 13:50:00,99581.25
2025-03-07 13:55:00,99581.25
2025-03-07 14:00:00,99581.25
2025-03-07 14:05:00,99581.25
2025-03-07 14:10:00,99581.25
2025-03-07 14:15:00,99581.25
2025-03-07 14:20:00,99581.25
2025-03-07 14:25:00,99581.25
2025-03-07 14:30:00,99581.25
2025-03-07 14:35:00,99581.25
2025-03-07 14:40:00,99581.25
2025-03-07 14:45:00,99581.25
2025-03-07 14:50:00,99581.25
2025-03-07 14:55:00,99581.25
2025-03-07 15:00:00,99581.25
2025-03-07 15:05:00,99581.25
2025-03-07 15:10:00,99581.25
2025-03-07 15:15:00,99581.25
2025-03-07 15:20:00,99581.25
2025-03-07 15:25:00,99581.25
2025-03-07 15:30:00,99581.25
2025-03-10 09:15:00,99581.25
2025-03-10 09:20:00,99581.25
2025-03-10 09:25:00,99581.25
2025-03-10 09:30:00,99581.25
2025-03-10 09:35:00,99581.25
2025-03-10 09:40:00,99581.25
2025-03-10 09:45:00,99581.25
2025-03-10 09:50:00,99581.25
2025-03-10 09:55:00,99581.25
2025-03-10 10:00:00,99581.25
2025-03-10 10:05:00,99581.25
2025-03-10 10:10:00,99581.25
2025-03-10 10:15:00,99581.25
2025-03-10 10:20:00,99581.25
2025-03-10 10:25:00,99581.25
2025-03-10 10:30:00,99581.25
2025-03-10 10:35:00,99581.25
2025-03-10 10:40:00,99581.25
2025-03-10 10:45:00,99581.25
2025-03-10 10:50:00,99581.25
2025-03-10 10:55:00,99581.25
2025-03-10 11:00:00,99581.25
2025-03-10 11:05:00,99581.25
2025-03-10 11:10:00,99581.25
2025-03-10 11:15:00,99581.25
2025-03-10 11:20:00,99581.25
2025-03-10 11:25:00,99581.25
2025-03-10 11:30:00,99581.25
2025-03-10 11:35:00,99581.25
2025-03-10 11:40:00,99581.25
2025-03-10 11:45:00,99581.25
2025-03-10 11:50:00,99581.25
2025-03-10 11:55:00,99581.25
2025-03-10 12:00:00,99581.25
2025-03-10 12:05:00,99581.25
2025-03-10 12:10:00,99581.25
2025-03-10 12:15:00,99581.25
2025-03-10 12:20:00,99581.25
2025-03-10 12:25:00,99581.25
2025-03-10 12:30:00,99581.25
2025-03-10 12:35:00,99581.25
2025-03-10 12:40:00,99581.25
2025-03-10 12:45:00,99581.25
2025-03-10 12:50:00,99581.25
2025-03-10 12:55:00,99581.25
2025-03-10 13:00:00,99581.25
2025-03-10 13:05:00,99581.25
2025-03-10 13:10:00,99581.25
2025-03-10 13:15:00,99581.25
2025-03-10 13:20:00,99581.25
2025-03-10 13:25:00,99581.25
2025-03-10 13:30:00,99581.25
2025-03-10 13:35:00,99581.25
2025-03-10 13:40:00,99581.25
2025-03-10 13:45:00,99581.25
2025-03-10 13:50:00,99581.25
2025-03-10 13:55:00,99581.25
2025-03-10 14:00:00,99581.25
2025-03-10 14:05:00,99581.25
2025-03-10 14:10:00,99581.25
2025-03-10 14:15:00,99581.25
2025-03-10 14:20:00,99581.25
2025-03-10 14:25:00,99581.25
2025-03-10 14:30:00,99581.25
2025-03-10 14:35:00,99581.25
2025-03-10 14:40:00,99581.25
2025-03-10 14:45:00,99581.25
2025-03-10 14:50:00,99581.25
2025-03-10 14:55:00,99581.25
2025-03-10 15:00:00,99581.25
2025-03-10 15:05:00,99581.25
2025-03-10 15:10:00,99581.25
2025-03-10 15:15:00,99581.25
2025-03-10 15:20:00,99581.25
2025-03-10 15:25:00,99581.25
2025-03-10 15:30:00,99581.25
2025-03-11 09:15:00,99581.25
2025-03-11 09:20:00,99581.25
2025-03-11 09:25:00,99581.25
2025-03-11 09:30:00,99581.25
2025-03-11 09:35:00,99581.25
2025-03-11 09:40:00,99581.25
2025-03-11 09:45:00,99581.25
2025-03-11 09:50:00,99581.25
2025-03-11 09:55:00,99581.25
2025-03-11 10:00:00,99581.25
2025-03-11 10:05:00,99581.25
2025-03-11 10:10:00,99581.25
2025-03-11 10:15:00,99581.25
2025-03-11 10:20:00,99581.25
2025-03-11 10:25:00,99581.25
2025-03-11 10:30:00,99581.25
2025-03-11 10:35:00,99581.25
2025-03-11 10:40:00,99581.25
2025-03-11 10:45:00,99581.25
2025-03-11 10:50:00,99581.25
2025-03-11 10:55:00,99581.25
2025-03-11 11:00:00,99581.25
2025-03-11 11:05:00,99581.25
2025-03-11 11:10:00,99581.25
2025-03-11 11:15:00,99581.25
2025-03-11 11:20:00,99581.25
2025-03-11 11:25:00,99581.25
2025-03-11 11:30:00,99581.25
2025-03-11 11:35:00,99581.25
2025-03-11 11:40:00,99581.25
2025-03-11 11:45:00,99581.25
2025-03-11 11:50:00,99581.25
2025-03-11 11:55:00,99581.25
2025-03-11 12:00:00,99581.25
2025-03-11 12:05:00,99581.25
2025-03-11 12:10:00,99581.25
2025-03-11 12:15:00,99581.25
2025-03-11 12:20:00,99581.25
2025-03-11 12:25:00,99581.25
2025-03-11 12:30:00,99581.25
2025-03-11 12:35:00,99581.25
2025-03-11 12:40:00,99581.25
2025-03-11 12:45:00,99581.25
2025-03-11 12:50:00,99581.25
2025-03-11 12:55:00,99581.25
2025-03-11 13:00:00,99581.25
2025-03-11 13:05:00,99581.25
2025-03-11 13:10:00,99581.25
2025-03-11 13:15:00,99581.25
2025-03-11 13:20:00,99581.25
2025-03-11 13:25:00,99581.25
2025-03-11 13:30:00,99581.25
2025-03-11 13:35:00,99581.25
2025-03-11 13:40:00,99581.25
2025-03-11 13:45:00,99581.25
2025-03-11 13:50:00,99581.25
2025-03-11 13:55:00,99581.25
2025-03-11 14:00:00,99581.25
2025-03-11 14:05:00,99581.25
2025-03-11 14:10:00,99581.25
2025-03-11 14:15:00,99581.25
2025-03-11 14:20:00,99581.25
2025-03-11 14:25:00,99581.25
2025-03-11 14:30:00,99581.25
2025-03-11 14:35:00,99581.25
2025-03-11 14:40:00,99581.25
2025-03-11 14:45:00,99581.25
2025-03-11 14:50:00,99581.25
2025-03-11 14:55:00,99581.25
2025-03-11 15:00:00,99581.25
2025-03-11 15:05:00,99581.25
2025-03-11 15:10:00,99581.25
2025-03-11 15:15:00,99581.25
2025-03-11 15:20:00,99581.25
2025-03-11 15:25:00,99581.25
2025-03-11 15:30:00,99581.25
2025-03-12 09:15:00,99581.25
2025-03-12 09:20:00,99581.25
2025-03-12 09:25:00,99581.25
2025-03-12 09:30:00,99581.25
2025-03-12 09:35:00,99581.25
2025-03-12 09:40:00,99581.25
2025-03-12 09:45:00,99581.25
2025-03-12 09:50:00,99581.25
2025-03-12 09:55:00,99581.25
2025-03-12 10:00:00,99581.25
2025-03-12 10:05:00,99581.25
2025-03-12 10:10:00,99581.25
2025-03-12 10:15:00,99581.25
2025-03-12 10:20:00,99581.25
2025-03-12 10:25:00,99581.25
2025-03-12 10:30:00,99581.25
2025-03-12 10:35:00,99581.25
2025-03-12 10:40:00,99581.25
2025-03-12 10:45:00,99581.25
2025-03-12 10:50:00,99581.25
2025-03-12 10:55:00,99581.25
2025-03-12 11:00:00,99581.25
2025-03-12 11:05:00,99581.25
2025-03-12 11:10:00,99581.25
2025-03-12 11:15:00,99581.25
2025-03-12 11:20:00,99581.25
2025-03-12 11:25:00,99581.25
2025-03-12 11:30:00,99581.25
2025-03-12 11:35:00,99581.25
2025-03-12 11:40:00,99581.25
2025-03-12 11:45:00,99581.25
2025-03-12 11:50:00,99581.25
2025-03-12 11:55:00,99581.25
2025-03-12 12:00:00,99581.25
2025-03-12 12:05:00,99581.25
2025-03-12 12:10:00,99581.25
2025-03-12 12:15:00,99581.25
2025-03-12 12:20:00,99581.25
2025-03-12 12:25:00,99581.25
2025-03-12 12:30:00,99581.25
2025-03-12 12:35:00,99581.25
2025-03-12 12:40:00,99581.25
2025-03-12 12:45:00,99581.25
2025-03-12 12:50:00,99581.25
2025-03-12 12:55:00,99581.25
2025-03-12 13:00:00,99581.25
2025-03-12 13:05:00,99581.25
2025-03-12 13:10:00,99581.25
2025-03-12 13:15:00,99581.25
2025-03-12 13:20:00,99581.25
2025-03-12 13:25:00,99581.25
2025-03-12 13:30:00,99581.25
2025-03-12 13:35:00,99581.25
2025-03-12 13:40:00,99581.25
2025-03-12 13:45:00,99581.25
2025-03-12 13:50:00,99581.25
2025-03-12 13:55:00,99581.25
2025-03-12 14:00:00,99581.25
2025-03-12 14:05:00,99581.25
2025-03-12 14:10:00,99581.25
2025-03-12 14:15:00,99581.25
2025-03-12 14:20:00,99581.25
2025-03-12 14:25:00,99581.25
2025-03-12 14:30:00,99581.25
2025-03-12 14:35:00,99581.25
2025-03-12 14:40:00,99581.25
2025-03-12 14:45:00,99581.25
2025-03-12 14:50:00,99581.25
2025-03-12 14:55:00,99581.25
2025-03-12 15:00:00,99581.25
2025-03-12 15:05:00,99581.25
2025-03-12 15:10:00,99581.25
2025-03-12 15:15:00,99581.25
2025-03-12 15:20:00,99581.25
2025-03-12 15:25:00,99581.25
2025-03-12 15:30:00,99581.25
2025-03-13 09:15:00,99581.25
2025-03-13 09:20:00,99581.25
2025-03-13 09:25:00,99581.25
2025-03-13 09:30:00,99581.25
2025-03-13 09:35:00,99581.25
2025-03-13 09:40:00,99581.25
2025-03-13 09:45:00,99581.25
2025-03-13 09:50:00,99581.25
2025-03-13 09:55:00,99581.25
2025-03-13 10:00:00,99581.25
2025-03-13 10:05:00,99581.25
2025-03-13 10:10:00,99581.25
2025-03-13 10:15:00,99581.25
2025-03-13 10:20:00,99581.25
2025-03-13 10:25:00,99581.25
2025-03-13 10:30:00,99581.25
2025-03-13 10:35:00,99581.25
2025-03-13 10:40:00,99581.25
2025-03-13 10:45:00,99581.25
2025-03-13 10:50:00,99581.25
2025-03-13 10:55:00,99581.25
2025-03-13 11:00:00,99581.25
2025-03-13 11:05:00,99581.25
2025-03-13 11:10:00,99581.25
2025-03-13 11:15:00,99581.25
2025-03-13 11:20:00,99581.25
2025-03-13 11:25:00,99581.25
2025-03-13 11:30:00,99581.25
2025-03-13 11:35:00,99581.25
2025-03-13 11:40:00,99581.25
2025-03-13 11:45:00,99581.25
2025-03-13 11:50:00,99581.25
2025-03-13 11:55:00,99581.25
2025-03-13 12:00:00,99581.25
2025-03-13 12:05:00,99581.25
2025-03-13 12:10:00,99581.25
2025-03-13 12:15:00,99581.25
2025-03-13 12:20:00,99581.25
2025-03-13 12:25:00,99581.25
2025-03-13 12:30:00,99581.25
2025-03-13 12:35:00,99581.25
2025-03-13 12:40:00,99581.25
2025-03-13 12:45:00,99581.25
2025-03-13 12:50:00,99581.25
2025-03-13 12:55:00,99581.25
2025-03-13 13:00:00,99581.25
2025-03-13 13:05:00,99581.25
2025-03-13 13:10:00,99581.25
2025-03-13 13:15:00,99581.25
2025-03-13 13:20:00,99581.25
2025-03-13 13:25:00,99581.25
2025-03-13 13:30:00,99581.25
2025-03-13 13:35:00,99581.25
2025-03-13 13:40:00,99581.25
2025-03-13 13:45:00,99581.25
2025-03-13 13:50:00,99581.25
2025-03-13 13:55:00,99581.25
2025-03-13 14:00:00,99581.25
2025-03-13 14:05:00,99581.25
2025-03-13 14:10:00,99581.25
2025-03-13 14:15:00,99581.25
2025-03-13 14:20:00,99581.25
2025-03-13 14:25:00,99581.25
2025-03-13 14:30:00,99581.25
2025-03-13 14:35:00,99581.25
2025-03-13 14:40:00,99581.25
2025-03-13 14:45:00,99581.25
2025-03-13 14:50:00,99581.25
2025-03-13 14:55:00,99581.25
2025-03-13 15:00:00,99581.25
2025-03-13 15:05:00,99581.25
2025-03-13 15:10:00,99581.25
2025-03-13 15:15:00,99581.25
2025-03-13 15:20:00,99581.25
2025-03-13 15:25:00,99581.25
2025-03-13 15:30:00,99581.25
2025-03-14 09:15:00,99581.25
2025-03-14 09:20:00,99581.25
2025-03-14 09:25:00,99581.25
2025-03-14 09:30:00,99581.25
2025-03-14 09:35:00,99581.25
2025-03-14 09:40:00,99581.25
2025-03-14 09:45:00,99581.25
2025-03-14 09:50:00,99581.25
2025-03-14 09:55:00,99581.25
2025-03-14 10:00:00,99581.25
2025-03-14 10:05:00,99581.25
2025-03-14 10:10:00,99581.25
2025-03-14 10:15:00,99581.25
2025-03-14 10:20:00,99581.25
2025-03-14 10:25:00,99581.25
2025-03-14 10:30:00,99581.25
2025-03-14 10:35:00,99581.25
2025-03-14 10:40:00,99581.25
2025-03-14 10:45:00,99581.25
2025-03-14 10:50:00,99581.25
2025-03-14 10:55:00,99581.25
2025-03-14 11:00:00,99581.25
2025-03-14 11:05:00,99581.25
2025-03-14 11:10:00,99581.25
2025-03-14 11:15:00,99581.25
2025-03-14 11:20:00,99581.25
2025-03-14 11:25:00,99581.25
2025-03-14 11:30:00,99581.25
2025-03-14 11:35:00,99581.25
2025-03-14 11:40:00,99581.25
2025-03-14 11:45:00,99581.25
2025-03-14 11:50:00,99581.25
2025-03-14 11:55:00,99581.25
2025-03-14 12:00:00,99581.25
2025-03-14 12:05:00,99581.25
2025-03-14 12:10:00,99581.25
2025-03-14 12:15:00,99581.25
2025-03-14 12:20:00,99581.25
2025-03-14 12:25:00,99581.25
2025-03-14 12:30:00,99581.25
2025-03-14 12:35:00,99581.25
2025-03-14 12:40:00,99581.25
2025-03-14 12:45:00,99581.25
2025-03-14 12:50:00,99581.25
2025-03-14 12:55:00,99581.25
2025-03-14 13:00:00,99581.25
2025-03-14 13:05:00,99581.25
2025-03-14 13:10:00,99581.25
2025-03-14 13:15:00,99581.25
2025-03-14 13:20:00,99581.25
2025-03-14 13:25:00,99581.25
2025-03-14 13:30:00,99581.25
2025-03-14 13:35:00,99581.25
2025-03-14 13:40:00,99581.25
2025-03-14 13:45:00,99581.25
2025-03-14 13:50:00,99581.25
2025-03-14 13:55:00,99581.25
2025-03-14 14:00:00,99581.25
2025-03-14 14:05:00,99581.25
2025-03-14 14:10:00,99581.25
2025-03-14 14:15:00,99581.25
2025-03-14 14:20:00,99581.25
2025-03-14 14:25:00,99581.25
2025-03-14 14:30:00,99581.25
2025-03-14 14:35:00,99581.25
2025-03-14 14:40:00,99581.25
2025-03-14 14:45:00,99581.25
2025-03-14 14:50:00,99581.25
2025-03-14 14:55:00,99581.25
2025-03-14 15:00:00,99581.25
2025-03-14 15:05:00,99581.25
2025-03-14 15:10:00,99581.25
2025-03-14 15:15:00,99581.25
2025-03-14 15:20:00,99581.25
2025-03-14 15:25:00,99581.25
2025-03-14 15:30:00,99581.25
2025-03-17 09:15:00,99581.25
2025-03-17 09:20:00,99581.25
2025-03-17 09:25:00,99581.25
2025-03-17 09:30:00,99581.25
2025-03-17 09:35:00,99581.25
2025-03-17 09:40:00,99581.25
2025-03-17 09:45:00,99581.25
2025-03-17 09:50:00,99581.25
2025-03-17 09:55:00,99581.25
2025-03-17 10:00:00,99581.25
2025-03-17 10:05:00,99581.25
2025-03-17 10:10:00,99581.25
2025-03-17 10:15:00,99581.25
2025-03-17 10:20:00,99581.25
2025-03-17 10:25:00,99581.25
2025-03-17 10:30:00,99581.25
2025-03-17 10:35:00,99581.25
2025-03-17 10:40:00,99581.25
2025-03-17 10:45:00,99581.25
2025-03-17 10:50:00,99581.25
2025-03-17 10:55:00,99581.25
2025-03-17 11:00:00,99581.25
2025-03-17 11:05:00,99581.25
2025-03-17 11:10:00,99581.25
2025-03-17 11:15:00,99581.25
2025-03-17 11:20:00,99581.25
2025-03-17 11:25:00,99581.25
2025-03-17 11:30:00,99581.25
2025-03-17 11:35:00,99581.25
2025-03-17 11:40:00,99581.25
2025-03-17 11:45:00,99581.25
2025-03-17 11:50:00,99581.25
2025-03-17 11:55:00,99581.25
2025-03-17 12:00:00,99581.25
2025-03-17 12:05:00,99581.25
2025-03-17 12:10:00,99581.25
2025-03-17 12:15:00,99581.25
2025-03-17 12:20:00,99581.25
2025-03-17 12:25:00,99581.25
2025-03-17 12:30:00,99581.25
2025-03-17 12:35:00,99581.25
2025-03-17 12:40:00,99581.25
2025-03-17 12:45:00,99581.25
2025-03-17 12:50:00,99581.25
2025-03-17 12:55:00,99581.25
2025-03-17 13:00:00,99581.25
2025-03-17 13:05:00,99581.25
2025-03-17 13:10:00,99581.25
2025-03-17 13:15:00,99581.25
2025-03-17 13:20:00,99581.25
2025-03-17 13:25:00,99581.25
2025-03-17 13:30:00,99581.25
2025-03-17 13:35:00,99581.25
2025-03-17 13:40:00,99581.25
2025-03-17 13:45:00,99581.25
2025-03-17 13:50:00,99581.25
2025-03-17 13:55:00,99581.25
2025-03-17 14:00:00,99581.25
2025-03-17 14:05:00,99581.25
2025-03-17 14:10:00,99581.25
2025-03-17 14:15:00,99581.25
2025-03-17 14:20:00,99581.25
2025-03-17 14:25:00,99581.25
2025-03-17 14:30:00,99581.25
2025-03-17 14:35:00,99581.25
2025-03-17 14:40:00,99581.25
2025-03-17 14:45:00,99581.25
2025-03-17 14:50:00,99581.25
2025-03-17 14:55:00,99581.25
2025-03-17 15:00:00,99581.25
2025-03-17 15:05:00,99581.25
2025-03-17 15:10:00,99581.25
2025-03-17 15:15:00,99581.25
2025-03-17 15:20:00,99581.25
2025-03-17 15:25:00,99581.25
2025-03-17 15:30:00,99581.25
2025-03-18 09:15:00,99581.25
2025-03-18 09:20:00,99581.25
2025-03-18 09:25:00,99581.25
2025-03-18 09:30:00,99581.25
2025-03-18 09:35:00,99581.25
2025-03-18 09:40:00,99581.25
2025-03-18 09:45:00,99581.25
2025-03-18 09:50:00,99581.25
2025-03-18 09:55:00,99581.25
2025-03-18 10:00:00,99581.25
2025-03-18 10:05:00,99581.25
2025-03-18 10:10:00,99581.25
2025-03-18 10:15:00,99581.25
2025-03-18 10:20:00,99581.25
2025-03-18 10:25:00,99581.25
2025-03-18 10:30:00,99746.78
2025-03-18 10:35:00,99746.78
2025-03-18 10:40:00,99746.78
2025-03-18 10:45:00,99746.78
2025-03-18 10:50:00,99746.78
2025-03-18 10:55:00,99746.78
2025-03-18 11:00:00,99746.78
2025-03-18 11:05:00,99746.78
2025-03-18 11:10:00,99746.78
2025-03-18 11:15:00,99746.78
2025-03-18 11:20:00,99746.78
2025-03-18 11:25:00,99746.78
2025-03-18 11:30:00,99746.78
2025-03-18 11:35:00,99746.78
2025-03-18 11:40:00,99746.78
2025-03-18 11:45:00,99746.78
2025-03-18 11:50:00,99746.78
2025-03-18 11:55:00,99746.78
2025-03-18 12:00:00,99746.78
2025-03-18 12:05:00,99746.78
2025-03-18 12:10:00,99746.78
2025-03-18 12:15:00,99746.78
2025-03-18 12:20:00,99746.78
2025-03-18 12:25:00,99746.78
2025-03-18 12:30:00,99746.78
2025-03-18 12:35:00,99746.78
2025-03-18 12:40:00,99746.78
2025-03-18 12:45:00,99746.78
2025-03-18 12:50:00,99746.78
2025-03-18 12:55:00,99746.78
2025-03-18 13:00:00,99746.78
2025-03-18 13:05:00,99746.78
2025-03-18 13:10:00,99746.78
2025-03-18 13:15:00,99746.78
2025-03-18 13:20:00,99746.78
2025-03-18 13:25:00,99737.75
2025-03-18 13:30:00,99737.75
2025-03-18 13:35:00,99737.75
2025-03-18 13:40:00,99737.75
2025-03-18 13:45:00,99737.75
2025-03-18 13:50:00,99737.75
2025-03-18 13:55:00,99737.75
2025-03-18 14:00:00,99737.75
2025-03-18 14:05:00,99737.75
2025-03-18 14:10:00,99737.75
2025-03-18 14:15:00,99737.75
2025-03-18 14:20:00,99737.75
2025-03-18 14:25:00,99737.75
2025-03-18 14:30:00,99737.75
2025-03-18 14:35:00,99737.75
2025-03-18 14:40:00,99737.75
2025-03-18 14:45:00,99737.75
2025-03-18 14:50:00,99737.75
2025-03-18 14:55:00,99737.75
2025-03-18 15:00:00,99737.75
2025-03-18 15:05:00,99737.75
2025-03-18 15:10:00,99737.75
2025-03-18 15:15:00,99737.75
2025-03-18 15:20:00,99737.75
2025-03-18 15:25:00,99737.75
2025-03-18 15:30:00,99737.75
2025-03-19 09:15:00,99737.75
2025-03-19 09:20:00,99793.25
2025-03-19 09:25:00,99793.25
2025-03-19 09:30:00,99793.25
2025-03-19 09:35:00,99793.25
2025-03-19 09:40:00,99793.25
2025-03-19 09:45:00,99793.25
2025-03-19 09:50:00,99793.25
2025-03-19 09:55:00,99793.25
2025-03-19 10:00:00,99793.25
2025-03-19 10:05:00,99793.25
2025-03-19 10:10:00,99793.25
2025-03-19 10:15:00,99793.25
2025-03-19 10:20:00,99793.25
2025-03-19 10:25:00,99793.25
2025-03-19 10:30:00,99793.25
2025-03-19 10:35:00,99793.25
2025-03-19 10:40:00,99793.25
2025-03-19 10:45:00,99793.25
2025-03-19 10:50:00,99793.25
2025-03-19 10:55:00,99793.25
2025-03-19 11:00:00,99793.25
2025-03-19 11:05:00,99793.25
2025-03-19 11:10:00,99793.25
2025-03-19 11:15:00,99793.25
2025-03-19 11:20:00,99793.25
2025-03-19 11:25:00,99793.25
2025-03-19 11:30:00,99793.25
2025-03-19 11:35:00,99793.25
2025-03-19 11:40:00,99793.25
2025-03-19 11:45:00,99793.25
2025-03-19 11:50:00,99876.01
2025-03-19 11:55:00,99876.01
2025-03-19 12:00:00,99876.01
2025-03-19 12:05:00,99876.01
2025-03-19 12:10:00,99876.01
2025-03-19 12:15:00,99876.01
2025-03-19 12:20:00,99876.01
2025-03-19 12:25:00,99876.01
2025-03-19 12:30:00,99876.01
2025-03-19 12:35:00,99876.01
2025-03-19 12:40:00,99876.01
2025-03-19 12:45:00,99876.01
2025-03-19 12:50:00,99876.01
2025-03-19 12:55:00,99876.01
2025-03-19 13:00:00,99876.01
2025-03-19 13:05:00,99876.01
2025-03-19 13:10:00,99876.01
2025-03-19 13:15:00,99876.01
2025-03-19 13:20:00,99876.01
2025-03-19 13:25:00,99876.01
2025-03-19 13:30:00,99876.01
2025-03-19 13:35:00,99876.01
2025-03-19 13:40:00,99858.73999999999
2025-03-19 13:45:00,99858.73999999999
2025-03-19 13:50:00,99858.73999999999
2025-03-19 13:55:00,99858.73999999999
2025-03-19 14:00:00,99858.73999999999
2025-03-19 14:05:00,99858.73999999999
2025-03-19 14:10:00,99858.73999999999
2025-03-19 14:15:00,99858.73999999999
2025-03-19 14:20:00,99858.73999999999
2025-03-19 14:25:00,99858.73999999999
2025-03-19 14:30:00,99858.73999999999
2025-03-19 14:35:00,99858.73999999999
2025-03-19 14:40:00,99858.73999999999
2025-03-19 14:45:00,99858.73999999999
2025-03-19 14:50:00,99858.73999999999
2025-03-19 14:55:00,99858.73999999999
2025-03-19 15:00:00,99858.73999999999
2025-03-19 15:05:00,99858.73999999999
2025-03-19 15:10:00,99858.73999999999
2025-03-19 15:15:00,99858.73999999999
2025-03-19 15:20:00,99858.73999999999
2025-03-19 15:25:00,99858.73999999999
2025-03-19 15:30:00,99858.73999999999
2025-03-20 09:15:00,99858.73999999999
2025-03-20 09:20:00,99858.73999999999
2025-03-20 09:25:00,99858.73999999999
2025-03-20 09:30:00,99858.73999999999
2025-03-20 09:35:00,99858.73999999999
2025-03-20 09:40:00,99858.73999999999
2025-03-20 09:45:00,99858.73999999999
2025-03-20 09:50:00,99858.73999999999
2025-03-20 09:55:00,99858.73999999999
2025-03-20 10:00:00,99858.73999999999
2025-03-20 10:05:00,99831.79
2025-03-20 10:10:00,99831.79
2025-03-20 10:15:00,99831.79
2025-03-20 10:20:00,99831.79
2025-03-20 10:25:00,99831.79
2025-03-20 10:30:00,99831.79
2025-03-20 10:35:00,99831.79
2025-03-20 10:40:00,99831.79
2025-03-20 10:45:00,99831.79
2025-03-20 10:50:00,99831.79
2025-03-20 10:55:00,99831.79
2025-03-20 11:00:00,99798.81
2025-03-20 11:05:00,99798.81
2025-03-20 11:10:00,99798.81
2025-03-20 11:15:00,99772.42
2025-03-20 11:20:00,99772.42
2025-03-20 11:25:00,99772.42
2025-03-20 11:30:00,99772.42
2025-03-20 11:35:00,99772.42
2025-03-20 11:40:00,99772.42
2025-03-20 11:45:00,99772.42
2025-03-20 11:50:00,99772.42
2025-03-20 11:55:00,99772.42
2025-03-20 12:00:00,99772.42
2025-03-20 12:05:00,99772.42
2025-03-20 12:10:00,99772.42
2025-03-20 12:15:00,99772.42
2025-03-20 12:20:00,99772.42
2025-03-20 12:25:00,99772.42
2025-03-20 12:30:00,99772.42
2025-03-20 12:35:00,99772.42
2025-03-20 12:40:00,99772.42
2025-03-20 12:45:00,99772.42
2025-03-20 12:50:00,99772.42
2025-03-20 12:55:00,99772.42
2025-03-20 13:00:00,99772.42
2025-03-20 13:05:00,99772.42
2025-03-20 13:10:00,99772.42
2025-03-20 13:15:00,99772.42
2025-03-20 13:20:00,99772.42
2025-03-20 13:25:00,99772.42
2025-03-20 13:30:00,99772.42
2025-03-20 13:35:00,99772.42
2025-03-20 13:40:00,99772.42
2025-03-20 13:45:00,99772.42
2025-03-20 13:50:00,99772.42
2025-03-20 13:55:00,99772.42
2025-03-20 14:00:00,99772.42
2025-03-20 14:05:00,99772.42
2025-03-20 14:10:00,99772.42
2025-03-20 14:15:00,99772.42
2025-03-20 14:20:00,99772.42
2025-03-20 14:25:00,99772.42
2025-03-20 14:30:00,99772.42
2025-03-20 14:35:00,99772.42
2025-03-20 14:40:00,99772.42
2025-03-20 14:45:00,99859.70999999999
2025-03-20 14:50:00,99859.70999999999
2025-03-20 14:55:00,99859.70999999999
2025-03-20 15:00:00,99859.70999999999
2025-03-20 15:05:00,99859.70999999999
2025-03-20 15:10:00,99859.70999999999
2025-03-20 15:15:00,99859.70999999999
2025-03-20 15:20:00,99859.70999999999
2025-03-20 15:25:00,99859.70999999999
2025-03-20 15:30:00,99859.70999999999
2025-03-21 09:15:00,99859.70999999999
2025-03-21 09:20:00,99859.70999999999
2025-03-21 09:25:00,99859.70999999999
2025-03-21 09:30:00,99859.70999999999
2025-03-21 09:35:00,99859.70999999999
2025-03-21 09:40:00,99859.70999999999
2025-03-21 09:45:00,99859.70999999999
2025-03-21 09:50:00,99859.70999999999
2025-03-21 09:55:00,99831.19
2025-03-21 10:00:00,99831.19
2025-03-21 10:05:00,99831.19
2025-03-21 10:10:00,99831.19
2025-03-21 10:15:00,99831.19
2025-03-21 10:20:00,99831.19
2025-03-21 10:25:00,99831.19
2025-03-21 10:30:00,99831.19
2025-03-21 10:35:00,99776.1
2025-03-21 10:40:00,99776.1
2025-03-21 10:45:00,99776.1
2025-03-21 10:50:00,99776.1
2025-03-21 10:55:00,99776.1
2025-03-21 11:00:00,99776.1
2025-03-21 11:05:00,99776.1
2025-03-21 11:10:00,99776.1
2025-03-21 11:15:00,99776.1
2025-03-21 11:20:00,99776.1
2025-03-21 11:25:00,99776.1
2025-03-21 11:30:00,99776.1
2025-03-21 11:35:00,99776.1
2025-03-21 11:40:00,99776.1
2025-03-21 11:45:00,99776.1
2025-03-21 11:50:00,99776.1
2025-03-21 11:55:00,99776.1
2025-03-21 12:00:00,99776.1
2025-03-21 12:05:00,99776.1
2025-03-21 12:10:00,99776.1
2025-03-21 12:15:00,99776.1
2025-03-21 12:20:00,99776.1
2025-03-21 12:25:00,99776.1
2025-03-21 12:30:00,99776.1
2025-03-21 12:35:00,99776.1
2025-03-21 12:40:00,99847.19
2025-03-21 12:45:00,99847.19
2025-03-21 12:50:00,99847.19
2025-03-21 12:55:00,99847.19
2025-03-21 13:00:00,99847.19
2025-03-21 13:05:00,99847.19
2025-03-21 13:10:00,99847.19
2025-03-21 13:15:00,99847.19
2025-03-21 13:20:00,99847.19
2025-03-21 13:25:00,99847.19
2025-03-21 13:30:00,99819.58
2025-03-21 13:35:00,99819.58
2025-03-21 13:40:00,99819.58
2025-03-21 13:45:00,99802.06
2025-03-21 13:50:00,99802.06
2025-03-21 13:55:00,99802.06
2025-03-21 14:00:00,99802.06
2025-03-21 14:05:00,99802.06
2025-03-21 14:10:00,99802.06
2025-03-21 14:15:00,99802.06
2025-03-21 14:20:00,99802.06
2025-03-21 14:25:00,99802.06
2025-03-21 14:30:00,99802.06
2025-03-21 14:35:00,99802.06
2025-03-21 14:40:00,99802.06
2025-03-21 14:45:00,99802.06
2025-03-21 14:50:00,99802.06
2025-03-21 14:55:00,99802.06
2025-03-21 15:00:00,99802.06
2025-03-21 15:05:00,99802.06
2025-03-21 15:10:00,99802.06
2025-03-21 15:15:00,99802.06
2025-03-21 15:20:00,99802.06
2025-03-21 15:25:00,99802.06
2025-03-21 15:30:00,99802.06
2025-03-24 09:15:00,99802.06
2025-03-24 09:20:00,99802.06
2025-03-24 09:25:00,99802.06
2025-03-24 09:30:00,99802.06
2025-03-24 09:35:00,99802.06
2025-03-24 09:40:00,99802.06
2025-03-24 09:45:00,99802.06
2025-03-24 09:50:00,99802.06
2025-03-24 09:55:00,99802.06
2025-03-24 10:00:00,99802.06
2025-03-24 10:05:00,99802.06
2025-03-24 10:10:00,99802.06
2025-03-24 10:15:00,99802.06
2025-03-24 10:20:00,99760.76999999999
2025-03-24 10:25:00,99760.76999999999
2025-03-24 10:30:00,99753.36
2025-03-24 10:35:00,99753.36
2025-03-24 10:40:00,99753.36
2025-03-24 10:45:00,99753.36
2025-03-24 10:50:00,99753.36
2025-03-24 10:55:00,99753.36
2025-03-24 11:00:00,99753.36
2025-03-24 11:05:00,99753.36
2025-03-24 11:10:00,99753.36
2025-03-24 11:15:00,99753.36
2025-03-24 11:20:00,99753.36
2025-03-24 11:25:00,99753.36
2025-03-24 11:30:00,99753.36
2025-03-24 11:35:00,99753.36
2025-03-24 11:40:00,99753.36
2025-03-24 11:45:00,99753.36
2025-03-24 11:50:00,99753.36
2025-03-24 11:55:00,99753.36
2025-03-24 12:00:00,99753.36
2025-03-24 12:05:00,99753.36
2025-03-24 12:10:00,99753.36
2025-03-24 12:15:00,99753.36
2025-03-24 12:20:00,99753.36
2025-03-24 12:25:00,99753.36
2025-03-24 12:30:00,99753.36
2025-03-24 12:35:00,99753.36
2025-03-24 12:40:00,99753.36
2025-03-24 12:45:00,99753.36
2025-03-24 12:50:00,99753.36
2025-03-24 12:55:00,99753.36
2025-03-24 13:00:00,99753.36
2025-03-24 13:05:00,99753.36
2025-03-24 13:10:00,99753.36
2025-03-24 13:15:00,99753.36
2025-03-24 13:20:00,99753.36
2025-03-24 13:25:00,99753.36
2025-03-24 13:30:00,99753.36
2025-03-24 13:35:00,99753.36
2025-03-24 13:40:00,99753.36
2025-03-24 13:45:00,99753.36
2025-03-24 13:50:00,99753.36
2025-03-24 13:55:00,99753.36
2025-03-24 14:00:00,99753.36
2025-03-24 14:05:00,99753.36
2025-03-24 14:10:00,99753.36
2025-03-24 14:15:00,99753.36
2025-03-24 14:20:00,99753.36
2025-03-24 14:25:00,99753.36
2025-03-24 14:30:00,99753.36
2025-03-24 14:35:00,99753.36
2025-03-24 14:40:00,99753.36
2025-03-24 14:45:00,99753.36
2025-03-24 14:50:00,99753.36
2025-03-24 14:55:00,99753.36
2025-03-24 15:00:00,99653.57999999999
2025-03-24 15:05:00,99653.57999999999
2025-03-24 15:10:00,99653.57999999999
2025-03-24 15:15:00,99653.57999999999
2025-03-24 15:20:00,99653.57999999999
2025-03-24 15:25:00,99653.57999999999
2025-03-24 15:30:00,99653.57999999999
2025-03-25 09:15:00,99653.57999999999
2025-03-25 09:20:00,99653.57999999999
2025-03-25 09:25:00,99653.57999999999
2025-03-25 09:30:00,99653.57999999999
2025-03-25 09:35:00,99653.57999999999
2025-03-25 09:40:00,99653.57999999999
2025-03-25 09:45:00,99653.57999999999
2025-03-25 09:50:00,99653.57999999999
2025-03-25 09:55:00,99653.57999999999
2025-03-25 10:00:00,99653.57999999999
2025-03-25 10:05:00,99653.57999999999
2025-03-25 10:10:00,99653.57999999999
2025-03-25 10:15:00,99653.57999999999
2025-03-25 10:20:00,99653.57999999999
2025-03-25 10:25:00,99653.57999999999
2025-03-25 10:30:00,99653.57999999999
2025-03-25 10:35:00,99653.57999999999
2025-03-25 10:40:00,99653.57999999999
2025-03-25 10:45:00,99653.57999999999
2025-03-25 10:50:00,99653.57999999999
2025-03-25 10:55:00,99653.57999999999
2025-03-25 11:00:00,99653.57999999999
2025-03-25 11:05:00,99653.57999999999
2025-03-25 11:10:00,99653.57999999999
2025-03-25 11:15:00,99653.57999999999
2025-03-25 11:20:00,99653.57999999999
2025-03-25 11:25:00,99653.57999999999
2025-03-25 11:30:00,99653.57999999999
2025-03-25 11:35:00,99653.57999999999
2025-03-25 11:40:00,99653.57999999999
2025-03-25 11:45:00,99653.57999999999
2025-03-25 11:50:00,99653.57999999999
2025-03-25 11:55:00,99653.57999999999
2025-03-25 12:00:00,99653.57999999999
2025-03-25 12:05:00,99653.57999999999
2025-03-25 12:10:00,99653.57999999999
2025-03-25 12:15:00,99653.57999999999
2025-03-25 12:20:00,99653.57999999999
2025-03-25 12:25:00,99653.57999999999
2025-03-25 12:30:00,99653.57999999999
2025-03-25 12:35:00,99653.57999999999
2025-03-25 12:40:00,99772.37
2025-03-25 12:45:00,99772.37
2025-03-25 12:50:00,99772.37
2025-03-25 12:55:00,99741.09
2025-03-25 13:00:00,99741.09
2025-03-25 13:05:00,99741.09
2025-03-25 13:10:00,99741.09
2025-03-25 13:15:00,99741.09
2025-03-25 13:20:00,99741.09
2025-03-25 13:25:00,99741.09
2025-03-25 13:30:00,99741.09
2025-03-25 13:35:00,99741.09
2025-03-25 13:40:00,99741.09
2025-03-25 13:45:00,99741.09
2025-03-25 13:50:00,99741.09
2025-03-25 13:55:00,99741.09
2025-03-25 14:00:00,99741.09
2025-03-25 14:05:00,99741.09
2025-03-25 14:10:00,99741.09
2025-03-25 14:15:00,99741.09
2025-03-25 14:20:00,99741.09
2025-03-25 14:25:00,99741.09
2025-03-25 14:30:00,99741.09
2025-03-25 14:35:00,99741.09
2025-03-25 14:40:00,99741.09
2025-03-25 14:45:00,99741.09
2025-03-25 14:50:00,99741.09
2025-03-25 14:55:00,99741.09
2025-03-25 15:00:00,99741.09
2025-03-25 15:05:00,99741.09
2025-03-25 15:10:00,99741.09
2025-03-25 15:15:00,99741.09
2025-03-25 15:20:00,99741.09
2025-03-25 15:25:00,99741.09
2025-03-25 15:30:00,99741.09
2025-03-26 09:15:00,99741.09
2025-03-26 09:20:00,99741.09
2025-03-26 09:25:00,99741.09
2025-03-26 09:30:00,99741.09
2025-03-26 09:35:00,99741.09
2025-03-26 09:40:00,99741.09
2025-03-26 09:45:00,99741.09
2025-03-26 09:50:00,99741.09
2025-03-26 09:55:00,99741.09
2025-03-26 10:00:00,99741.09
2025-03-26 10:05:00,99741.09
2025-03-26 10:10:00,99741.09
2025-03-26 10:15:00,99741.09
2025-03-26 10:20:00,99741.09
2025-03-26 10:25:00,99741.09
2025-03-26 10:30:00,99741.09
2025-03-26 10:35:00,99741.09
2025-03-26 10:40:00,99741.09
2025-03-26 10:45:00,99741.09
2025-03-26 10:50:00,99741.09
2025-03-26 10:55:00,99741.09
2025-03-26 11:00:00,99741.09
2025-03-26 11:05:00,99741.09
2025-03-26 11:10:00,99741.09
2025-03-26 11:15:00,99741.09
2025-03-26 11:20:00,99741.09
2025-03-26 11:25:00,99741.09
2025-03-26 11:30:00,99741.09
2025-03-26 11:35:00,99741.09
2025-03-26 11:40:00,99741.09
2025-03-26 11:45:00,99741.09
2025-03-26 11:50:00,99741.09
2025-03-26 11:55:00,99741.09
2025-03-26 12:00:00,99741.09
2025-03-26 12:05:00,99741.09
2025-03-26 12:10:00,99741.09
2025-03-26 12:15:00,99741.09
2025-03-26 12:20:00,99741.09
2025-03-26 12:25:00,99741.09
2025-03-26 12:30:00,99741.09
2025-03-26 12:35:00,99741.09
2025-03-26 12:40:00,99741.09
2025-03-26 12:45:00,99741.09
2025-03-26 12:50:00,99741.09
2025-03-26 12:55:00,99741.09
2025-03-26 13:00:00,99741.09
2025-03-26 13:05:00,99741.09
2025-03-26 13:10:00,100119.04999999999
2025-03-26 13:15:00,100119.04999999999
2025-03-26 13:20:00,100119.04999999999
2025-03-26 13:25:00,100119.04999999999
2025-03-26 13:30:00,100119.04999999999
2025-03-26 13:35:00,100119.04999999999
2025-03-26 13:40:00,100080.26999999999
2025-03-26 13:45:00,100080.26999999999
2025-03-26 13:50:00,100080.26999999999
2025-03-26 13:55:00,100080.26999999999
2025-03-26 14:00:00,100080.26999999999
2025-03-26 14:05:00,100080.26999999999
2025-03-26 14:10:00,100080.26999999999
2025-03-26 14:15:00,100080.26999999999
2025-03-26 14:20:00,100080.26999999999
2025-03-26 14:25:00,100080.26999999999
2025-03-26 14:30:00,100080.26999999999
2025-03-26 14:35:00,100080.26999999999
2025-03-26 14:40:00,100080.26999999999
2025-03-26 14:45:00,100080.26999999999
2025-03-26 14:50:00,100080.26999999999
2025-03-26 14:55:00,100080.26999999999
2025-03-26 15:00:00,100080.26999999999
2025-03-26 15:05:00,100080.26999999999
2025-03-26 15:10:00,100080.26999999999
2025-03-26 15:15:00,100080.26999999999
2025-03-26 15:20:00,100080.26999999999
2025-03-26 15:25:00,100080.26999999999
2025-03-26 15:30:00,100080.26999999999
2025-03-27 09:15:00,100080.26999999999
2025-03-27 09:20:00,100080.26999999999
2025-03-27 09:25:00,100080.26999999999
2025-03-27 09:30:00,100080.26999999999
2025-03-27 09:35:00,100080.26999999999
2025-03-27 09:40:00,100080.26999999999
2025-03-27 09:45:00,100080.26999999999
2025-03-27 09:50:00,100080.26999999999
2025-03-27 09:55:00,100080.26999999999
2025-03-27 10:00:00,100080.26999999999
2025-03-27 10:05:00,100080.26999999999
2025-03-27 10:10:00,100080.26999999999
2025-03-27 10:15:00,100080.26999999999
2025-03-27 10:20:00,100080.26999999999
2025-03-27 10:25:00,100080.26999999999
2025-03-27 10:30:00,100080.26999999999
2025-03-27 10:35:00,100080.26999999999
2025-03-27 10:40:00,100080.26999999999
2025-03-27 10:45:00,100080.26999999999
2025-03-27 10:50:00,100080.26999999999
2025-03-27 10:55:00,100080.26999999999
2025-03-27 11:00:00,100080.26999999999
2025-03-27 11:05:00,100080.26999999999
2025-03-27 11:10:00,100212.73
2025-03-27 11:15:00,100212.73
2025-03-27 11:20:00,100212.73
2025-03-27 11:25:00,100212.73
2025-03-27 11:30:00,100212.73
2025-03-27 11:35:00,100212.73
2025-03-27 11:40:00,100212.73
2025-03-27 11:45:00,100212.73
2025-03-27 11:50:00,100212.73
2025-03-27 11:55:00,100212.73
2025-03-27 12:00:00,100212.73
2025-03-27 12:05:00,100212.73
2025-03-27 12:10:00,100212.73
2025-03-27 12:15:00,100212.73
2025-03-27 12:20:00,100212.73
2025-03-27 12:25:00,100212.73
2025-03-27 12:30:00,100212.73
2025-03-27 12:35:00,100212.73
2025-03-27 12:40:00,100212.73
2025-03-27 12:45:00,100212.73
2025-03-27 12:50:00,100212.73
2025-03-27 12:55:00,100212.73
2025-03-27 13:00:00,100148.82999999999
2025-03-27 13:05:00,100148.82999999999
2025-03-27 13:10:00,100148.82999999999
2025-03-27 13:15:00,100148.82999999999
2025-03-27 13:20:00,100148.82999999999
2025-03-27 13:25:00,100148.82999999999
2025-03-27 13:30:00,100148.82999999999
2025-03-27 13:35:00,100120.34
2025-03-27 13:40:00,100120.34
2025-03-27 13:45:00,100120.34
2025-03-27 13:50:00,100120.34
2025-03-27 13:55:00,100074.62999999999
2025-03-27 14:00:00,100074.62999999999
2025-03-27 14:05:00,100074.62999999999
2025-03-27 14:10:00,100074.62999999999
2025-03-27 14:15:00,100074.62999999999
2025-03-27 14:20:00,100074.62999999999
2025-03-27 14:25:00,100074.62999999999
2025-03-27 14:30:00,100074.62999999999
2025-03-27 14:35:00,100074.62999999999
2025-03-27 14:40:00,100074.62999999999
2025-03-27 14:45:00,100074.62999999999
2025-03-27 14:50:00,100074.62999999999
2025-03-27 14:55:00,100074.62999999999
2025-03-27 15:00:00,100074.62999999999
2025-03-27 15:05:00,100074.62999999999
2025-03-27 15:10:00,100074.62999999999
2025-03-27 15:15:00,100074.62999999999
2025-03-27 15:20:00,100037.34999999999
2025-03-27 15:25:00,100037.34999999999
2025-03-27 15:30:00,100037.34999999999
2025-03-28 09:15:00,100037.34999999999
2025-03-28 09:20:00,100037.34999999999
2025-03-28 09:25:00,99982.65
2025-03-28 09:30:00,99982.65
2025-03-28 09:35:00,99982.65
2025-03-28 09:40:00,99982.65
2025-03-28 09:45:00,99982.65
2025-03-28 09:50:00,99982.65
2025-03-28 09:55:00,99982.65
2025-03-28 10:00:00,99982.65
2025-03-28 10:05:00,99982.65
2025-03-28 10:10:00,99982.65
2025-03-28 10:15:00,99982.65
2025-03-28 10:20:00,99982.65
2025-03-28 10:25:00,99982.65
2025-03-28 10:30:00,99982.65
2025-03-28 10:35:00,99982.65
2025-03-28 10:40:00,99982.65
2025-03-28 10:45:00,99982.65
2025-03-28 10:50:00,99982.65
2025-03-28 10:55:00,99982.65
2025-03-28 11:00:00,99982.65
2025-03-28 11:05:00,99982.65
2025-03-28 11:10:00,99982.65
2025-03-28 11:15:00,99982.65
2025-03-28 11:20:00,99982.65
2025-03-28 11:25:00,99982.65
2025-03-28 11:30:00,99982.65
2025-03-28 11:35:00,99982.65
2025-03-28 11:40:00,99982.65
2025-03-28 11:45:00,99982.65
2025-03-28 11:50:00,99982.65
2025-03-28 11:55:00,99982.65
2025-03-28 12:00:00,99982.65
2025-03-28 12:05:00,99982.65
2025-03-28 12:10:00,99982.65
2025-03-28 12:15:00,99982.65
2025-03-28 12:20:00,99982.65
2025-03-28 12:25:00,99982.65
2025-03-28 12:30:00,99982.65
2025-03-28 12:35:00,99982.65
2025-03-28 12:40:00,99982.65
2025-03-28 12:45:00,99982.65
2025-03-28 12:50:00,99982.65
2025-03-28 12:55:00,99982.65
2025-03-28 13:00:00,99982.65
2025-03-28 13:05:00,99982.65
2025-03-28 13:10:00,99982.65
2025-03-28 13:15:00,99982.65
2025-03-28 13:20:00,99982.65
2025-03-28 13:25:00,99982.65
2025-03-28 13:30:00,99982.65
2025-03-28 13:35:00,99982.65
2025-03-28 13:40:00,99982.65
2025-03-28 13:45:00,99982.65
2025-03-28 13:50:00,99982.65
2025-03-28 13:55:00,99982.65
2025-03-28 14:00:00,99982.65
2025-03-28 14:05:00,99982.65
2025-03-28 14:10:00,99982.65
2025-03-28 14:15:00,99982.65
2025-03-28 14:20:00,99982.65
2025-03-28 14:25:00,99982.65
2025-03-28 14:30:00,99982.65
2025-03-28 14:35:00,99982.65
2025-03-28 14:40:00,99982.65
2025-03-28 14:45:00,99982.65
2025-03-28 14:50:00,99982.65
2025-03-28 14:55:00,99982.65
2025-03-28 15:00:00,99982.65
2025-03-28 15:05:00,99982.65
2025-03-28 15:10:00,99982.65
2025-03-28 15:15:00,99982.65
2025-03-28 15:20:00,99982.65
2025-03-28 15:25:00,99982.65
2025-03-28 15:30:00,99982.65
2025-03-31 09:15:00,99982.65
2025-03-31 09:20:00,99982.65
2025-03-31 09:25:00,99982.65
2025-03-31 09:30:00,99982.65
2025-03-31 09:35:00,99982.65
2025-03-31 09:40:00,99982.65
2025-03-31 09:45:00,99982.65
2025-03-31 09:50:00,99982.65
2025-03-31 09:55:00,99982.65
2025-03-31 10:00:00,99982.65
2025-03-31 10:05:00,99982.65
2025-03-31 10:10:00,99982.65
2025-03-31 10:15:00,99982.65
2025-03-31 10:20:00,99982.65
2025-03-31 10:25:00,99982.65
2025-03-31 10:30:00,99982.65
2025-03-31 10:35:00,99982.65
2025-03-31 10:40:00,99982.65
2025-03-31 10:45:00,99982.65
2025-03-31 10:50:00,99982.65
2025-03-31 10:55:00,99982.65
2025-03-31 11:00:00,99982.65
2025-03-31 11:05:00,99982.65
2025-03-31 11:10:00,99982.65
2025-03-31 11:15:00,99982.65
2025-03-31 11:20:00,99982.65
2025-03-31 11:25:00,99982.65
2025-03-31 11:30:00,99982.65
2025-03-31 11:35:00,99982.65
2025-03-31 11:40:00,99982.65
2025-03-31 11:45:00,99982.65
2025-03-31 11:50:00,99982.65
2025-03-31 11:55:00,99982.65
2025-03-31 12:00:00,99982.65
2025-03-31 12:05:00,99982.65
2025-03-31 12:10:00,99982.65
2025-03-31 12:15:00,99982.65
2025-03-31 12:20:00,99982.65
2025-03-31 12:25:00,99982.65
2025-03-31 12:30:00,99982.65
2025-03-31 12:35:00,99982.65
2025-03-31 12:40:00,99982.65
2025-03-31 12:45:00,99982.65
2025-03-31 12:50:00,99982.65
2025-03-31 12:55:00,99982.65
2025-03-31 13:00:00,99982.65
2025-03-31 13:05:00,99982.65
2025-03-31 13:10:00,99982.65
2025-03-31 13:15:00,99982.65
2025-03-31 13:20:00,99982.65
2025-03-31 13:25:00,99982.65
2025-03-31 13:30:00,99982.65
2025-03-31 13:35:00,99982.65
2025-03-31 13:40:00,99982.65
2025-03-31 13:45:00,99982.65
2025-03-31 13:50:00,99982.65
2025-03-31 13:55:00,99982.65
2025-03-31 14:00:00,99982.65
2025-03-31 14:05:00,99982.65
2025-03-31 14:10:00,99982.65
2025-03-31 14:15:00,99982.65
2025-03-31 14:20:00,99982.65
2025-03-31 14:25:00,99982.65
2025-03-31 14:30:00,99982.65
2025-03-31 14:35:00,99982.65
2025-03-31 14:40:00,99982.65
2025-03-31 14:45:00,99982.65
2025-03-31 14:50:00,99982.65
2025-03-31 14:55:00,99982.65
2025-03-31 15:00:00,99982.65
2025-03-31 15:05:00,99982.65
2025-03-31 15:10:00,99982.65
2025-03-31 15:15:00,99982.65
2025-03-31 15:20:00,99982.65
2025-03-31 15:25:00,99982.65
2025-03-31 15:30:00,99982.65
2025-04-01 09:15:00,99982.65
2025-04-01 09:20:00,99982.65
2025-04-01 09:25:00,99982.65
2025-04-01 09:30:00,99982.65
2025-04-01 09:35:00,99982.65
2025-04-01 09:40:00,99982.65
2025-04-01 09:45:00,99982.65
2025-04-01 09:50:00,99982.65
2025-04-01 09:55:00,99982.65
2025-04-01 10:00:00,99982.65
2025-04-01 10:05:00,99982.65
2025-04-01 10:10:00,99982.65
2025-04-01 10:15:00,99982.65
2025-04-01 10:20:00,99982.65
2025-04-01 10:25:00,99982.65
2025-04-01 10:30:00,99982.65
2025-04-01 10:35:00,99982.65
2025-04-01 10:40:00,99982.65
2025-04-01 10:45:00,99982.65
2025-04-01 10:50:00,99982.65
2025-04-01 10:55:00,99982.65
2025-04-01 11:00:00,99982.65
2025-04-01 11:05:00,99982.65
2025-04-01 11:10:00,99982.65
2025-04-01 11:15:00,99982.65
2025-04-01 11:20:00,99982.65
2025-04-01 11:25:00,99982.65
2025-04-01 11:30:00,99982.65
2025-04-01 11:35:00,99982.65
2025-04-01 11:40:00,99982.65
2025-04-01 11:45:00,99982.65
2025-04-01 11:50:00,99982.65
2025-04-01 11:55:00,99982.65
2025-04-01 12:00:00,99982.65
2025-04-01 12:05:00,99982.65
2025-04-01 12:10:00,99982.65
2025-04-01 12:15:00,99982.65
2025-04-01 12:20:00,99982.65
2025-04-01 12:25:00,99982.65
2025-04-01 12:30:00,99982.65
2025-04-01 12:35:00,99982.65
2025-04-01 12:40:00,99982.65
2025-04-01 12:45:00,99982.65
2025-04-01 12:50:00,99982.65
2025-04-01 12:55:00,99982.65
2025-04-01 13:00:00,99982.65
2025-04-01 13:05:00,99982.65
2025-04-01 13:10:00,99982.65
2025-04-01 13:15:00,99982.65
2025-04-01 13:20:00,99982.65
2025-04-01 13:25:00,99982.65
2025-04-01 13:30:00,99982.65
2025-04-01 13:35:00,99982.65
2025-04-01 13:40:00,99982.65
2025-04-01 13:45:00,99982.65
2025-04-01 13:50:00,99982.65
2025-04-01 13:55:00,99982.65
2025-04-01 14:00:00,99982.65
2025-04-01 14:05:00,99982.65
2025-04-01 14:10:00,99982.65
2025-04-01 14:15:00,99982.65
2025-04-01 14:20:00,99982.65
2025-04-01 14:25:00,99982.65
2025-04-01 14:30:00,99982.65
2025-04-01 14:35:00,99982.65
2025-04-01 14:40:00,99982.65
2025-04-01 14:45:00,99982.65
2025-04-01 14:50:00,99982.65
2025-04-01 14:55:00,99982.65
2025-04-01 15:00:00,99982.65
2025-04-01 15:05:00,99982.65
2025-04-01 15:10:00,99982.65
2025-04-01 15:15:00,99982.65
2025-04-01 15:20:00,99982.65
2025-04-01 15:25:00,99982.65
2025-04-01 15:30:00,99982.65
2025-04-02 09:15:00,99982.65
2025-04-02 09:20:00,99982.65
2025-04-02 09:25:00,99982.65
2025-04-02 09:30:00,99982.65
2025-04-02 09:35:00,99982.65
2025-04-02 09:40:00,99982.65
2025-04-02 09:45:00,99982.65
2025-04-02 09:50:00,99982.65
2025-04-02 09:55:00,99982.65
2025-04-02 10:00:00,99982.65
2025-04-02 10:05:00,99982.65
2025-04-02 10:10:00,99982.65
2025-04-02 10:15:00,99982.65
2025-04-02 10:20:00,99982.65
2025-04-02 10:25:00,99982.65
2025-04-02 10:30:00,99982.65
2025-04-02 10:35:00,99982.65
2025-04-02 10:40:00,99982.65
2025-04-02 10:45:00,99982.65
2025-04-02 10:50:00,99982.65
2025-04-02 10:55:00,99982.65
2025-04-02 11:00:00,99982.65
2025-04-02 11:05:00,99982.65
2025-04-02 11:10:00,99982.65
2025-04-02 11:15:00,99982.65
2025-04-02 11:20:00,99982.65
2025-04-02 11:25:00,99982.65
2025-04-02 11:30:00,99982.65
2025-04-02 11:35:00,99982.65
2025-04-02 11:40:00,99982.65
2025-04-02 11:45:00,99982.65
2025-04-02 11:50:00,99982.65
2025-04-02 11:55:00,99982.65
2025-04-02 12:00:00,99982.65
2025-04-02 12:05:00,99982.65
2025-04-02 12:10:00,99982.65
2025-04-02 12:15:00,99982.65
2025-04-02 12:20:00,99982.65
2025-04-02 12:25:00,99982.65
2025-04-02 12:30:00,99982.65
2025-04-02 12:35:00,99982.65
2025-04-02 12:40:00,99982.65
2025-04-02 12:45:00,99982.65
2025-04-02 12:50:00,99982.65
2025-04-02 12:55:00,99982.65
2025-04-02 13:00:00,99982.65
2025-04-02 13:05:00,99982.65
2025-04-02 13:10:00,99982.65
2025-04-02 13:15:00,99982.65
2025-04-02 13:20:00,99982.65
2025-04-02 13:25:00,99982.65
2025-04-02 13:30:00,99982.65
2025-04-02 13:35:00,99982.65
2025-04-02 13:40:00,99982.65
2025-04-02 13:45:00,99982.65
2025-04-02 13:50:00,99982.65
2025-04-02 13:55:00,99982.65
2025-04-02 14:00:00,99982.65
2025-04-02 14:05:00,99982.65
2025-04-02 14:10:00,99982.65
2025-04-02 14:15:00,99982.65
2025-04-02 14:20:00,99982.65
2025-04-02 14:25:00,99982.65
2025-04-02 14:30:00,99982.65
2025-04-02 14:35:00,99982.65
2025-04-02 14:40:00,99982.65
2025-04-02 14:45:00,99982.65
2025-04-02 14:50:00,99982.65
2025-04-02 14:55:00,99982.65
2025-04-02 15:00:00,99982.65
2025-04-02 15:05:00,99982.65
2025-04-02 15:10:00,99982.65
2025-04-02 15:15:00,99982.65
2025-04-02 15:20:00,99982.65
2025-04-02 15:25:00,99982.65
2025-04-02 15:30:00,99982.65
2025-04-03 09:15:00,99982.65
2025-04-03 09:20:00,99982.65
2025-04-03 09:25:00,99982.65
2025-04-03 09:30:00,99982.65
2025-04-03 09:35:00,99982.65
2025-04-03 09:40:00,99982.65
2025-04-03 09:45:00,99982.65
2025-04-03 09:50:00,99982.65
2025-04-03 09:55:00,99982.65
2025-04-03 10:00:00,99982.65
2025-04-03 10:05:00,99982.65
2025-04-03 10:10:00,99982.65
2025-04-03 10:15:00,99982.65
2025-04-03 10:20:00,99982.65
2025-04-03 10:25:00,99982.65
2025-04-03 10:30:00,99982.65
2025-04-03 10:35:00,99982.65
2025-04-03 10:40:00,99982.65
2025-04-03 10:45:00,99982.65
2025-04-03 10:50:00,99982.65
2025-04-03 10:55:00,99982.65
2025-04-03 11:00:00,99982.65
2025-04-03 11:05:00,99982.65
2025-04-03 11:10:00,99982.65
2025-04-03 11:15:00,99982.65
2025-04-03 11:20:00,99982.65
2025-04-03 11:25:00,99982.65
2025-04-03 11:30:00,99982.65
2025-04-03 11:35:00,99982.65
2025-04-03 11:40:00,99982.65
2025-04-03 11:45:00,99982.65
2025-04-03 11:50:00,99982.65
2025-04-03 11:55:00,99982.65
2025-04-03 12:00:00,99982.65
2025-04-03 12:05:00,99982.65
2025-04-03 12:10:00,99982.65
2025-04-03 12:15:00,99982.65
2025-04-03 12:20:00,99982.65
2025-04-03 12:25:00,99982.65
2025-04-03 12:30:00,99982.65
2025-04-03 12:35:00,99982.65
2025-04-03 12:40:00,99982.65
2025-04-03 12:45:00,99982.65
2025-04-03 12:50:00,99982.65
2025-04-03 12:55:00,99982.65
2025-04-03 13:00:00,99982.65
2025-04-03 13:05:00,99982.65
2025-04-03 13:10:00,99982.65
2025-04-03 13:15:00,99982.65
2025-04-03 13:20:00,99982.65
2025-04-03 13:25:00,99982.65
2025-04-03 13:30:00,99982.65
2025-04-03 13:35:00,99982.65
2025-04-03 13:40:00,99982.65
2025-04-03 13:45:00,99982.65
2025-04-03 13:50:00,99982.65
2025-04-03 13:55:00,99982.65
2025-04-03 14:00:00,99982.65
2025-04-03 14:05:00,99982.65
2025-04-03 14:10:00,99982.65
2025-04-03 14:15:00,99982.65
2025-04-03 14:20:00,99982.65
2025-04-03 14:25:00,99982.65
2025-04-03 14:30:00,99982.65
2025-04-03 14:35:00,99982.65
2025-04-03 14:40:00,99982.65
2025-04-03 14:45:00,99982.65
2025-04-03 14:50:00,99982.65
2025-04-03 14:55:00,99982.65
2025-04-03 15:00:00,99982.65
2025-04-03 15:05:00,99982.65
2025-04-03 15:10:00,99982.65
2025-04-03 15:15:00,99982.65
2025-04-03 15:20:00,99982.65
2025-04-03 15:25:00,99982.65
2025-04-03 15:30:00,99982.65
2025-04-04 09:15:00,99982.65
2025-04-04 09:20:00,99982.65
2025-04-04 09:25:00,99982.65
2025-04-04 09:30:00,99982.65
2025-04-04 09:35:00,99982.65
2025-04-04 09:40:00,99982.65
2025-04-04 09:45:00,99982.65
2025-04-04 09:50:00,99982.65
2025-04-04 09:55:00,99982.65
2025-04-04 10:00:00,99982.65
2025-04-04 10:05:00,99982.65
2025-04-04 10:10:00,99982.65
2025-04-04 10:15:00,99982.65
2025-04-04 10:20:00,99982.65
2025-04-04 10:25:00,99982.65
2025-04-04 10:30:00,99982.65
2025-04-04 10:35:00,99982.65
2025-04-04 10:40:00,99982.65
2025-04-04 10:45:00,99982.65
2025-04-04 10:50:00,99982.65
2025-04-04 10:55:00,99982.65
2025-04-04 11:00:00,99982.65
2025-04-04 11:05:00,99982.65
2025-04-04 11:10:00,99982.65
2025-04-04 11:15:00,99982.65
2025-04-04 11:20:00,99982.65
2025-04-04 11:25:00,99982.65
2025-04-04 11:30:00,99982.65
2025-04-04 11:35:00,99982.65
2025-04-04 11:40:00,99982.65
2025-04-04 11:45:00,99982.65
2025-04-04 11:50:00,99982.65
2025-04-04 11:55:00,99982.65
2025-04-04 12:00:00,99982.65
2025-04-04 12:05:00,99982.65
2025-04-04 12:10:00,99982.65
2025-04-04 12:15:00,99982.65
2025-04-04 12:20:00,99982.65
2025-04-04 12:25:00,99982.65
2025-04-04 12:30:00,99982.65
2025-04-04 12:35:00,99982.65
2025-04-04 12:40:00,99982.65
2025-04-04 12:45:00,99982.65
2025-04-04 12:50:00,99982.65
2025-04-04 12:55:00,99982.65
2025-04-04 13:00:00,99982.65
2025-04-04 13:05:00,99982.65
2025-04-04 13:10:00,99982.65
2025-04-04 13:15:00,99982.65
2025-04-04 13:20:00,99982.65
2025-04-04 13:25:00,99982.65
2025-04-04 13:30:00,99982.65
2025-04-04 13:35:00,99982.65
2025-04-04 13:40:00,99982.65
2025-04-04 13:45:00,99982.65
2025-04-04 13:50:00,99982.65
2025-04-04 13:55:00,99982.65
2025-04-04 14:00:00,99982.65
2025-04-04 14:05:00,99982.65
2025-04-04 14:10:00,99982.65
2025-04-04 14:15:00,99982.65
2025-04-04 14:20:00,99982.65
2025-04-04 14:25:00,99982.65
2025-04-04 14:30:00,99982.65
2025-04-04 14:35:00,99982.65
2025-04-04 14:40:00,99982.65
2025-04-04 14:45:00,99982.65
2025-04-04 14:50:00,99982.65
2025-04-04 14:55:00,99982.65
2025-04-04 15:00:00,99982.65
2025-04-04 15:05:00,99982.65
2025-04-04 15:10:00,99982.65
2025-04-04 15:15:00,99982.65
2025-04-04 15:20:00,99982.65
2025-04-04 15:25:00,99982.65
2025-04-04 15:30:00,99982.65
2025-04-07 09:15:00,99982.65
2025-04-07 09:20:00,99982.65
2025-04-07 09:25:00,99982.65
2025-04-07 09:30:00,99982.65
2025-04-07 09:35:00,99982.65
2025-04-07 09:40:00,99982.65
2025-04-07 09:45:00,99982.65
2025-04-07 09:50:00,99982.65
2025-04-07 09:55:00,99982.65
2025-04-07 10:00:00,99982.65
2025-04-07 10:05:00,99982.65
2025-04-07 10:10:00,99982.65
2025-04-07 10:15:00,99982.65
2025-04-07 10:20:00,99982.65
2025-04-07 10:25:00,99982.65
2025-04-07 10:30:00,99982.65
2025-04-07 10:35:00,99982.65
2025-04-07 10:40:00,99982.65
2025-04-07 10:45:00,99982.65
2025-04-07 10:50:00,99982.65
2025-04-07 10:55:00,99982.65
2025-04-07 11:00:00,99982.65
2025-04-07 11:05:00,99982.65
2025-04-07 11:10:00,99982.65
2025-04-07 11:15:00,99982.65
2025-04-07 11:20:00,99982.65
2025-04-07 11:25:00,99982.65
2025-04-07 11:30:00,99982.65
2025-04-07 11:35:00,99982.65
2025-04-07 11:40:00,99982.65
2025-04-07 11:45:00,99982.65
2025-04-07 11:50:00,99982.65
2025-04-07 11:55:00,99982.65
2025-04-07 12:00:00,99982.65
2025-04-07 12:05:00,99982.65
2025-04-07 12:10:00,99982.65
2025-04-07 12:15:00,99982.65
2025-04-07 12:20:00,99982.65
2025-04-07 12:25:00,99982.65
2025-04-07 12:30:00,99982.65
2025-04-07 12:35:00,99982.65
2025-04-07 12:40:00,99982.65
2025-04-07 12:45:00,99982.65
2025-04-07 12:50:00,99982.65
2025-04-07 12:55:00,99982.65
2025-04-07 13:00:00,99982.65
2025-04-07 13:05:00,99982.65
2025-04-07 13:10:00,99982.65
2025-04-07 13:15:00,99982.65
2025-04-07 13:20:00,99982.65
2025-04-07 13:25:00,99982.65
2025-04-07 13:30:00,99982.65
2025-04-07 13:35:00,99982.65
2025-04-07 13:40:00,99982.65
2025-04-07 13:45:00,99982.65
2025-04-07 13:50:00,99982.65
2025-04-07 13:55:00,99982.65
2025-04-07 14:00:00,99982.65
2025-04-07 14:05:00,99982.65
2025-04-07 14:10:00,99982.65
2025-04-07 14:15:00,99982.65
2025-04-07 14:20:00,99982.65
2025-04-07 14:25:00,99982.65
2025-04-07 14:30:00,99982.65
2025-04-07 14:35:00,99982.65
2025-04-07 14:40:00,99982.65
2025-04-07 14:45:00,99982.65
2025-04-07 14:50:00,99982.65
2025-04-07 14:55:00,99982.65
2025-04-07 15:00:00,99982.65
2025-04-07 15:05:00,99982.65
2025-04-07 15:10:00,99982.65
2025-04-07 15:15:00,99982.65
2025-04-07 15:20:00,99982.65
2025-04-07 15:25:00,99982.65
2025-04-07 15:30:00,99982.65
2025-04-08 09:15:00,99982.65
2025-04-08 09:20:00,99982.65
2025-04-08 09:25:00,99982.65
2025-04-08 09:30:00,99982.65
2025-04-08 09:35:00,99982.65
2025-04-08 09:40:00,99982.65
2025-04-08 09:45:00,99982.65
2025-04-08 09:50:00,99982.65
2025-04-08 09:55:00,99982.65
2025-04-08 10:00:00,99982.65
2025-04-08 10:05:00,99982.65
2025-04-08 10:10:00,99982.65
2025-04-08 10:15:00,99982.65
2025-04-08 10:20:00,99982.65
2025-04-08 10:25:00,99982.65
2025-04-08 10:30:00,99982.65
2025-04-08 10:35:00,99982.65
2025-04-08 10:40:00,99982.65
2025-04-08 10:45:00,99982.65
2025-04-08 10:50:00,99982.65
2025-04-08 10:55:00,99982.65
2025-04-08 11:00:00,99982.65
2025-04-08 11:05:00,99982.65
2025-04-08 11:10:00,99982.65
2025-04-08 11:15:00,99982.65
2025-04-08 11:20:00,99982.65
2025-04-08 11:25:00,99982.65
2025-04-08 11:30:00,99982.65
2025-04-08 11:35:00,99982.65
2025-04-08 11:40:00,99982.65
2025-04-08 11:45:00,99982.65
2025-04-08 11:50:00,99982.65
2025-04-08 11:55:00,99982.65
2025-04-08 12:00:00,99982.65
2025-04-08 12:05:00,99982.65
2025-04-08 12:10:00,99982.65
2025-04-08 12:15:00,99982.65
2025-04-08 12:20:00,99982.65
2025-04-08 12:25:00,99982.65
2025-04-08 12:30:00,99982.65
2025-04-08 12:35:00,99982.65
2025-04-08 12:40:00,99982.65
2025-04-08 12:45:00,99982.65
2025-04-08 12:50:00,99982.65
2025-04-08 12:55:00,99982.65
2025-04-08 13:00:00,99982.65
2025-04-08 13:05:00,99982.65
2025-04-08 13:10:00,99982.65
2025-04-08 13:15:00,99982.65
2025-04-08 13:20:00,99982.65
2025-04-08 13:25:00,99982.65
2025-04-08 13:30:00,99982.65
2025-04-08 13:35:00,99982.65
2025-04-08 13:40:00,99982.65
2025-04-08 13:45:00,99982.65
2025-04-08 13:50:00,99982.65
2025-04-08 13:55:00,99982.65
2025-04-08 14:00:00,99982.65
2025-04-08 14:05:00,99982.65
2025-04-08 14:10:00,99982.65
2025-04-08 14:15:00,99982.65
2025-04-08 14:20:00,99982.65
2025-04-08 14:25:00,99982.65
2025-04-08 14:30:00,99982.65
2025-04-08 14:35:00,99982.65
2025-04-08 14:40:00,99982.65
2025-04-08 14:45:00,99982.65
2025-04-08 14:50:00,99982.65
2025-04-08 14:55:00,99982.65
2025-04-08 15:00:00,99982.65
2025-04-08 15:05:00,99982.65
2025-04-08 15:10:00,99982.65
2025-04-08 15:15:00,99982.65
2025-04-08 15:20:00,99982.65
2025-04-08 15:25:00,99982.65
2025-04-08 15:30:00,99982.65
2025-04-09 09:15:00,99982.65
2025-04-09 09:20:00,99982.65
2025-04-09 09:25:00,99982.65
2025-04-09 09:30:00,99982.65
2025-04-09 09:35:00,99982.65
2025-04-09 09:40:00,99982.65
2025-04-09 09:45:00,99982.65
2025-04-09 09:50:00,99982.65
2025-04-09 09:55:00,99982.65
2025-04-09 10:00:00,99982.65
2025-04-09 10:05:00,99982.65
2025-04-09 10:10:00,99982.65
2025-04-09 10:15:00,99982.65
2025-04-09 10:20:00,99982.65
2025-04-09 10:25:00,99982.65
2025-04-09 10:30:00,99982.65
2025-04-09 10:35:00,99982.65
2025-04-09 10:40:00,99982.65
2025-04-09 10:45:00,99982.65
2025-04-09 10:50:00,99982.65
2025-04-09 10:55:00,99982.65
2025-04-09 11:00:00,99982.65
2025-04-09 11:05:00,99982.65
2025-04-09 11:10:00,99982.65
2025-04-09 11:15:00,99982.65
2025-04-09 11:20:00,99982.65
2025-04-09 11:25:00,99982.65
2025-04-09 11:30:00,99982.65
2025-04-09 11:35:00,99982.65
2025-04-09 11:40:00,99982.65
2025-04-09 11:45:00,99982.65
2025-04-09 11:50:00,99982.65
2025-04-09 11:55:00,99982.65
2025-04-09 12:00:00,99982.65
2025-04-09 12:05:00,99982.65
2025-04-09 12:10:00,99982.65
2025-04-09 12:15:00,99982.65
2025-04-09 12:20:00,99982.65
2025-04-09 12:25:00,99982.65
2025-04-09 12:30:00,99982.65
2025-04-09 12:35:00,99982.65
2025-04-09 12:40:00,99982.65
2025-04-09 12:45:00,99982.65
2025-04-09 12:50:00,99982.65
2025-04-09 12:55:00,99982.65
2025-04-09 13:00:00,99982.65
2025-04-09 13:05:00,99982.65
2025-04-09 13:10:00,99982.65
2025-04-09 13:15:00,99982.65
2025-04-09 13:20:00,99982.65
2025-04-09 13:25:00,99982.65
2025-04-09 13:30:00,99982.65
2025-04-09 13:35:00,99982.65
2025-04-09 13:40:00,99982.65
2025-04-09 13:45:00,99982.65
2025-04-09 13:50:00,99982.65
2025-04-09 13:55:00,99982.65
2025-04-09 14:00:00,99982.65
2025-04-09 14:05:00,99982.65
2025-04-09 14:10:00,99982.65
2025-04-09 14:15:00,99982.65
2025-04-09 14:20:00,99982.65
2025-04-09 14:25:00,99982.65
2025-04-09 14:30:00,99982.65
2025-04-09 14:35:00,99982.65
2025-04-09 14:40:00,99982.65
2025-04-09 14:45:00,99982.65
2025-04-09 14:50:00,99982.65
2025-04-09 14:55:00,99982.65
2025-04-09 15:00:00,99982.65
2025-04-09 15:05:00,99982.65
2025-04-09 15:10:00,99982.65
2025-04-09 15:15:00,99982.65
2025-04-09 15:20:00,99982.65
2025-04-09 15:25:00,99982.65
2025-04-09 15:30:00,99982.65
2025-04-10 09:15:00,99982.65
2025-04-10 09:20:00,99982.65
2025-04-10 09:25:00,99982.65
2025-04-10 09:30:00,99982.65
2025-04-10 09:35:00,99982.65
2025-04-10 09:40:00,99982.65
2025-04-10 09:45:00,99982.65
2025-04-10 09:50:00,99982.65
2025-04-10 09:55:00,99982.65
2025-04-10 10:00:00,99982.65
2025-04-10 10:05:00,99982.65
2025-04-10 10:10:00,99982.65
2025-04-10 10:15:00,99982.65
2025-04-10 10:20:00,99982.65
2025-04-10 10:25:00,99982.65
2025-04-10 10:30:00,99982.65
2025-04-10 10:35:00,99982.65
2025-04-10 10:40:00,99982.65
2025-04-10 10:45:00,99982.65
2025-04-10 10:50:00,99982.65
2025-04-10 10:55:00,99982.65
2025-04-10 11:00:00,99982.65
2025-04-10 11:05:00,99982.65
2025-04-10 11:10:00,99982.65
2025-04-10 11:15:00,99982.65
2025-04-10 11:20:00,99982.65
2025-04-10 11:25:00,99982.65
2025-04-10 11:30:00,99982.65
2025-04-10 11:35:00,99982.65
2025-04-10 11:40:00,99982.65
2025-04-10 11:45:00,99982.65
2025-04-10 11:50:00,99982.65
2025-04-10 11:55:00,99982.65
2025-04-10 12:00:00,99982.65
2025-04-10 12:05:00,99982.65
2025-04-10 12:10:00,99982.65
2025-04-10 12:15:00,99982.65
2025-04-10 12:20:00,99982.65
2025-04-10 12:25:00,99982.65
2025-04-10 12:30:00,99982.65
2025-04-10 12:35:00,99982.65
2025-04-10 12:40:00,99982.65
2025-04-10 12:45:00,99982.65
2025-04-10 12:50:00,99982.65
2025-04-10 12:55:00,99982.65
2025-04-10 13:00:00,99982.65
2025-04-10 13:05:00,99982.65
2025-04-10 13:10:00,99982.65
2025-04-10 13:15:00,99982.65
2025-04-10 13:20:00,99982.65
2025-04-10 13:25:00,99982.65
2025-04-10 13:30:00,99982.65
2025-04-10 13:35:00,99982.65
2025-04-10 13:40:00,99982.65
2025-04-10 13:45:00,99982.65
2025-04-10 13:50:00,99982.65
2025-04-10 13:55:00,99982.65
2025-04-10 14:00:00,99982.65
2025-04-10 14:05:00,99982.65
2025-04-10 14:10:00,99982.65
2025-04-10 14:15:00,99982.65
2025-04-10 14:20:00,99982.65
2025-04-10 14:25:00,99982.65
2025-04-10 14:30:00,99982.65
2025-04-10 14:35:00,99982.65
2025-04-10 14:40:00,99982.65
2025-04-10 14:45:00,99982.65
2025-04-10 14:50:00,99982.65
2025-04-10 14:55:00,99982.65
2025-04-10 15:00:00,99982.65
2025-04-10 15:05:00,99982.65
2025-04-10 15:10:00,99982.65
2025-04-10 15:15:00,99982.65
2025-04-10 15:20:00,99982.65
2025-04-10 15:25:00,99982.65
2025-04-10 15:30:00,99982.65
2025-04-11 09:15:00,99982.65
2025-04-11 09:20:00,99982.65
2025-04-11 09:25:00,99982.65
2025-04-11 09:30:00,99982.65
2025-04-11 09:35:00,99982.65
2025-04-11 09:40:00,99982.65
2025-04-11 09:45:00,99982.65
2025-04-11 09:50:00,99982.65
2025-04-11 09:55:00,99982.65
2025-04-11 10:00:00,99982.65
2025-04-11 10:05:00,99982.65
2025-04-11 10:10:00,99982.65
2025-04-11 10:15:00,99982.65
2025-04-11 10:20:00,99982.65
2025-04-11 10:25:00,99982.65
2025-04-11 10:30:00,99982.65
2025-04-11 10:35:00,99982.65
2025-04-11 10:40:00,99982.65
2025-04-11 10:45:00,99982.65
2025-04-11 10:50:00,99982.65
2025-04-11 10:55:00,99982.65
2025-04-11 11:00:00,99982.65
2025-04-11 11:05:00,99982.65
2025-04-11 11:10:00,99982.65
2025-04-11 11:15:00,99982.65
2025-04-11 11:20:00,99982.65
2025-04-11 11:25:00,99982.65
2025-04-11 11:30:00,99982.65
2025-04-11 11:35:00,99982.65
2025-04-11 11:40:00,99982.65
2025-04-11 11:45:00,99982.65
2025-04-11 11:50:00,99982.65
2025-04-11 11:55:00,99982.65
2025-04-11 12:00:00,99982.65
2025-04-11 12:05:00,99982.65
2025-04-11 12:10:00,99982.65
2025-04-11 12:15:00,99982.65
2025-04-11 12:20:00,99982.65
2025-04-11 12:25:00,99982.65
2025-04-11 12:30:00,99982.65
2025-04-11 12:35:00,99982.65
2025-04-11 12:40:00,99982.65
2025-04-11 12:45:00,99982.65
2025-04-11 12:50:00,99982.65
2025-04-11 12:55:00,99982.65
2025-04-11 13:00:00,99982.65
2025-04-11 13:05:00,99982.65
2025-04-11 13:10:00,99982.65
2025-04-11 13:15:00,99982.65
2025-04-11 13:20:00,99982.65
2025-04-11 13:25:00,99982.65
2025-04-11 13:30:00,99982.65
2025-04-11 13:35:00,99982.65
2025-04-11 13:40:00,99982.65
2025-04-11 13:45:00,99982.65
2025-04-11 13:50:00,99982.65
2025-04-11 13:55:00,99982.65
2025-04-11 14:00:00,99982.65
2025-04-11 14:05:00,99982.65
2025-04-11 14:10:00,99982.65
2025-04-11 14:15:00,99982.65
2025-04-11 14:20:00,99982.65
2025-04-11 14:25:00,99982.65
2025-04-11 14:30:00,99982.65
2025-04-11 14:35:00,99982.65
2025-04-11 14:40:00,99982.65
2025-04-11 14:45:00,99982.65
2025-04-11 14:50:00,99982.65
2025-04-11 14:55:00,99982.65
2025-04-11 15:00:00,99982.65
2025-04-11 15:05:00,99982.65
2025-04-11 15:10:00,99982.65
2025-04-11 15:15:00,99982.65
2025-04-11 15:20:00,99982.65
2025-04-11 15:25:00,99982.65
2025-04-11 15:30:00,99982.65
2025-04-14 09:15:00,99982.65
2025-04-14 09:20:00,99982.65
2025-04-14 09:25:00,99982.65
2025-04-14 09:30:00,99982.65
2025-04-14 09:35:00,99982.65
2025-04-14 09:40:00,99982.65
2025-04-14 09:45:00,99982.65
2025-04-14 09:50:00,99982.65
2025-04-14 09:55:00,99982.65
2025-04-14 10:00:00,99982.65
2025-04-14 10:05:00,99982.65
2025-04-14 10:10:00,99982.65
2025-04-14 10:15:00,99982.65
2025-04-14 10:20:00,99982.65
2025-04-14 10:25:00,99982.65
2025-04-14 10:30:00,99982.65
2025-04-14 10:35:00,99982.65
2025-04-14 10:40:00,99982.65
2025-04-14 10:45:00,99982.65
2025-04-14 10:50:00,99982.65
2025-04-14 10:55:00,99982.65
2025-04-14 11:00:00,99982.65
2025-04-14 11:05:00,99982.65
2025-04-14 11:10:00,99982.65
2025-04-14 11:15:00,99982.65
2025-04-14 11:20:00,99982.65
2025-04-14 11:25:00,99982.65
2025-04-14 11:30:00,99982.65
2025-04-14 11:35:00,99982.65
2025-04-14 11:40:00,99982.65
2025-04-14 11:45:00,99982.65
2025-04-14 11:50:00,99982.65
2025-04-14 11:55:00,99982.65
2025-04-14 12:00:00,99982.65
2025-04-14 12:05:00,99982.65
2025-04-14 12:10:00,99982.65
2025-04-14 12:15:00,99982.65
2025-04-14 12:20:00,99982.65
2025-04-14 12:25:00,99982.65
2025-04-14 12:30:00,99982.65
2025-04-14 12:35:00,99982.65
2025-04-14 12:40:00,99982.65
2025-04-14 12:45:00,99982.65
2025-04-14 12:50:00,99982.65
2025-04-14 12:55:00,99964.97999999998
2025-04-14 13:00:00,99964.97999999998
2025-04-14 13:05:00,99964.97999999998
2025-04-14 13:10:00,99933.19999999998
2025-04-14 13:15:00,99933.19999999998
2025-04-14 13:20:00,99933.19999999998
2025-04-14 13:25:00,99933.19999999998
2025-04-14 13:30:00,99933.19999999998
2025-04-14 13:35:00,99933.19999999998
2025-04-14 13:40:00,99933.19999999998
2025-04-14 13:45:00,99933.19999999998
2025-04-14 13:50:00,99933.19999999998
2025-04-14 13:55:00,99933.19999999998
2025-04-14 14:00:00,99933.19999999998
2025-04-14 14:05:00,99933.19999999998
2025-04-14 14:10:00,99890.30999999998
2025-04-14 14:15:00,99890.30999999998
2025-04-14 14:20:00,99890.30999999998
2025-04-14 14:25:00,99890.30999999998
2025-04-14 14:30:00,99890.30999999998
2025-04-14 14:35:00,99890.30999999998
2025-04-14 14:40:00,99890.30999999998
2025-04-14 14:45:00,99890.30999999998
2025-04-14 14:50:00,99890.30999999998
2025-04-14 14:55:00,99890.30999999998
2025-04-14 15:00:00,99890.30999999998
2025-04-14 15:05:00,99890.30999999998
2025-04-14 15:10:00,99890.30999999998
2025-04-14 15:15:00,99890.30999999998
2025-04-14 15:20:00,99890.30999999998
2025-04-14 15:25:00,99890.30999999998
2025-04-14 15:30:00,99890.30999999998
2025-04-15 09:15:00,99890.30999999998
2025-04-15 09:20:00,99890.30999999998
2025-04-15 09:25:00,99884.62
2025-04-15 09:30:00,99884.62
2025-04-15 09:35:00,99884.62
2025-04-15 09:40:00,99884.62
2025-04-15 09:45:00,99884.62
2025-04-15 09:50:00,99884.62
2025-04-15 09:55:00,99884.62
2025-04-15 10:00:00,99884.62
2025-04-15 10:05:00,99884.62
2025-04-15 10:10:00,99884.62
2025-04-15 10:15:00,99884.62
2025-04-15 10:20:00,99802.44999999998
2025-04-15 10:25:00,99802.44999999998
2025-04-15 10:30:00,99802.44999999998
2025-04-15 10:35:00,99802.44999999998
2025-04-15 10:40:00,99802.44999999998
2025-04-15 10:45:00,99802.44999999998
2025-04-15 10:50:00,99802.44999999998
2025-04-15 10:55:00,99802.44999999998
2025-04-15 11:00:00,99802.44999999998
2025-04-15 11:05:00,99802.44999999998
2025-04-15 11:10:00,99802.44999999998
2025-04-15 11:15:00,99802.44999999998
2025-04-15 11:20:00,99802.44999999998
2025-04-15 11:25:00,99802.44999999998
2025-04-15 11:30:00,99802.44999999998
2025-04-15 11:35:00,99802.44999999998
2025-04-15 11:40:00,99802.44999999998
2025-04-15 11:45:00,99778.06
2025-04-15 11:50:00,99778.06
2025-04-15 11:55:00,99778.06
2025-04-15 12:00:00,99778.06
2025-04-15 12:05:00,99778.06
2025-04-15 12:10:00,99778.06
2025-04-15 12:15:00,99778.06
2025-04-15 12:20:00,99778.06
2025-04-15 12:25:00,99778.06
2025-04-15 12:30:00,99778.06
2025-04-15 12:35:00,99778.06
2025-04-15 12:40:00,99778.06
2025-04-15 12:45:00,99778.06
2025-04-15 12:50:00,99778.06
2025-04-15 12:55:00,99778.06
2025-04-15 13:00:00,99778.06
2025-04-15 13:05:00,99778.06
2025-04-15 13:10:00,99778.06
2025-04-15 13:15:00,99778.06
2025-04-15 13:20:00,99778.06
2025-04-15 13:25:00,99778.06
2025-04-15 13:30:00,99778.06
2025-04-15 13:35:00,99778.06
2025-04-15 13:40:00,99778.06
2025-04-15 13:45:00,99778.06
2025-04-15 13:50:00,99778.06
2025-04-15 13:55:00,99778.06
2025-04-15 14:00:00,99778.06
2025-04-15 14:05:00,99778.06
2025-04-15 14:10:00,99778.06
2025-04-15 14:15:00,99778.06
2025-04-15 14:20:00,99778.06
2025-04-15 14:25:00,99778.06
2025-04-15 14:30:00,99778.06
2025-04-15 14:35:00,99778.06
2025-04-15 14:40:00,99778.06
2025-04-15 14:45:00,99778.06
2025-04-15 14:50:00,99778.06
2025-04-15 14:55:00,99778.06
2025-04-15 15:00:00,99778.06
2025-04-15 15:05:00,99778.06
2025-04-15 15:10:00,99778.06
2025-04-15 15:15:00,99778.06
2025-04-15 15:20:00,99778.06
2025-04-15 15:25:00,99778.06
2025-04-15 15:30:00,99778.06
2025-04-16 09:15:00,99778.06
2025-04-16 09:20:00,99778.06
2025-04-16 09:25:00,99778.06
2025-04-16 09:30:00,99778.06
2025-04-16 09:35:00,99778.06
2025-04-16 09:40:00,99778.06
2025-04-16 09:45:00,99778.06
2025-04-16 09:50:00,99778.06
2025-04-16 09:55:00,99778.06
2025-04-16 10:00:00,99778.06
2025-04-16 10:05:00,99778.06
2025-04-16 10:10:00,99778.06
2025-04-16 10:15:00,99778.06
2025-04-16 10:20:00,99778.06
2025-04-16 10:25:00,99778.06
2025-04-16 10:30:00,99778.06
2025-04-16 10:35:00,99778.06
2025-04-16 10:40:00,99778.06
2025-04-16 10:45:00,99778.06
2025-04-16 10:50:00,99778.06
2025-04-16 10:55:00,99778.06
2025-04-16 11:00:00,99778.06
2025-04-16 11:05:00,99778.06
2025-04-16 11:10:00,99778.06
2025-04-16 11:15:00,99778.06
2025-04-16 11:20:00,99778.06
2025-04-16 11:25:00,99778.06
2025-04-16 11:30:00,99935.77999999998
2025-04-16 11:35:00,99935.77999999998
2025-04-16 11:40:00,99935.77999999998
2025-04-16 11:45:00,99935.77999999998
2025-04-16 11:50:00,99935.77999999998
2025-04-16 11:55:00,99935.77999999998
2025-04-16 12:00:00,99935.77999999998
2025-04-16 12:05:00,99935.77999999998
2025-04-16 12:10:00,99875.44999999998
2025-04-16 12:15:00,99875.44999999998
2025-04-16 12:20:00,99875.44999999998
2025-04-16 12:25:00,99875.44999999998
2025-04-16 12:30:00,99875.44999999998
2025-04-16 12:35:00,99875.44999999998
2025-04-16 12:40:00,99875.44999999998
2025-04-16 12:45:00,99875.44999999998
2025-04-16 12:50:00,99875.44999999998
2025-04-16 12:55:00,99875.44999999998
2025-04-16 13:00:00,99875.44999999998
2025-04-16 13:05:00,99875.44999999998
2025-04-16 13:10:00,99875.44999999998
2025-04-16 13:15:00,99875.44999999998
2025-04-16 13:20:00,99875.44999999998
2025-04-16 13:25:00,99875.44999999998
2025-04-16 13:30:00,99875.44999999998
2025-04-16 13:35:00,99875.44999999998
2025-04-16 13:40:00,99875.44999999998
2025-04-16 13:45:00,99875.44999999998
2025-04-16 13:50:00,99875.44999999998
2025-04-16 13:55:00,99875.44999999998
2025-04-16 14:00:00,99875.44999999998
2025-04-16 14:05:00,99875.44999999998
2025-04-16 14:10:00,99875.44999999998
2025-04-16 14:15:00,99875.44999999998
2025-04-16 14:20:00,99875.44999999998
2025-04-16 14:25:00,99875.44999999998
2025-04-16 14:30:00,99875.44999999998
2025-04-16 14:35:00,99875.44999999998
2025-04-16 14:40:00,99875.44999999998
2025-04-16 14:45:00,99880.71999999999
2025-04-16 14:50:00,99880.71999999999
2025-04-16 14:55:00,99880.71999999999
2025-04-16 15:00:00,99868.22999999998
2025-04-16 15:05:00,99868.22999999998
2025-04-16 15:10:00,99868.22999999998
2025-04-16 15:15:00,99868.22999999998
2025-04-16 15:20:00,99868.22999999998
2025-04-16 15:25:00,99868.22999999998
2025-04-16 15:30:00,99868.22999999998
2025-04-17 09:15:00,99868.22999999998
2025-04-17 09:20:00,99868.22999999998
2025-04-17 09:25:00,99868.22999999998
2025-04-17 09:30:00,99868.22999999998
2025-04-17 09:35:00,99868.22999999998
2025-04-17 09:40:00,99868.22999999998
2025-04-17 09:45:00,99868.22999999998
2025-04-17 09:50:00,99868.22999999998
2025-04-17 09:55:00,99837.44999999998
2025-04-17 10:00:00,99837.44999999998
2025-04-17 10:05:00,99809.19999999998
2025-04-17 10:10:00,99809.19999999998
2025-04-17 10:15:00,99809.19999999998
2025-04-17 10:20:00,99809.19999999998
2025-04-17 10:25:00,99809.19999999998
2025-04-17 10:30:00,99809.19999999998
2025-04-17 10:35:00,99809.19999999998
2025-04-17 10:40:00,99809.19999999998
2025-04-17 10:45:00,99809.19999999998
2025-04-17 10:50:00,99809.19999999998
2025-04-17 10:55:00,99809.19999999998
2025-04-17 11:00:00,99809.19999999998
2025-04-17 11:05:00,99809.19999999998
2025-04-17 11:10:00,99809.19999999998
2025-04-17 11:15:00,99809.19999999998
2025-04-17 11:20:00,99809.19999999998
2025-04-17 11:25:00,99809.19999999998
2025-04-17 11:30:00,99809.19999999998
2025-04-17 11:35:00,99809.19999999998
2025-04-17 11:40:00,99809.19999999998
2025-04-17 11:45:00,99809.19999999998
2025-04-17 11:50:00,99809.19999999998
2025-04-17 11:55:00,99809.19999999998
2025-04-17 12:00:00,99809.19999999998
2025-04-17 12:05:00,99809.19999999998
2025-04-17 12:10:00,99809.19999999998
2025-04-17 12:15:00,99809.19999999998
2025-04-17 12:20:00,99809.19999999998
2025-04-17 12:25:00,99809.19999999998
2025-04-17 12:30:00,99809.19999999998
2025-04-17 12:35:00,99809.19999999998
2025-04-17 12:40:00,99809.19999999998
2025-04-17 12:45:00,99809.19999999998
2025-04-17 12:50:00,99916.45999999999
2025-04-17 12:55:00,99916.45999999999
2025-04-17 13:00:00,99916.45999999999
2025-04-17 13:05:00,99916.45999999999
2025-04-17 13:10:00,99916.45999999999
2025-04-17 13:15:00,99916.45999999999
2025-04-17 13:20:00,99916.45999999999
2025-04-17 13:25:00,99916.45999999999
2025-04-17 13:30:00,99916.45999999999
2025-04-17 13:35:00,99916.45999999999
2025-04-17 13:40:00,99916.45999999999
2025-04-17 13:45:00,99916.45999999999
2025-04-17 13:50:00,99916.45999999999
2025-04-17 13:55:00,99916.45999999999
2025-04-17 14:00:00,99916.45999999999
2025-04-17 14:05:00,99880.65
2025-04-17 14:10:00,99880.65
2025-04-17 14:15:00,99880.65
2025-04-17 14:20:00,99880.65
2025-04-17 14:25:00,99880.65
2025-04-17 14:30:00,99880.65
2025-04-17 14:35:00,99880.65
2025-04-17 14:40:00,99880.65
2025-04-17 14:45:00,99880.65
2025-04-17 14:50:00,99880.65
2025-04-17 14:55:00,99880.65
2025-04-17 15:00:00,99880.65
2025-04-17 15:05:00,99880.65
2025-04-17 15:10:00,99880.65
2025-04-17 15:15:00,99880.65
2025-04-17 15:20:00,99880.65
2025-04-17 15:25:00,99880.65
2025-04-17 15:30:00,99880.65
2025-04-18 09:15:00,99880.65
2025-04-18 09:20:00,99856.98999999999
2025-04-18 09:25:00,99856.98999999999
2025-04-18 09:30:00,99856.98999999999
2025-04-18 09:35:00,99856.98999999999
2025-04-18 09:40:00,99856.98999999999
2025-04-18 09:45:00,99856.98999999999
2025-04-18 09:50:00,99856.98999999999
2025-04-18 09:55:00,99856.98999999999
2025-04-18 10:00:00,99856.98999999999
2025-04-18 10:05:00,99856.98999999999
2025-04-18 10:10:00,99856.98999999999
2025-04-18 10:15:00,99856.98999999999
2025-04-18 10:20:00,99856.98999999999
2025-04-18 10:25:00,99856.98999999999
2025-04-18 10:30:00,99856.98999999999
2025-04-18 10:35:00,99856.98999999999
2025-04-18 10:40:00,99835.99999999999
2025-04-18 10:45:00,99835.99999999999
2025-04-18 10:50:00,99835.99999999999
2025-04-18 10:55:00,99835.99999999999
2025-04-18 11:00:00,99835.99999999999
2025-04-18 11:05:00,99835.99999999999
2025-04-18 11:10:00,99810.02999999998
2025-04-18 11:15:00,99810.02999999998
2025-04-18 11:20:00,99810.02999999998
2025-04-18 11:25:00,99810.02999999998
2025-04-18 11:30:00,99810.02999999998
2025-04-18 11:35:00,99810.02999999998
2025-04-18 11:40:00,99789.4
2025-04-18 11:45:00,99789.4
2025-04-18 11:50:00,99789.4
2025-04-18 11:55:00,99789.4
2025-04-18 12:00:00,99789.4
2025-04-18 12:05:00,99789.4
2025-04-18 12:10:00,99789.4
2025-04-18 12:15:00,99789.4
2025-04-18 12:20:00,99789.4
2025-04-18 12:25:00,99789.4
2025-04-18 12:30:00,99789.4
2025-04-18 12:35:00,99789.4
2025-04-18 12:40:00,99789.4
2025-04-18 12:45:00,99789.4
2025-04-18 12:50:00,99789.4
2025-04-18 12:55:00,99789.4
2025-04-18 13:00:00,99789.4
2025-04-18 13:05:00,99789.4
2025-04-18 13:10:00,99789.4
2025-04-18 13:15:00,99765.59
2025-04-18 13:20:00,99765.59
2025-04-18 13:25:00,99765.59
2025-04-18 13:30:00,99765.59
2025-04-18 13:35:00,99765.59
2025-04-18 13:40:00,99765.59
2025-04-18 13:45:00,99765.59
2025-04-18 13:50:00,99765.59
2025-04-18 13:55:00,99765.59
2025-04-18 14:00:00,99765.59
2025-04-18 14:05:00,99765.59
2025-04-18 14:10:00,99765.59
2025-04-18 14:15:00,99765.59
2025-04-18 14:20:00,99765.59
2025-04-18 14:25:00,99765.59
2025-04-18 14:30:00,99765.59
2025-04-18 14:35:00,99765.59
2025-04-18 14:40:00,99765.59
2025-04-18 14:45:00,99765.59
2025-04-18 14:50:00,99765.59
2025-04-18 14:55:00,99765.59
2025-04-18 15:00:00,99765.59
2025-04-18 15:05:00,99765.59
2025-04-18 15:10:00,99765.59
2025-04-18 15:15:00,99798.23
2025-04-18 15:20:00,99798.23
2025-04-18 15:25:00,99798.23
2025-04-18 15:30:00,99798.23
2025-04-21 09:15:00,99798.23
2025-04-21 09:20:00,99765.98999999999
2025-04-21 09:25:00,99765.98999999999
2025-04-21 09:30:00,99765.98999999999
2025-04-21 09:35:00,99765.98999999999
2025-04-21 09:40:00,99765.98999999999
2025-04-21 09:45:00,99765.98999999999
2025-04-21 09:50:00,99765.98999999999
2025-04-21 09:55:00,99765.98999999999
2025-04-21 10:00:00,99765.98999999999
2025-04-21 10:05:00,99765.98999999999
2025-04-21 10:10:00,99765.98999999999
2025-04-21 10:15:00,99765.98999999999
2025-04-21 10:20:00,99765.98999999999
2025-04-21 10:25:00,99765.98999999999
2025-04-21 10:30:00,99765.98999999999
2025-04-21 10:35:00,99765.98999999999
2025-04-21 10:40:00,99765.98999999999
2025-04-21 10:45:00,99765.98999999999
2025-04-21 10:50:00,99765.98999999999
2025-04-21 10:55:00,99765.98999999999
2025-04-21 11:00:00,99765.98999999999
2025-04-21 11:05:00,99765.98999999999
2025-04-21 11:10:00,99765.98999999999
2025-04-21 11:15:00,99765.98999999999
2025-04-21 11:20:00,99765.98999999999
2025-04-21 11:25:00,99765.98999999999
2025-04-21 11:30:00,99765.98999999999
2025-04-21 11:35:00,99765.98999999999
2025-04-21 11:40:00,99765.98999999999
2025-04-21 11:45:00,99765.98999999999
2025-04-21 11:50:00,99765.98999999999
2025-04-21 11:55:00,99765.98999999999
2025-04-21 12:00:00,99765.98999999999
2025-04-21 12:05:00,99765.98999999999
2025-04-21 12:10:00,99765.98999999999
2025-04-21 12:15:00,99765.98999999999
2025-04-21 12:20:00,99765.98999999999
2025-04-21 12:25:00,99765.98999999999
2025-04-21 12:30:00,99765.98999999999
2025-04-21 12:35:00,99765.98999999999
2025-04-21 12:40:00,99765.98999999999
2025-04-21 12:45:00,99765.98999999999
2025-04-21 12:50:00,99765.98999999999
2025-04-21 12:55:00,99765.98999999999
2025-04-21 13:00:00,99765.98999999999
2025-04-21 13:05:00,99765.98999999999
2025-04-21 13:10:00,99765.98999999999
2025-04-21 13:15:00,99765.98999999999
2025-04-21 13:20:00,99765.98999999999
2025-04-21 13:25:00,99765.98999999999
2025-04-21 13:30:00,99765.98999999999
2025-04-21 13:35:00,99765.98999999999
2025-04-21 13:40:00,99733.4
2025-04-21 13:45:00,99733.4
2025-04-21 13:50:00,99733.4
2025-04-21 13:55:00,99733.4
2025-04-21 14:00:00,99733.4
2025-04-21 14:05:00,99733.4
2025-04-21 14:10:00,99733.4
2025-04-21 14:15:00,99733.4
2025-04-21 14:20:00,99733.4
2025-04-21 14:25:00,99733.4
2025-04-21 14:30:00,99733.4
2025-04-21 14:35:00,99733.4
2025-04-21 14:40:00,99733.4
2025-04-21 14:45:00,99733.4
2025-04-21 14:50:00,99733.4
2025-04-21 14:55:00,99733.4
2025-04-21 15:00:00,99733.4
2025-04-21 15:05:00,99733.4
2025-04-21 15:10:00,99733.4
2025-04-21 15:15:00,99733.4
2025-04-21 15:20:00,99733.4
2025-04-21 15:25:00,99733.4
2025-04-21 15:30:00,99733.4
2025-04-22 09:15:00,99733.4
2025-04-22 09:20:00,99733.4
2025-04-22 09:25:00,99733.4
2025-04-22 09:30:00,99733.4
2025-04-22 09:35:00,99733.4
2025-04-22 09:40:00,99733.4
2025-04-22 09:45:00,99733.4
2025-04-22 09:50:00,99733.4
2025-04-22 09:55:00,99733.4
2025-04-22 10:00:00,99733.4
2025-04-22 10:05:00,99733.4
2025-04-22 10:10:00,99733.4
2025-04-22 10:15:00,99733.4
2025-04-22 10:20:00,99733.4
2025-04-22 10:25:00,99733.4
2025-04-22 10:30:00,99733.4
2025-04-22 10:35:00,99733.4
2025-04-22 10:40:00,99733.4
2025-04-22 10:45:00,99733.4
2025-04-22 10:50:00,99733.4
2025-04-22 10:55:00,99733.4
2025-04-22 11:00:00,99733.4
2025-04-22 11:05:00,99733.4
2025-04-22 11:10:00,99725.07999999999
2025-04-22 11:15:00,99725.07999999999
2025-04-22 11:20:00,99725.07999999999
2025-04-22 11:25:00,99725.07999999999
2025-04-22 11:30:00,99681.12
2025-04-22 11:35:00,99681.12
2025-04-22 11:40:00,99681.12
2025-04-22 11:45:00,99681.12
2025-04-22 11:50:00,99681.12
2025-04-22 11:55:00,99681.12
2025-04-22 12:00:00,99681.12
2025-04-22 12:05:00,99681.12
2025-04-22 12:10:00,99681.12
2025-04-22 12:15:00,99681.12
2025-04-22 12:20:00,99681.12
2025-04-22 12:25:00,99681.12
2025-04-22 12:30:00,99681.12
2025-04-22 12:35:00,99681.12
2025-04-22 12:40:00,99610.22999999998
2025-04-22 12:45:00,99610.22999999998
2025-04-22 12:50:00,99610.22999999998
2025-04-22 12:55:00,99610.22999999998
2025-04-22 13:00:00,99610.22999999998
2025-04-22 13:05:00,99610.22999999998
2025-04-22 13:10:00,99610.22999999998
2025-04-22 13:15:00,99610.22999999998
2025-04-22 13:20:00,99610.22999999998
2025-04-22 13:25:00,99610.22999999998
2025-04-22 13:30:00,99610.22999999998
2025-04-22 13:35:00,99610.22999999998
2025-04-22 13:40:00,99610.22999999998
2025-04-22 13:45:00,99610.22999999998
2025-04-22 13:50:00,99610.22999999998
2025-04-22 13:55:00,99610.22999999998
2025-04-22 14:00:00,99610.22999999998
2025-04-22 14:05:00,99610.22999999998
2025-04-22 14:10:00,99610.22999999998
2025-04-22 14:15:00,99610.22999999998
2025-04-22 14:20:00,99610.22999999998
2025-04-22 14:25:00,99610.22999999998
2025-04-22 14:30:00,99610.22999999998
2025-04-22 14:35:00,99610.22999999998
2025-04-22 14:40:00,99610.22999999998
2025-04-22 14:45:00,99610.22999999998
2025-04-22 14:50:00,99610.22999999998
2025-04-22 14:55:00,99610.22999999998
2025-04-22 15:00:00,99610.22999999998
2025-04-22 15:05:00,99610.22999999998
2025-04-22 15:10:00,99610.22999999998
2025-04-22 15:15:00,99610.22999999998
2025-04-22 15:20:00,99610.22999999998
2025-04-22 15:25:00,99610.22999999998
2025-04-22 15:30:00,99610.22999999998
2025-04-23 09:15:00,99610.22999999998
2025-04-23 09:20:00,99610.22999999998
2025-04-23 09:25:00,99610.22999999998
2025-04-23 09:30:00,99610.22999999998
2025-04-23 09:35:00,99610.22999999998
2025-04-23 09:40:00,99610.22999999998
2025-04-23 09:45:00,99610.22999999998
2025-04-23 09:50:00,99610.22999999998
2025-04-23 09:55:00,99610.22999999998
2025-04-23 10:00:00,99610.22999999998
2025-04-23 10:05:00,99610.22999999998
2025-04-23 10:10:00,99610.22999999998
2025-04-23 10:15:00,99610.22999999998
2025-04-23 10:20:00,99610.22999999998
2025-04-23 10:25:00,99610.22999999998
2025-04-23 10:30:00,99610.22999999998
2025-04-23 10:35:00,99610.22999999998
2025-04-23 10:40:00,99610.22999999998
2025-04-23 10:45:00,99610.22999999998
2025-04-23 10:50:00,99610.22999999998
2025-04-23 10:55:00,99610.22999999998
2025-04-23 11:00:00,99610.22999999998
2025-04-23 11:05:00,99610.22999999998
2025-04-23 11:10:00,99610.22999999998
2025-04-23 11:15:00,99610.22999999998
2025-04-23 11:20:00,99610.22999999998
2025-04-23 11:25:00,99610.22999999998
2025-04-23 11:30:00,99610.22999999998
2025-04-23 11:35:00,99610.22999999998
2025-04-23 11:40:00,99610.22999999998
2025-04-23 11:45:00,99610.22999999998
2025-04-23 11:50:00,99610.22999999998
2025-04-23 11:55:00,99610.22999999998
2025-04-23 12:00:00,99610.22999999998
2025-04-23 12:05:00,99610.22999999998
2025-04-23 12:10:00,99610.22999999998
2025-04-23 12:15:00,99610.22999999998
2025-04-23 12:20:00,99610.22999999998
2025-04-23 12:25:00,99610.22999999998
2025-04-23 12:30:00,99610.22999999998
2025-04-23 12:35:00,99610.22999999998
2025-04-23 12:40:00,99610.22999999998
2025-04-23 12:45:00,99610.22999999998
2025-04-23 12:50:00,99610.22999999998
2025-04-23 12:55:00,99610.22999999998
2025-04-23 13:00:00,99610.22999999998
2025-04-23 13:05:00,99610.22999999998
2025-04-23 13:10:00,99610.22999999998
2025-04-23 13:15:00,99610.22999999998
2025-04-23 13:20:00,99610.22999999998
2025-04-23 13:25:00,99610.22999999998
2025-04-23 13:30:00,99610.22999999998
2025-04-23 13:35:00,99610.22999999998
2025-04-23 13:40:00,99610.22999999998
2025-04-23 13:45:00,99610.22999999998
2025-04-23 13:50:00,99610.22999999998
2025-04-23 13:55:00,99610.22999999998
2025-04-23 14:00:00,99610.22999999998
2025-04-23 14:05:00,99610.22999999998
2025-04-23 14:10:00,99610.22999999998
2025-04-23 14:15:00,99610.22999999998
2025-04-23 14:20:00,99610.22999999998
2025-04-23 14:25:00,99610.22999999998
2025-04-23 14:30:00,99610.22999999998
2025-04-23 14:35:00,99610.22999999998
2025-04-23 14:40:00,99610.22999999998
2025-04-23 14:45:00,99610.22999999998
2025-04-23 14:50:00,99861.50999999998
2025-04-23 14:55:00,99861.50999999998
2025-04-23 15:00:00,99861.50999999998
2025-04-23 15:05:00,99861.50999999998
2025-04-23 15:10:00,99861.50999999998
2025-04-23 15:15:00,99861.50999999998
2025-04-23 15:20:00,99861.50999999998
2025-04-23 15:25:00,99861.50999999998
2025-04-23 15:30:00,99861.50999999998
2025-04-24 09:15:00,99861.50999999998
2025-04-24 09:20:00,99861.50999999998
2025-04-24 09:25:00,99861.50999999998
2025-04-24 09:30:00,99861.50999999998
2025-04-24 09:35:00,99861.50999999998
2025-04-24 09:40:00,99861.50999999998
2025-04-24 09:45:00,99861.50999999998
2025-04-24 09:50:00,99861.50999999998
2025-04-24 09:55:00,99861.50999999998
2025-04-24 10:00:00,99861.50999999998
2025-04-24 10:05:00,99861.50999999998
2025-04-24 10:10:00,99861.50999999998
2025-04-24 10:15:00,99861.50999999998
2025-04-24 10:20:00,99861.50999999998
2025-04-24 10:25:00,99861.50999999998
2025-04-24 10:30:00,99861.50999999998
2025-04-24 10:35:00,99861.50999999998
2025-04-24 10:40:00,99861.50999999998
2025-04-24 10:45:00,99861.50999999998
2025-04-24 10:50:00,99861.50999999998
2025-04-24 10:55:00,99861.50999999998
2025-04-24 11:00:00,99861.50999999998
2025-04-24 11:05:00,99861.50999999998
2025-04-24 11:10:00,99861.50999999998
2025-04-24 11:15:00,99861.50999999998
2025-04-24 11:20:00,99861.50999999998
2025-04-24 11:25:00,99861.50999999998
2025-04-24 11:30:00,99861.50999999998
2025-04-24 11:35:00,99861.50999999998
2025-04-24 11:40:00,99861.50999999998
2025-04-24 11:45:00,99861.50999999998
2025-04-24 11:50:00,99861.50999999998
2025-04-24 11:55:00,99861.50999999998
2025-04-24 12:00:00,99861.50999999998
2025-04-24 12:05:00,99861.50999999998
2025-04-24 12:10:00,99861.50999999998
2025-04-24 12:15:00,99861.50999999998
2025-04-24 12:20:00,99861.50999999998
2025-04-24 12:25:00,99861.50999999998
2025-04-24 12:30:00,99861.50999999998
2025-04-24 12:35:00,99861.50999999998
2025-04-24 12:40:00,99861.50999999998
2025-04-24 12:45:00,99861.50999999998
2025-04-24 12:50:00,99861.50999999998
2025-04-24 12:55:00,99861.50999999998
2025-04-24 13:00:00,99861.50999999998
2025-04-24 13:05:00,99861.50999999998
2025-04-24 13:10:00,99861.50999999998
2025-04-24 13:15:00,99861.50999999998
2025-04-24 13:20:00,99861.50999999998
2025-04-24 13:25:00,99861.50999999998
2025-04-24 13:30:00,99861.50999999998
2025-04-24 13:35:00,99861.50999999998
2025-04-24 13:40:00,99861.50999999998
2025-04-24 13:45:00,99861.50999999998
2025-04-24 13:50:00,99861.50999999998
2025-04-24 13:55:00,99861.50999999998
2025-04-24 14:00:00,99861.50999999998
2025-04-24 14:05:00,99861.50999999998
2025-04-24 14:10:00,99861.50999999998
2025-04-24 14:15:00,100089.72999999998
2025-04-24 14:20:00,100089.72999999998
2025-04-24 14:25:00,100089.72999999998
2025-04-24 14:30:00,100089.72999999998
2025-04-24 14:35:00,100089.72999999998
2025-04-24 14:40:00,100089.72999999998
2025-04-24 14:45:00,100089.72999999998
2025-04-24 14:50:00,100054.49999999999
2025-04-24 14:55:00,100054.49999999999
2025-04-24 15:00:00,100054.49999999999
2025-04-24 15:05:00,100054.49999999999
2025-04-24 15:10:00,100054.49999999999
2025-04-24 15:15:00,100054.49999999999
2025-04-24 15:20:00,100054.49999999999
2025-04-24 15:25:00,100054.49999999999
2025-04-24 15:30:00,100054.49999999999
2025-04-25 09:15:00,100017.62999999999
2025-04-25 09:20:00,100017.62999999999
2025-04-25 09:25:00,100017.62999999999
2025-04-25 09:30:00,100017.62999999999
2025-04-25 09:35:00,100017.62999999999
2025-04-25 09:40:00,100017.62999999999
2025-04-25 09:45:00,100017.62999999999
2025-04-25 09:50:00,100017.62999999999
2025-04-25 09:55:00,100017.62999999999
2025-04-25 10:00:00,100017.62999999999
2025-04-25 10:05:00,100017.62999999999
2025-04-25 10:10:00,100017.62999999999
2025-04-25 10:15:00,100017.62999999999
2025-04-25 10:20:00,100017.62999999999
2025-04-25 10:25:00,100017.62999999999
2025-04-25 10:30:00,100017.62999999999
2025-04-25 10:35:00,100017.62999999999
2025-04-25 10:40:00,100017.62999999999
2025-04-25 10:45:00,100017.62999999999
2025-04-25 10:50:00,100017.62999999999
2025-04-25 10:55:00,100017.62999999999
2025-04-25 11:00:00,100017.62999999999
2025-04-25 11:05:00,100017.62999999999
2025-04-25 11:10:00,100017.62999999999
2025-04-25 11:15:00,100017.62999999999
2025-04-25 11:20:00,100017.62999999999
2025-04-25 11:25:00,100017.62999999999
2025-04-25 11:30:00,100017.62999999999
2025-04-25 11:35:00,100017.62999999999
2025-04-25 11:40:00,100017.62999999999
2025-04-25 11:45:00,100017.62999999999
2025-04-25 11:50:00,100017.62999999999
2025-04-25 11:55:00,100017.62999999999
2025-04-25 12:00:00,100017.62999999999
2025-04-25 12:05:00,100017.62999999999
2025-04-25 12:10:00,100017.62999999999
2025-04-25 12:15:00,100017.62999999999
2025-04-25 12:20:00,100017.62999999999
2025-04-25 12:25:00,100017.62999999999
2025-04-25 12:30:00,100017.62999999999
2025-04-25 12:35:00,100017.62999999999
2025-04-25 12:40:00,100017.62999999999
2025-04-25 12:45:00,100017.62999999999
2025-04-25 12:50:00,100017.62999999999
2025-04-25 12:55:00,100017.62999999999
2025-04-25 13:00:00,100017.62999999999
2025-04-25 13:05:00,100017.62999999999
2025-04-25 13:10:00,100017.62999999999
2025-04-25 13:15:00,100017.62999999999
2025-04-25 13:20:00,100017.62999999999
2025-04-25 13:25:00,100017.62999999999
2025-04-25 13:30:00,100017.62999999999
2025-04-25 13:35:00,100017.62999999999
2025-04-25 13:40:00,100017.62999999999
2025-04-25 13:45:00,100017.62999999999
2025-04-25 13:50:00,100017.62999999999
2025-04-25 13:55:00,100017.62999999999
2025-04-25 14:00:00,100017.62999999999
2025-04-25 14:05:00,100017.62999999999
2025-04-25 14:10:00,100017.62999999999
2025-04-25 14:15:00,100017.62999999999
2025-04-25 14:20:00,100017.62999999999
2025-04-25 14:25:00,100017.62999999999
2025-04-25 14:30:00,100017.62999999999
2025-04-25 14:35:00,100017.62999999999
2025-04-25 14:40:00,100017.62999999999
2025-04-25 14:45:00,100017.62999999999
2025-04-25 14:50:00,100017.62999999999
2025-04-25 14:55:00,100017.62999999999
2025-04-25 15:00:00,100017.62999999999
2025-04-25 15:05:00,100017.62999999999
2025-04-25 15:10:00,100017.62999999999
2025-04-25 15:15:00,100017.62999999999
2025-04-25 15:20:00,100017.62999999999
2025-04-25 15:25:00,100017.62999999999
2025-04-25 15:30:00,100017.62999999999
2025-04-28 09:15:00,100017.62999999999
2025-04-28 09:20:00,100017.62999999999
2025-04-28 09:25:00,100017.62999999999
2025-04-28 09:30:00,100017.62999999999
2025-04-28 09:35:00,100017.62999999999
2025-04-28 09:40:00,100017.62999999999
2025-04-28 09:45:00,100017.62999999999
2025-04-28 09:50:00,100017.62999999999
2025-04-28 09:55:00,100017.62999999999
2025-04-28 10:00:00,100017.62999999999
2025-04-28 10:05:00,100017.62999999999
2025-04-28 10:10:00,100017.62999999999
2025-04-28 10:15:00,100017.62999999999
2025-04-28 10:20:00,100017.62999999999
2025-04-28 10:25:00,100017.62999999999
2025-04-28 10:30:00,100017.62999999999
2025-04-28 10:35:00,100017.62999999999
2025-04-28 10:40:00,100017.62999999999
2025-04-28 10:45:00,100017.62999999999
2025-04-28 10:50:00,100017.62999999999
2025-04-28 10:55:00,100017.62999999999
2025-04-28 11:00:00,100017.62999999999
2025-04-28 11:05:00,100017.62999999999
2025-04-28 11:10:00,100017.62999999999
2025-04-28 11:15:00,100017.62999999999
2025-04-28 11:20:00,100017.62999999999
2025-04-28 11:25:00,100017.62999999999
2025-04-28 11:30:00,100017.62999999999
2025-04-28 11:35:00,100017.62999999999
2025-04-28 11:40:00,100017.62999999999
2025-04-28 11:45:00,100017.62999999999
2025-04-28 11:50:00,100017.62999999999
2025-04-28 11:55:00,100017.62999999999
2025-04-28 12:00:00,100017.62999999999
2025-04-28 12:05:00,100017.62999999999
2025-04-28 12:10:00,100017.62999999999
2025-04-28 12:15:00,100017.62999999999
2025-04-28 12:20:00,100017.62999999999
2025-04-28 12:25:00,100017.62999999999
2025-04-28 12:30:00,100017.62999999999
2025-04-28 12:35:00,100017.62999999999
2025-04-28 12:40:00,100017.62999999999
2025-04-28 12:45:00,100017.62999999999
2025-04-28 12:50:00,100017.62999999999
2025-04-28 12:55:00,100017.62999999999
2025-04-28 13:00:00,100017.62999999999
2025-04-28 13:05:00,100017.62999999999
2025-04-28 13:10:00,100017.62999999999
2025-04-28 13:15:00,100017.62999999999
2025-04-28 13:20:00,100017.62999999999
2025-04-28 13:25:00,100017.62999999999
2025-04-28 13:30:00,100017.62999999999
2025-04-28 13:35:00,100017.62999999999
2025-04-28 13:40:00,100017.62999999999
2025-04-28 13:45:00,100017.62999999999
2025-04-28 13:50:00,100017.62999999999
2025-04-28 13:55:00,100017.62999999999
2025-04-28 14:00:00,100017.62999999999
2025-04-28 14:05:00,100017.62999999999
2025-04-28 14:10:00,100017.62999999999
2025-04-28 14:15:00,100017.62999999999
2025-04-28 14:20:00,100017.62999999999
2025-04-28 14:25:00,100017.62999999999
2025-04-28 14:30:00,100017.62999999999
2025-04-28 14:35:00,100017.62999999999
2025-04-28 14:40:00,100017.62999999999
2025-04-28 14:45:00,100017.62999999999
2025-04-28 14:50:00,100017.62999999999
2025-04-28 14:55:00,100017.62999999999
2025-04-28 15:00:00,100017.62999999999
2025-04-28 15:05:00,100017.62999999999
2025-04-28 15:10:00,100017.62999999999
2025-04-28 15:15:00,100017.62999999999
2025-04-28 15:20:00,100017.62999999999
2025-04-28 15:25:00,100017.62999999999
2025-04-28 15:30:00,100017.62999999999
2025-04-29 09:15:00,100017.62999999999
2025-04-29 09:20:00,100017.62999999999
2025-04-29 09:25:00,100017.62999999999
2025-04-29 09:30:00,100017.62999999999
2025-04-29 09:35:00,100017.62999999999
2025-04-29 09:40:00,100017.62999999999
2025-04-29 09:45:00,100017.62999999999
2025-04-29 09:50:00,100017.62999999999
2025-04-29 09:55:00,100017.62999999999
2025-04-29 10:00:00,100017.62999999999
2025-04-29 10:05:00,100017.62999999999
2025-04-29 10:10:00,100017.62999999999
2025-04-29 10:15:00,100017.62999999999
2025-04-29 10:20:00,100017.62999999999
2025-04-29 10:25:00,100017.62999999999
2025-04-29 10:30:00,100017.62999999999
2025-04-29 10:35:00,100017.62999999999
2025-04-29 10:40:00,100017.62999999999
2025-04-29 10:45:00,100017.62999999999
2025-04-29 10:50:00,100017.62999999999
2025-04-29 10:55:00,100017.62999999999
2025-04-29 11:00:00,100017.62999999999
2025-04-29 11:05:00,100017.62999999999
2025-04-29 11:10:00,100017.62999999999
2025-04-29 11:15:00,100017.62999999999
2025-04-29 11:20:00,100017.62999999999
2025-04-29 11:25:00,100017.62999999999
2025-04-29 11:30:00,100017.62999999999
2025-04-29 11:35:00,100017.62999999999
2025-04-29 11:40:00,100017.62999999999
2025-04-29 11:45:00,100017.62999999999
2025-04-29 11:50:00,100017.62999999999
2025-04-29 11:55:00,100017.62999999999
2025-04-29 12:00:00,100017.62999999999
2025-04-29 12:05:00,100017.62999999999
2025-04-29 12:10:00,100017.62999999999
2025-04-29 12:15:00,100017.62999999999
2025-04-29 12:20:00,100017.62999999999
2025-04-29 12:25:00,100017.62999999999
2025-04-29 12:30:00,100017.62999999999
2025-04-29 12:35:00,100017.62999999999
2025-04-29 12:40:00,100017.62999999999
2025-04-29 12:45:00,100017.62999999999
2025-04-29 12:50:00,100017.62999999999
2025-04-29 12:55:00,100017.62999999999
2025-04-29 13:00:00,100017.62999999999
2025-04-29 13:05:00,100017.62999999999
2025-04-29 13:10:00,100017.62999999999
2025-04-29 13:15:00,100017.62999999999
2025-04-29 13:20:00,100017.62999999999
2025-04-29 13:25:00,100017.62999999999
2025-04-29 13:30:00,100017.62999999999
2025-04-29 13:35:00,100017.62999999999
2025-04-29 13:40:00,100017.62999999999
2025-04-29 13:45:00,100017.62999999999
2025-04-29 13:50:00,100017.62999999999
2025-04-29 13:55:00,100017.62999999999
2025-04-29 14:00:00,100017.62999999999
2025-04-29 14:05:00,100017.62999999999
2025-04-29 14:10:00,100017.62999999999
2025-04-29 14:15:00,100017.62999999999
2025-04-29 14:20:00,100017.62999999999
2025-04-29 14:25:00,100017.62999999999
2025-04-29 14:30:00,100017.62999999999
2025-04-29 14:35:00,100017.62999999999
2025-04-29 14:40:00,100017.62999999999
2025-04-29 14:45:00,100017.62999999999
2025-04-29 14:50:00,100017.62999999999
2025-04-29 14:55:00,100017.62999999999
2025-04-29 15:00:00,100017.62999999999
2025-04-29 15:05:00,100017.62999999999
2025-04-29 15:10:00,100017.62999999999
2025-04-29 15:15:00,100017.62999999999
2025-04-29 15:20:00,100017.62999999999
2025-04-29 15:25:00,100017.62999999999
2025-04-29 15:30:00,100017.62999999999
2025-04-30 09:15:00,100017.62999999999
2025-04-30 09:20:00,100017.62999999999
2025-04-30 09:25:00,100017.62999999999
2025-04-30 09:30:00,100017.62999999999
2025-04-30 09:35:00,100017.62999999999
2025-04-30 09:40:00,100017.62999999999
2025-04-30 09:45:00,100017.62999999999
2025-04-30 09:50:00,100017.62999999999
2025-04-30 09:55:00,100017.62999999999
2025-04-30 10:00:00,100017.62999999999
2025-04-30 10:05:00,100017.62999999999
2025-04-30 10:10:00,100017.62999999999
2025-04-30 10:15:00,100017.62999999999
2025-04-30 10:20:00,100017.62999999999
2025-04-30 10:25:00,100017.62999999999
2025-04-30 10:30:00,100017.62999999999
2025-04-30 10:35:00,100017.62999999999
2025-04-30 10:40:00,100017.62999999999
2025-04-30 10:45:00,100017.62999999999
2025-04-30 10:50:00,100017.62999999999
2025-04-30 10:55:00,100017.62999999999
2025-04-30 11:00:00,100017.62999999999
2025-04-30 11:05:00,100017.62999999999
2025-04-30 11:10:00,100017.62999999999
2025-04-30 11:15:00,100017.62999999999
2025-04-30 11:20:00,100017.62999999999
2025-04-30 11:25:00,100017.62999999999
2025-04-30 11:30:00,100017.62999999999
2025-04-30 11:35:00,100017.62999999999
2025-04-30 11:40:00,100017.62999999999
2025-04-30 11:45:00,100017.62999999999
2025-04-30 11:50:00,100017.62999999999
2025-04-30 11:55:00,100017.62999999999
2025-04-30 12:00:00,100017.62999999999
2025-04-30 12:05:00,100017.62999999999
2025-04-30 12:10:00,100017.62999999999
2025-04-30 12:15:00,100017.62999999999
2025-04-30 12:20:00,100017.62999999999
2025-04-30 12:25:00,100017.62999999999
2025-04-30 12:30:00,100017.62999999999
2025-04-30 12:35:00,100017.62999999999
2025-04-30 12:40:00,100017.62999999999
2025-04-30 12:45:00,100017.62999999999
2025-04-30 12:50:00,100017.62999999999
2025-04-30 12:55:00,100017.62999999999
2025-04-30 13:00:00,100017.62999999999
2025-04-30 13:05:00,100017.62999999999
2025-04-30 13:10:00,100017.62999999999
2025-04-30 13:15:00,100017.62999999999
2025-04-30 13:20:00,100017.62999999999
2025-04-30 13:25:00,100017.62999999999
2025-04-30 13:30:00,100017.62999999999
2025-04-30 13:35:00,100017.62999999999
2025-04-30 13:40:00,100017.62999999999
2025-04-30 13:45:00,100017.62999999999
2025-04-30 13:50:00,100017.62999999999
2025-04-30 13:55:00,100017.62999999999
2025-04-30 14:00:00,100017.62999999999
2025-04-30 14:05:00,100017.62999999999
2025-04-30 14:10:00,100017.62999999999
2025-04-30 14:15:00,100017.62999999999
2025-04-30 14:20:00,100017.62999999999
2025-04-30 14:25:00,100017.62999999999
2025-04-30 14:30:00,100017.62999999999
2025-04-30 14:35:00,100017.62999999999
2025-04-30 14:40:00,100017.62999999999
2025-04-30 14:45:00,100017.62999999999
2025-04-30 14:50:00,100017.62999999999
2025-04-30 14:55:00,100017.62999999999
2025-04-30 15:00:00,100017.62999999999
2025-04-30 15:05:00,100017.62999999999
2025-04-30 15:10:00,100017.62999999999
2025-04-30 15:15:00,100017.62999999999
2025-04-30 15:20:00,100017.62999999999
2025-04-30 15:25:00,100017.62999999999
2025-04-30 15:30:00,100017.62999999999
2025-05-01 09:15:00,100017.62999999999
2025-05-01 09:20:00,100017.62999999999
2025-05-01 09:25:00,100017.62999999999
2025-05-01 09:30:00,100017.62999999999
2025-05-01 09:35:00,100017.62999999999
2025-05-01 09:40:00,100017.62999999999
2025-05-01 09:45:00,100017.62999999999
2025-05-01 09:50:00,100017.62999999999
2025-05-01 09:55:00,100017.62999999999
2025-05-01 10:00:00,100017.62999999999
2025-05-01 10:05:00,100017.62999999999
2025-05-01 10:10:00,100017.62999999999
2025-05-01 10:15:00,100017.62999999999
2025-05-01 10:20:00,100017.62999999999
2025-05-01 10:25:00,100017.62999999999
2025-05-01 10:30:00,100017.62999999999
2025-05-01 10:35:00,100017.62999999999
2025-05-01 10:40:00,100017.62999999999
2025-05-01 10:45:00,100017.62999999999
2025-05-01 10:50:00,100017.62999999999
2025-05-01 10:55:00,100017.62999999999
2025-05-01 11:00:00,100017.62999999999
2025-05-01 11:05:00,100017.62999999999
2025-05-01 11:10:00,100017.62999999999
2025-05-01 11:15:00,100017.62999999999
2025-05-01 11:20:00,100017.62999999999
2025-05-01 11:25:00,100017.62999999999
2025-05-01 11:30:00,100017.62999999999
2025-05-01 11:35:00,100017.62999999999
2025-05-01 11:40:00,100017.62999999999
2025-05-01 11:45:00,100017.62999999999
2025-05-01 11:50:00,100017.62999999999
2025-05-01 11:55:00,100017.62999999999
2025-05-01 12:00:00,100017.62999999999
2025-05-01 12:05:00,100017.62999999999
2025-05-01 12:10:00,100017.62999999999
2025-05-01 12:15:00,100017.62999999999
2025-05-01 12:20:00,100017.62999999999
2025-05-01 12:25:00,100017.62999999999
2025-05-01 12:30:00,100017.62999999999
2025-05-01 12:35:00,100017.62999999999
2025-05-01 12:40:00,100017.62999999999
2025-05-01 12:45:00,100017.62999999999
2025-05-01 12:50:00,100017.62999999999
2025-05-01 12:55:00,100017.62999999999
2025-05-01 13:00:00,100017.62999999999
2025-05-01 13:05:00,100017.62999999999
2025-05-01 13:10:00,100017.62999999999
2025-05-01 13:15:00,100017.62999999999
2025-05-01 13:20:00,100017.62999999999
2025-05-01 13:25:00,100017.62999999999
2025-05-01 13:30:00,100017.62999999999
2025-05-01 13:35:00,100017.62999999999
2025-05-01 13:40:00,100017.62999999999
2025-05-01 13:45:00,100017.62999999999
2025-05-01 13:50:00,100017.62999999999
2025-05-01 13:55:00,100017.62999999999
2025-05-01 14:00:00,100017.62999999999
2025-05-01 14:05:00,100017.62999999999
2025-05-01 14:10:00,100017.62999999999
2025-05-01 14:15:00,100017.62999999999
2025-05-01 14:20:00,100017.62999999999
2025-05-01 14:25:00,100017.62999999999
2025-05-01 14:30:00,100017.62999999999
2025-05-01 14:35:00,100017.62999999999
2025-05-01 14:40:00,100017.62999999999
2025-05-01 14:45:00,100017.62999999999
2025-05-01 14:50:00,100017.62999999999
2025-05-01 14:55:00,100017.62999999999
2025-05-01 15:00:00,100017.62999999999
2025-05-01 15:05:00,100017.62999999999
2025-05-01 15:10:00,100017.62999999999
2025-05-01 15:15:00,100017.62999999999
2025-05-01 15:20:00,100017.62999999999
2025-05-01 15:25:00,100017.62999999999
2025-05-01 15:30:00,100017.62999999999
2025-05-02 09:15:00,100017.62999999999
2025-05-02 09:20:00,100017.62999999999
2025-05-02 09:25:00,100017.62999999999
2025-05-02 09:30:00,100017.62999999999
2025-05-02 09:35:00,100017.62999999999
2025-05-02 09:40:00,100017.62999999999
2025-05-02 09:45:00,100017.62999999999
2025-05-02 09:50:00,100017.62999999999
2025-05-02 09:55:00,100017.62999999999
2025-05-02 10:00:00,100017.62999999999
2025-05-02 10:05:00,100017.62999999999
2025-05-02 10:10:00,100017.62999999999
2025-05-02 10:15:00,100017.62999999999
2025-05-02 10:20:00,100017.62999999999
2025-05-02 10:25:00,100017.62999999999
2025-05-02 10:30:00,100017.62999999999
2025-05-02 10:35:00,100017.62999999999
2025-05-02 10:40:00,100017.62999999999
2025-05-02 10:45:00,100017.62999999999
2025-05-02 10:50:00,100017.62999999999
2025-05-02 10:55:00,100017.62999999999
2025-05-02 11:00:00,100017.62999999999
2025-05-02 11:05:00,100017.62999999999
2025-05-02 11:10:00,100017.62999999999
2025-05-02 11:15:00,100017.62999999999
2025-05-02 11:20:00,100017.62999999999
2025-05-02 11:25:00,100017.62999999999
2025-05-02 11:30:00,100017.62999999999
2025-05-02 11:35:00,100017.62999999999
2025-05-02 11:40:00,100017.62999999999
2025-05-02 11:45:00,100017.62999999999
2025-05-02 11:50:00,100017.62999999999
2025-05-02 11:55:00,100017.62999999999
2025-05-02 12:00:00,100017.62999999999
2025-05-02 12:05:00,100017.62999999999
2025-05-02 12:10:00,100017.62999999999
2025-05-02 12:15:00,100017.62999999999
2025-05-02 12:20:00,100017.62999999999
2025-05-02 12:25:00,100017.62999999999
2025-05-02 12:30:00,100017.62999999999
2025-05-02 12:35:00,100017.62999999999
2025-05-02 12:40:00,100017.62999999999
2025-05-02 12:45:00,100017.62999999999
2025-05-02 12:50:00,100017.62999999999
2025-05-02 12:55:00,100017.62999999999
2025-05-02 13:00:00,100017.62999999999
2025-05-02 13:05:00,100017.62999999999
2025-05-02 13:10:00,100017.62999999999
2025-05-02 13:15:00,100017.62999999999
2025-05-02 13:20:00,100017.62999999999
2025-05-02 13:25:00,100017.62999999999
2025-05-02 13:30:00,100017.62999999999
2025-05-02 13:35:00,100017.62999999999
2025-05-02 13:40:00,100017.62999999999
2025-05-02 13:45:00,100017.62999999999
2025-05-02 13:50:00,100017.62999999999
2025-05-02 13:55:00,100017.62999999999
2025-05-02 14:00:00,100017.62999999999
2025-05-02 14:05:00,100017.62999999999
2025-05-02 14:10:00,100017.62999999999
2025-05-02 14:15:00,100017.62999999999
2025-05-02 14:20:00,100017.62999999999
2025-05-02 14:25:00,100017.62999999999
2025-05-02 14:30:00,100017.62999999999
2025-05-02 14:35:00,100017.62999999999
2025-05-02 14:40:00,100017.62999999999
2025-05-02 14:45:00,100017.62999999999
2025-05-02 14:50:00,100017.62999999999
2025-05-02 14:55:00,100017.62999999999
2025-05-02 15:00:00,100017.62999999999
2025-05-02 15:05:00,100017.62999999999
2025-05-02 15:10:00,100017.62999999999
2025-05-02 15:15:00,100017.62999999999
2025-05-02 15:20:00,100017.62999999999
2025-05-02 15:25:00,100017.62999999999
2025-05-02 15:30:00,100017.62999999999
2025-05-05 09:15:00,100017.62999999999
2025-05-05 09:20:00,100017.62999999999
2025-05-05 09:25:00,100017.62999999999
2025-05-05 09:30:00,100017.62999999999
2025-05-05 09:35:00,100017.62999999999
2025-05-05 09:40:00,100017.62999999999
2025-05-05 09:45:00,100017.62999999999
2025-05-05 09:50:00,100017.62999999999
2025-05-05 09:55:00,100017.62999999999
2025-05-05 10:00:00,100017.62999999999
2025-05-05 10:05:00,100017.62999999999
2025-05-05 10:10:00,100017.62999999999
2025-05-05 10:15:00,100017.62999999999
2025-05-05 10:20:00,100017.62999999999
2025-05-05 10:25:00,100017.62999999999
2025-05-05 10:30:00,100017.62999999999
2025-05-05 10:35:00,100017.62999999999
2025-05-05 10:40:00,100017.62999999999
2025-05-05 10:45:00,100017.62999999999
2025-05-05 10:50:00,100017.62999999999
2025-05-05 10:55:00,100017.62999999999
2025-05-05 11:00:00,100017.62999999999
2025-05-05 11:05:00,100017.62999999999
2025-05-05 11:10:00,100017.62999999999
2025-05-05 11:15:00,100017.62999999999
2025-05-05 11:20:00,100017.62999999999
2025-05-05 11:25:00,100017.62999999999
2025-05-05 11:30:00,100017.62999999999
2025-05-05 11:35:00,100017.62999999999
2025-05-05 11:40:00,100017.62999999999
2025-05-05 11:45:00,100017.62999999999
2025-05-05 11:50:00,100017.62999999999
2025-05-05 11:55:00,100017.62999999999
2025-05-05 12:00:00,100017.62999999999
2025-05-05 12:05:00,100017.62999999999
2025-05-05 12:10:00,100017.62999999999
2025-05-05 12:15:00,100017.62999999999
2025-05-05 12:20:00,100017.62999999999
2025-05-05 12:25:00,100017.62999999999
2025-05-05 12:30:00,100017.62999999999
2025-05-05 12:35:00,100017.62999999999
2025-05-05 12:40:00,100017.62999999999
2025-05-05 12:45:00,100017.62999999999
2025-05-05 12:50:00,100017.62999999999
2025-05-05 12:55:00,100017.62999999999
2025-05-05 13:00:00,100017.62999999999
2025-05-05 13:05:00,100017.62999999999
2025-05-05 13:10:00,100017.62999999999
2025-05-05 13:15:00,100017.62999999999
2025-05-05 13:20:00,100017.62999999999
2025-05-05 13:25:00,100017.62999999999
2025-05-05 13:30:00,100017.62999999999
2025-05-05 13:35:00,100017.62999999999
2025-05-05 13:40:00,100017.62999999999
2025-05-05 13:45:00,100017.62999999999
2025-05-05 13:50:00,100017.62999999999
2025-05-05 13:55:00,100017.62999999999
2025-05-05 14:00:00,100017.62999999999
2025-05-05 14:05:00,100017.62999999999
2025-05-05 14:10:00,100017.62999999999
2025-05-05 14:15:00,100017.62999999999
2025-05-05 14:20:00,100017.62999999999
2025-05-05 14:25:00,100017.62999999999
2025-05-05 14:30:00,100017.62999999999
2025-05-05 14:35:00,100017.62999999999
2025-05-05 14:40:00,100017.62999999999
2025-05-05 14:45:00,100017.62999999999
2025-05-05 14:50:00,100017.62999999999
2025-05-05 14:55:00,100017.62999999999
2025-05-05 15:00:00,100017.62999999999
2025-05-05 15:05:00,100017.62999999999
2025-05-05 15:10:00,100017.62999999999
2025-05-05 15:15:00,100017.62999999999
2025-05-05 15:20:00,100017.62999999999
2025-05-05 15:25:00,100017.62999999999
2025-05-05 15:30:00,100017.62999999999
2025-05-06 09:15:00,100017.62999999999
2025-05-06 09:20:00,100017.62999999999
2025-05-06 09:25:00,100017.62999999999
2025-05-06 09:30:00,100017.62999999999
2025-05-06 09:35:00,100017.62999999999
2025-05-06 09:40:00,100017.62999999999
2025-05-06 09:45:00,100017.62999999999
2025-05-06 09:50:00,100017.62999999999
2025-05-06 09:55:00,100017.62999999999
2025-05-06 10:00:00,100017.62999999999
2025-05-06 10:05:00,100017.62999999999
2025-05-06 10:10:00,100017.62999999999
2025-05-06 10:15:00,100017.62999999999
2025-05-06 10:20:00,100017.62999999999
2025-05-06 10:25:00,100017.62999999999
2025-05-06 10:30:00,100017.62999999999
2025-05-06 10:35:00,100017.62999999999
2025-05-06 10:40:00,100017.62999999999
2025-05-06 10:45:00,100017.62999999999
2025-05-06 10:50:00,100017.62999999999
2025-05-06 10:55:00,100017.62999999999
2025-05-06 11:00:00,100017.62999999999
2025-05-06 11:05:00,100017.62999999999
2025-05-06 11:10:00,100017.62999999999
2025-05-06 11:15:00,100017.62999999999
2025-05-06 11:20:00,100017.62999999999
2025-05-06 11:25:00,100017.62999999999
2025-05-06 11:30:00,100017.62999999999
2025-05-06 11:35:00,100017.62999999999
2025-05-06 11:40:00,100017.62999999999
2025-05-06 11:45:00,100017.62999999999
2025-05-06 11:50:00,100017.62999999999
2025-05-06 11:55:00,100017.62999999999
2025-05-06 12:00:00,100017.62999999999
2025-05-06 12:05:00,100017.62999999999
2025-05-06 12:10:00,100017.62999999999
2025-05-06 12:15:00,100017.62999999999
2025-05-06 12:20:00,100017.62999999999
2025-05-06 12:25:00,100017.62999999999
2025-05-06 12:30:00,100017.62999999999
2025-05-06 12:35:00,100017.62999999999
2025-05-06 12:40:00,100017.62999999999
2025-05-06 12:45:00,100017.62999999999
2025-05-06 12:50:00,100017.62999999999
2025-05-06 12:55:00,100017.62999999999
2025-05-06 13:00:00,100017.62999999999
2025-05-06 13:05:00,100017.62999999999
2025-05-06 13:10:00,100017.62999999999
2025-05-06 13:15:00,100017.62999999999
2025-05-06 13:20:00,100017.62999999999
2025-05-06 13:25:00,100017.62999999999
2025-05-06 13:30:00,100017.62999999999
2025-05-06 13:35:00,100017.62999999999
2025-05-06 13:40:00,100017.62999999999
2025-05-06 13:45:00,100017.62999999999
2025-05-06 13:50:00,100017.62999999999
2025-05-06 13:55:00,100017.62999999999
2025-05-06 14:00:00,100017.62999999999
2025-05-06 14:05:00,100017.62999999999
2025-05-06 14:10:00,100017.62999999999
2025-05-06 14:15:00,100017.62999999999
2025-05-06 14:20:00,100017.62999999999
2025-05-06 14:25:00,100017.62999999999
2025-05-06 14:30:00,100017.62999999999
2025-05-06 14:35:00,100017.62999999999
2025-05-06 14:40:00,100017.62999999999
2025-05-06 14:45:00,100017.62999999999
2025-05-06 14:50:00,100017.62999999999
2025-05-06 14:55:00,100017.62999999999
2025-05-06 15:00:00,100017.62999999999
2025-05-06 15:05:00,100017.62999999999
2025-05-06 15:10:00,100017.62999999999
2025-05-06 15:15:00,100017.62999999999
2025-05-06 15:20:00,100017.62999999999
2025-05-06 15:25:00,100017.62999999999
2025-05-06 15:30:00,100017.62999999999
2025-05-07 09:15:00,100017.62999999999
2025-05-07 09:20:00,100017.62999999999
2025-05-07 09:25:00,100017.62999999999
2025-05-07 09:30:00,100017.62999999999
2025-05-07 09:35:00,100017.62999999999
2025-05-07 09:40:00,100017.62999999999
2025-05-07 09:45:00,100017.62999999999
2025-05-07 09:50:00,100017.62999999999
2025-05-07 09:55:00,100017.62999999999
2025-05-07 10:00:00,100017.62999999999
2025-05-07 10:05:00,100017.62999999999
2025-05-07 10:10:00,100017.62999999999
2025-05-07 10:15:00,100017.62999999999
2025-05-07 10:20:00,100017.62999999999
2025-05-07 10:25:00,100017.62999999999
2025-05-07 10:30:00,100017.62999999999
2025-05-07 10:35:00,100017.62999999999
2025-05-07 10:40:00,100017.62999999999
2025-05-07 10:45:00,100017.62999999999
2025-05-07 10:50:00,100017.62999999999
2025-05-07 10:55:00,100017.62999999999
2025-05-07 11:00:00,100017.62999999999
2025-05-07 11:05:00,100017.62999999999
2025-05-07 11:10:00,100017.62999999999
2025-05-07 11:15:00,100017.62999999999
2025-05-07 11:20:00,100017.62999999999
2025-05-07 11:25:00,100017.62999999999
2025-05-07 11:30:00,100017.62999999999
2025-05-07 11:35:00,100017.62999999999
2025-05-07 11:40:00,100017.62999999999
2025-05-07 11:45:00,100017.62999999999
2025-05-07 11:50:00,100017.62999999999
2025-05-07 11:55:00,100017.62999999999
2025-05-07 12:00:00,100017.62999999999
2025-05-07 12:05:00,100017.62999999999
2025-05-07 12:10:00,100017.62999999999
2025-05-07 12:15:00,100017.62999999999
2025-05-07 12:20:00,100017.62999999999
2025-05-07 12:25:00,100017.62999999999
2025-05-07 12:30:00,100017.62999999999
2025-05-07 12:35:00,100017.62999999999
2025-05-07 12:40:00,100017.62999999999
2025-05-07 12:45:00,100017.62999999999
2025-05-07 12:50:00,100017.62999999999
2025-05-07 12:55:00,100017.62999999999
2025-05-07 13:00:00,100017.62999999999
2025-05-07 13:05:00,100017.62999999999
2025-05-07 13:10:00,100017.62999999999
2025-05-07 13:15:00,100017.62999999999
2025-05-07 13:20:00,100017.62999999999
2025-05-07 13:25:00,100017.62999999999
2025-05-07 13:30:00,100017.62999999999
2025-05-07 13:35:00,100017.62999999999
2025-05-07 13:40:00,100017.62999999999
2025-05-07 13:45:00,100017.62999999999
2025-05-07 13:50:00,100017.62999999999
2025-05-07 13:55:00,100017.62999999999
2025-05-07 14:00:00,100017.62999999999
2025-05-07 14:05:00,100017.62999999999
2025-05-07 14:10:00,100017.62999999999
2025-05-07 14:15:00,100017.62999999999
2025-05-07 14:20:00,100017.62999999999
2025-05-07 14:25:00,100017.62999999999
2025-05-07 14:30:00,100017.62999999999
2025-05-07 14:35:00,100017.62999999999
2025-05-07 14:40:00,100017.62999999999
2025-05-07 14:45:00,100017.62999999999
2025-05-07 14:50:00,100017.62999999999
2025-05-07 14:55:00,100017.62999999999
2025-05-07 15:00:00,100017.62999999999
2025-05-07 15:05:00,100017.62999999999
2025-05-07 15:10:00,100017.62999999999
2025-05-07 15:15:00,100017.62999999999
2025-05-07 15:20:00,100017.62999999999
2025-05-07 15:25:00,100017.62999999999
2025-05-07 15:30:00,100017.62999999999
2025-05-08 09:15:00,100017.62999999999
2025-05-08 09:20:00,100017.62999999999
2025-05-08 09:25:00,100017.62999999999
2025-05-08 09:30:00,100017.62999999999
2025-05-08 09:35:00,100017.62999999999
2025-05-08 09:40:00,100017.62999999999
2025-05-08 09:45:00,100017.62999999999
2025-05-08 09:50:00,100017.62999999999
2025-05-08 09:55:00,100017.62999999999
2025-05-08 10:00:00,100017.62999999999
2025-05-08 10:05:00,100017.62999999999
2025-05-08 10:10:00,100017.62999999999
2025-05-08 10:15:00,100017.62999999999
2025-05-08 10:20:00,100017.62999999999
2025-05-08 10:25:00,100017.62999999999
2025-05-08 10:30:00,100017.62999999999
2025-05-08 10:35:00,100017.62999999999
2025-05-08 10:40:00,100017.62999999999
2025-05-08 10:45:00,100017.62999999999
2025-05-08 10:50:00,100017.62999999999
2025-05-08 10:55:00,100017.62999999999
2025-05-08 11:00:00,100017.62999999999
2025-05-08 11:05:00,100017.62999999999
2025-05-08 11:10:00,100017.62999999999
2025-05-08 11:15:00,100017.62999999999
2025-05-08 11:20:00,100017.62999999999
2025-05-08 11:25:00,100017.62999999999
2025-05-08 11:30:00,100017.62999999999
2025-05-08 11:35:00,100017.62999999999
2025-05-08 11:40:00,100017.62999999999
2025-05-08 11:45:00,100017.62999999999
2025-05-08 11:50:00,100017.62999999999
2025-05-08 11:55:00,100017.62999999999
2025-05-08 12:00:00,100017.62999999999
2025-05-08 12:05:00,100017.62999999999
2025-05-08 12:10:00,100017.62999999999
2025-05-08 12:15:00,100017.62999999999
2025-05-08 12:20:00,100017.62999999999
2025-05-08 12:25:00,100017.62999999999
2025-05-08 12:30:00,100017.62999999999
2025-05-08 12:35:00,100017.62999999999
2025-05-08 12:40:00,100017.62999999999
2025-05-08 12:45:00,100017.62999999999
2025-05-08 12:50:00,100017.62999999999
2025-05-08 12:55:00,100017.62999999999
2025-05-08 13:00:00,100017.62999999999
2025-05-08 13:05:00,100017.62999999999
2025-05-08 13:10:00,100017.62999999999
2025-05-08 13:15:00,100017.62999999999
2025-05-08 13:20:00,100017.62999999999
2025-05-08 13:25:00,100017.62999999999
2025-05-08 13:30:00,100017.62999999999
2025-05-08 13:35:00,100017.62999999999
2025-05-08 13:40:00,100017.62999999999
2025-05-08 13:45:00,100017.62999999999
2025-05-08 13:50:00,100017.62999999999
2025-05-08 13:55:00,100017.62999999999
2025-05-08 14:00:00,100017.62999999999
2025-05-08 14:05:00,100017.62999999999
2025-05-08 14:10:00,100017.62999999999
2025-05-08 14:15:00,100017.62999999999
2025-05-08 14:20:00,100017.62999999999
2025-05-08 14:25:00,100017.62999999999
2025-05-08 14:30:00,100017.62999999999
2025-05-08 14:35:00,100017.62999999999
2025-05-08 14:40:00,100017.62999999999
2025-05-08 14:45:00,100017.62999999999
2025-05-08 14:50:00,100017.62999999999
2025-05-08 14:55:00,100017.62999999999
2025-05-08 15:00:00,100017.62999999999
2025-05-08 15:05:00,100017.62999999999
2025-05-08 15:10:00,100017.62999999999
2025-05-08 15:15:00,100017.62999999999
2025-05-08 15:20:00,100017.62999999999
2025-05-08 15:25:00,100017.62999999999
2025-05-08 15:30:00,100017.62999999999
2025-05-09 09:15:00,100017.62999999999
2025-05-09 09:20:00,100017.62999999999
2025-05-09 09:25:00,100017.62999999999
2025-05-09 09:30:00,100017.62999999999
2025-05-09 09:35:00,100017.62999999999
2025-05-09 09:40:00,100017.62999999999
2025-05-09 09:45:00,100017.62999999999
2025-05-09 09:50:00,100017.62999999999
2025-05-09 09:55:00,100017.62999999999
2025-05-09 10:00:00,100017.62999999999
2025-05-09 10:05:00,100017.62999999999
2025-05-09 10:10:00,100017.62999999999
2025-05-09 10:15:00,100017.62999999999
2025-05-09 10:20:00,100017.62999999999
2025-05-09 10:25:00,100017.62999999999
2025-05-09 10:30:00,100017.62999999999
2025-05-09 10:35:00,100017.62999999999
2025-05-09 10:40:00,100017.62999999999
2025-05-09 10:45:00,100017.62999999999
2025-05-09 10:50:00,100017.62999999999
2025-05-09 10:55:00,100017.62999999999
2025-05-09 11:00:00,100017.62999999999
2025-05-09 11:05:00,100017.62999999999
2025-05-09 11:10:00,100017.62999999999
2025-05-09 11:15:00,100017.62999999999
2025-05-09 11:20:00,100017.62999999999
2025-05-09 11:25:00,100017.62999999999
2025-05-09 11:30:00,100017.62999999999
2025-05-09 11:35:00,100017.62999999999
2025-05-09 11:40:00,100017.62999999999
2025-05-09 11:45:00,100017.62999999999
2025-05-09 11:50:00,100017.62999999999
2025-05-09 11:55:00,100017.62999999999
2025-05-09 12:00:00,100017.62999999999
2025-05-09 12:05:00,100017.62999999999
2025-05-09 12:10:00,100017.62999999999
2025-05-09 12:15:00,100017.62999999999
2025-05-09 12:20:00,100017.62999999999
2025-05-09 12:25:00,100017.62999999999
2025-05-09 12:30:00,100017.62999999999
2025-05-09 12:35:00,100017.62999999999
2025-05-09 12:40:00,100017.62999999999
2025-05-09 12:45:00,100017.62999999999
2025-05-09 12:50:00,100017.62999999999
2025-05-09 12:55:00,100017.62999999999
2025-05-09 13:00:00,100017.62999999999
2025-05-09 13:05:00,100017.62999999999
2025-05-09 13:10:00,100017.62999999999
2025-05-09 13:15:00,100017.62999999999
2025-05-09 13:20:00,100017.62999999999
2025-05-09 13:25:00,100017.62999999999
2025-05-09 13:30:00,100017.62999999999
2025-05-09 13:35:00,100017.62999999999
2025-05-09 13:40:00,100017.62999999999
2025-05-09 13:45:00,100017.62999999999
2025-05-09 13:50:00,100017.62999999999
2025-05-09 13:55:00,100017.62999999999
2025-05-09 14:00:00,100017.62999999999
2025-05-09 14:05:00,100017.62999999999
2025-05-09 14:10:00,100017.62999999999
2025-05-09 14:15:00,100017.62999999999
2025-05-09 14:20:00,100017.62999999999
2025-05-09 14:25:00,100017.62999999999
2025-05-09 14:30:00,100017.62999999999
2025-05-09 14:35:00,100017.62999999999
2025-05-09 14:40:00,100017.62999999999
2025-05-09 14:45:00,100017.62999999999
2025-05-09 14:50:00,100017.62999999999
2025-05-09 14:55:00,100017.62999999999
2025-05-09 15:00:00,100017.62999999999
2025-05-09 15:05:00,100017.62999999999
2025-05-09 15:10:00,100017.62999999999
2025-05-09 15:15:00,100017.62999999999
2025-05-09 15:20:00,100017.62999999999
2025-05-09 15:25:00,100017.62999999999
2025-05-09 15:30:00,100017.62999999999
2025-05-12 09:15:00,100017.62999999999
2025-05-12 09:20:00,100017.62999999999
2025-05-12 09:25:00,100017.62999999999
2025-05-12 09:30:00,100017.62999999999
2025-05-12 09:35:00,100017.62999999999
2025-05-12 09:40:00,100017.62999999999
2025-05-12 09:45:00,100017.62999999999
2025-05-12 09:50:00,100017.62999999999
2025-05-12 09:55:00,100017.62999999999
2025-05-12 10:00:00,100017.62999999999
2025-05-12 10:05:00,100017.62999999999
2025-05-12 10:10:00,100017.62999999999
2025-05-12 10:15:00,100017.62999999999
2025-05-12 10:20:00,100017.62999999999
2025-05-12 10:25:00,100017.62999999999
2025-05-12 10:30:00,100017.62999999999
2025-05-12 10:35:00,100017.62999999999
2025-05-12 10:40:00,100017.62999999999
2025-05-12 10:45:00,100017.62999999999
2025-05-12 10:50:00,100017.62999999999
2025-05-12 10:55:00,100017.62999999999
2025-05-12 11:00:00,100017.62999999999
2025-05-12 11:05:00,100017.62999999999
2025-05-12 11:10:00,100017.62999999999
2025-05-12 11:15:00,100017.62999999999
2025-05-12 11:20:00,100017.62999999999
2025-05-12 11:25:00,100017.62999999999
2025-05-12 11:30:00,100017.62999999999
2025-05-12 11:35:00,100017.62999999999
2025-05-12 11:40:00,100017.62999999999
2025-05-12 11:45:00,100017.62999999999
2025-05-12 11:50:00,100017.62999999999
2025-05-12 11:55:00,100017.62999999999
2025-05-12 12:00:00,100017.62999999999
2025-05-12 12:05:00,100017.62999999999
2025-05-12 12:10:00,100017.62999999999
2025-05-12 12:15:00,100017.62999999999
2025-05-12 12:20:00,100017.62999999999
2025-05-12 12:25:00,100017.62999999999
2025-05-12 12:30:00,100017.62999999999
2025-05-12 12:35:00,100017.62999999999
2025-05-12 12:40:00,100017.62999999999
2025-05-12 12:45:00,100017.62999999999
2025-05-12 12:50:00,100017.62999999999
2025-05-12 12:55:00,100017.62999999999
2025-05-12 13:00:00,100017.62999999999
2025-05-12 13:05:00,100017.62999999999
2025-05-12 13:10:00,100017.62999999999
2025-05-12 13:15:00,100017.62999999999
2025-05-12 13:20:00,100017.62999999999
2025-05-12 13:25:00,100017.62999999999
2025-05-12 13:30:00,100017.62999999999
2025-05-12 13:35:00,100017.62999999999
2025-05-12 13:40:00,100017.62999999999
2025-05-12 13:45:00,100017.62999999999
2025-05-12 13:50:00,100017.62999999999
2025-05-12 13:55:00,100017.62999999999
2025-05-12 14:00:00,100017.62999999999
2025-05-12 14:05:00,100017.62999999999
2025-05-12 14:10:00,100017.62999999999
2025-05-12 14:15:00,100017.62999999999
2025-05-12 14:20:00,100017.62999999999
2025-05-12 14:25:00,100017.62999999999
2025-05-12 14:30:00,100017.62999999999
2025-05-12 14:35:00,100017.62999999999
2025-05-12 14:40:00,100017.62999999999
2025-05-12 14:45:00,100017.62999999999
2025-05-12 14:50:00,100017.62999999999
2025-05-12 14:55:00,100017.62999999999
2025-05-12 15:00:00,100017.62999999999
2025-05-12 15:05:00,100017.62999999999
2025-05-12 15:10:00,100017.62999999999
2025-05-12 15:15:00,100017.62999999999
2025-05-12 15:20:00,100017.62999999999
2025-05-12 15:25:00,100017.62999999999
2025-05-12 15:30:00,100017.62999999999
2025-05-13 09:15:00,100017.62999999999
2025-05-13 09:20:00,100017.62999999999
2025-05-13 09:25:00,100017.62999999999
2025-05-13 09:30:00,100017.62999999999
2025-05-13 09:35:00,100017.62999999999
2025-05-13 09:40:00,100017.62999999999
2025-05-13 09:45:00,100017.62999999999
2025-05-13 09:50:00,100017.62999999999
2025-05-13 09:55:00,100017.62999999999
2025-05-13 10:00:00,100017.62999999999
2025-05-13 10:05:00,100017.62999999999
2025-05-13 10:10:00,100017.62999999999
2025-05-13 10:15:00,100017.62999999999
2025-05-13 10:20:00,100017.62999999999
2025-05-13 10:25:00,100017.62999999999
2025-05-13 10:30:00,100017.62999999999
2025-05-13 10:35:00,100017.62999999999
2025-05-13 10:40:00,100017.62999999999
2025-05-13 10:45:00,100017.62999999999
2025-05-13 10:50:00,100017.62999999999
2025-05-13 10:55:00,100017.62999999999
2025-05-13 11:00:00,100017.62999999999
2025-05-13 11:05:00,100017.62999999999
2025-05-13 11:10:00,100017.62999999999
2025-05-13 11:15:00,100017.62999999999
2025-05-13 11:20:00,100017.62999999999
2025-05-13 11:25:00,100017.62999999999
2025-05-13 11:30:00,100017.62999999999
2025-05-13 11:35:00,100017.62999999999
2025-05-13 11:40:00,100017.62999999999
2025-05-13 11:45:00,100017.62999999999
2025-05-13 11:50:00,100017.62999999999
2025-05-13 11:55:00,100017.62999999999
2025-05-13 12:00:00,100017.62999999999
2025-05-13 12:05:00,100017.62999999999
2025-05-13 12:10:00,100017.62999999999
2025-05-13 12:15:00,100017.62999999999
2025-05-13 12:20:00,100017.62999999999
2025-05-13 12:25:00,100017.62999999999
2025-05-13 12:30:00,100017.62999999999
2025-05-13 12:35:00,100017.62999999999
2025-05-13 12:40:00,100017.62999999999
2025-05-13 12:45:00,100017.62999999999
2025-05-13 12:50:00,100017.62999999999
2025-05-13 12:55:00,100017.62999999999
2025-05-13 13:00:00,100017.62999999999
2025-05-13 13:05:00,100017.62999999999
2025-05-13 13:10:00,100017.62999999999
2025-05-13 13:15:00,100017.62999999999
2025-05-13 13:20:00,100017.62999999999
2025-05-13 13:25:00,100017.62999999999
2025-05-13 13:30:00,100017.62999999999
2025-05-13 13:35:00,100017.62999999999
2025-05-13 13:40:00,100017.62999999999
2025-05-13 13:45:00,100017.62999999999
2025-05-13 13:50:00,100017.62999999999
2025-05-13 13:55:00,100017.62999999999
2025-05-13 14:00:00,100017.62999999999
2025-05-13 14:05:00,100017.62999999999
2025-05-13 14:10:00,100017.62999999999
2025-05-13 14:15:00,100017.62999999999
2025-05-13 14:20:00,100017.62999999999
2025-05-13 14:25:00,100017.62999999999
2025-05-13 14:30:00,100017.62999999999
2025-05-13 14:35:00,100017.62999999999
2025-05-13 14:40:00,100017.62999999999
2025-05-13 14:45:00,100017.62999999999
2025-05-13 14:50:00,100017.62999999999
2025-05-13 14:55:00,100017.62999999999
2025-05-13 15:00:00,100017.62999999999
2025-05-13 15:05:00,100017.62999999999
2025-05-13 15:10:00,100017.62999999999
2025-05-13 15:15:00,100017.62999999999
2025-05-13 15:20:00,100017.62999999999
2025-05-13 15:25:00,100017.62999999999
2025-05-13 15:30:00,100017.62999999999
2025-05-14 09:15:00,100017.62999999999
2025-05-14 09:20:00,100017.62999999999
2025-05-14 09:25:00,100017.62999999999
2025-05-14 09:30:00,100017.62999999999
2025-05-14 09:35:00,100017.62999999999
2025-05-14 09:40:00,100017.62999999999
2025-05-14 09:45:00,100017.62999999999
2025-05-14 09:50:00,100017.62999999999
2025-05-14 09:55:00,100017.62999999999
2025-05-14 10:00:00,100017.62999999999
2025-05-14 10:05:00,100017.62999999999
2025-05-14 10:10:00,100017.62999999999
2025-05-14 10:15:00,100017.62999999999
2025-05-14 10:20:00,100017.62999999999
2025-05-14 10:25:00,100017.62999999999
2025-05-14 10:30:00,100017.62999999999
2025-05-14 10:35:00,100017.62999999999
2025-05-14 10:40:00,100017.62999999999
2025-05-14 10:45:00,100017.62999999999
2025-05-14 10:50:00,100017.62999999999
2025-05-14 10:55:00,100017.62999999999
2025-05-14 11:00:00,100017.62999999999
2025-05-14 11:05:00,100017.62999999999
2025-05-14 11:10:00,100017.62999999999
2025-05-14 11:15:00,100017.62999999999
2025-05-14 11:20:00,100017.62999999999
2025-05-14 11:25:00,100017.62999999999
2025-05-14 11:30:00,100017.62999999999
2025-05-14 11:35:00,100017.62999999999
2025-05-14 11:40:00,100017.62999999999
2025-05-14 11:45:00,100017.62999999999
2025-05-14 11:50:00,100017.62999999999
2025-05-14 11:55:00,100017.62999999999
2025-05-14 12:00:00,100017.62999999999
2025-05-14 12:05:00,100017.62999999999
2025-05-14 12:10:00,100017.62999999999
2025-05-14 12:15:00,100017.62999999999
2025-05-14 12:20:00,100017.62999999999
2025-05-14 12:25:00,100017.62999999999
2025-05-14 12:30:00,100017.62999999999
2025-05-14 12:35:00,100017.62999999999
2025-05-14 12:40:00,100017.62999999999
2025-05-14 12:45:00,100017.62999999999
2025-05-14 12:50:00,100017.62999999999
2025-05-14 12:55:00,100017.62999999999
2025-05-14 13:00:00,100017.62999999999
2025-05-14 13:05:00,100017.62999999999
2025-05-14 13:10:00,100017.62999999999
2025-05-14 13:15:00,100017.62999999999
2025-05-14 13:20:00,100017.62999999999
2025-05-14 13:25:00,100017.62999999999
2025-05-14 13:30:00,100017.62999999999
2025-05-14 13:35:00,100017.62999999999
2025-05-14 13:40:00,100017.62999999999
2025-05-14 13:45:00,100017.62999999999
2025-05-14 13:50:00,100017.62999999999
2025-05-14 13:55:00,100017.62999999999
2025-05-14 14:00:00,100017.62999999999
2025-05-14 14:05:00,100017.62999999999
2025-05-14 14:10:00,100017.62999999999
2025-05-14 14:15:00,100017.62999999999
2025-05-14 14:20:00,100017.62999999999
2025-05-14 14:25:00,100017.62999999999
2025-05-14 14:30:00,100017.62999999999
2025-05-14 14:35:00,100017.62999999999
2025-05-14 14:40:00,100017.62999999999
2025-05-14 14:45:00,100017.62999999999
2025-05-14 14:50:00,100017.62999999999
2025-05-14 14:55:00,100017.62999999999
2025-05-14 15:00:00,100017.62999999999
2025-05-14 15:05:00,100017.62999999999
2025-05-14 15:10:00,100017.62999999999
2025-05-14 15:15:00,100017.62999999999
2025-05-14 15:20:00,100017.62999999999
2025-05-14 15:25:00,100017.62999999999
2025-05-14 15:30:00,100017.62999999999
2025-05-15 09:15:00,100017.62999999999
2025-05-15 09:20:00,100017.62999999999
2025-05-15 09:25:00,100017.62999999999
2025-05-15 09:30:00,100017.62999999999
2025-05-15 09:35:00,100017.62999999999
2025-05-15 09:40:00,100017.62999999999
2025-05-15 09:45:00,100017.62999999999
2025-05-15 09:50:00,100017.62999999999
2025-05-15 09:55:00,100017.62999999999
2025-05-15 10:00:00,100017.62999999999
2025-05-15 10:05:00,100017.62999999999
2025-05-15 10:10:00,100017.62999999999
2025-05-15 10:15:00,100017.62999999999
2025-05-15 10:20:00,100017.62999999999
2025-05-15 10:25:00,100017.62999999999
2025-05-15 10:30:00,100017.62999999999
2025-05-15 10:35:00,100017.62999999999
2025-05-15 10:40:00,100017.62999999999
2025-05-15 10:45:00,100017.62999999999
2025-05-15 10:50:00,100017.62999999999
2025-05-15 10:55:00,100017.62999999999
2025-05-15 11:00:00,100017.62999999999
2025-05-15 11:05:00,100017.62999999999
2025-05-15 11:10:00,100017.62999999999
2025-05-15 11:15:00,100017.62999999999
2025-05-15 11:20:00,100017.62999999999
2025-05-15 11:25:00,100017.62999999999
2025-05-15 11:30:00,100017.62999999999
2025-05-15 11:35:00,100017.62999999999
2025-05-15 11:40:00,100017.62999999999
2025-05-15 11:45:00,100017.62999999999
2025-05-15 11:50:00,100017.62999999999
2025-05-15 11:55:00,100017.62999999999
2025-05-15 12:00:00,100017.62999999999
2025-05-15 12:05:00,100017.62999999999
2025-05-15 12:10:00,100017.62999999999
2025-05-15 12:15:00,100017.62999999999
2025-05-15 12:20:00,100017.62999999999
2025-05-15 12:25:00,100017.62999999999
2025-05-15 12:30:00,100017.62999999999
2025-05-15 12:35:00,100017.62999999999
2025-05-15 12:40:00,100017.62999999999
2025-05-15 12:45:00,100017.62999999999
2025-05-15 12:50:00,100017.62999999999
2025-05-15 12:55:00,100017.62999999999
2025-05-15 13:00:00,100017.62999999999
2025-05-15 13:05:00,100017.62999999999
2025-05-15 13:10:00,100017.62999999999
2025-05-15 13:15:00,100017.62999999999
2025-05-15 13:20:00,100017.62999999999
2025-05-15 13:25:00,100017.62999999999
2025-05-15 13:30:00,100017.62999999999
2025-05-15 13:35:00,100017.62999999999
2025-05-15 13:40:00,100017.62999999999
2025-05-15 13:45:00,100017.62999999999
2025-05-15 13:50:00,100017.62999999999
2025-05-15 13:55:00,100017.62999999999
2025-05-15 14:00:00,100017.62999999999
2025-05-15 14:05:00,100017.62999999999
2025-05-15 14:10:00,100017.62999999999
2025-05-15 14:15:00,100017.62999999999
2025-05-15 14:20:00,100017.62999999999
2025-05-15 14:25:00,100017.62999999999
2025-05-15 14:30:00,100017.62999999999
2025-05-15 14:35:00,100017.62999999999
2025-05-15 14:40:00,100017.62999999999
2025-05-15 14:45:00,100017.62999999999
2025-05-15 14:50:00,100017.62999999999
2025-05-15 14:55:00,100017.62999999999
2025-05-15 15:00:00,100017.62999999999
2025-05-15 15:05:00,100017.62999999999
2025-05-15 15:10:00,100017.62999999999
2025-05-15 15:15:00,100017.62999999999
2025-05-15 15:20:00,100017.62999999999
2025-05-15 15:25:00,100017.62999999999
2025-05-15 15:30:00,100017.62999999999
2025-05-16 09:15:00,100017.62999999999
2025-05-16 09:20:00,100017.62999999999
2025-05-16 09:25:00,100017.62999999999
2025-05-16 09:30:00,100017.62999999999
2025-05-16 09:35:00,100017.62999999999
2025-05-16 09:40:00,100017.62999999999
2025-05-16 09:45:00,100017.62999999999
2025-05-16 09:50:00,100017.62999999999
2025-05-16 09:55:00,100017.62999999999
2025-05-16 10:00:00,100017.62999999999
2025-05-16 10:05:00,100017.62999999999
2025-05-16 10:10:00,100017.62999999999
2025-05-16 10:15:00,100017.62999999999
2025-05-16 10:20:00,99999.63999999998
2025-05-16 10:25:00,99999.63999999998
2025-05-16 10:30:00,99999.63999999998
2025-05-16 10:35:00,99999.63999999998
2025-05-16 10:40:00,99999.63999999998
2025-05-16 10:45:00,99999.63999999998
2025-05-16 10:50:00,99999.63999999998
2025-05-16 10:55:00,99999.63999999998
2025-05-16 11:00:00,99999.63999999998
2025-05-16 11:05:00,99999.63999999998
2025-05-16 11:10:00,99999.63999999998
2025-05-16 11:15:00,99999.63999999998
2025-05-16 11:20:00,99999.63999999998
2025-05-16 11:25:00,99999.63999999998
2025-05-16 11:30:00,99999.63999999998
2025-05-16 11:35:00,99999.63999999998
2025-05-16 11:40:00,99999.63999999998
2025-05-16 11:45:00,99999.63999999998
2025-05-16 11:50:00,99999.63999999998
2025-05-16 11:55:00,99999.63999999998
2025-05-16 12:00:00,99999.63999999998
2025-05-16 12:05:00,99999.63999999998
2025-05-16 12:10:00,99999.63999999998
2025-05-16 12:15:00,99999.63999999998
2025-05-16 12:20:00,99999.63999999998
2025-05-16 12:25:00,99999.63999999998
2025-05-16 12:30:00,99999.63999999998
2025-05-16 12:35:00,99999.63999999998
2025-05-16 12:40:00,99982.18999999999
2025-05-16 12:45:00,99982.18999999999
2025-05-16 12:50:00,99982.18999999999
2025-05-16 12:55:00,99982.18999999999
2025-05-16 13:00:00,99982.18999999999
2025-05-16 13:05:00,99982.18999999999
2025-05-16 13:10:00,99982.18999999999
2025-05-16 13:15:00,99982.18999999999
2025-05-16 13:20:00,99982.18999999999
2025-05-16 13:25:00,99982.18999999999
2025-05-16 13:30:00,99982.18999999999
2025-05-16 13:35:00,99982.18999999999
2025-05-16 13:40:00,99944.52999999998
2025-05-16 13:45:00,99944.52999999998
2025-05-16 13:50:00,99944.52999999998
2025-05-16 13:55:00,99944.52999999998
2025-05-16 14:00:00,99944.52999999998
2025-05-16 14:05:00,99944.52999999998
2025-05-16 14:10:00,99944.52999999998
2025-05-16 14:15:00,99944.52999999998
2025-05-16 14:20:00,99944.52999999998
2025-05-16 14:25:00,99944.52999999998
2025-05-16 14:30:00,99944.52999999998
2025-05-16 14:35:00,99944.52999999998
2025-05-16 14:40:00,99944.52999999998
2025-05-16 14:45:00,99944.52999999998
2025-05-16 14:50:00,99914.88999999998
2025-05-16 14:55:00,99914.88999999998
2025-05-16 15:00:00,99914.88999999998
2025-05-16 15:05:00,99914.88999999998
2025-05-16 15:10:00,99914.88999999998
2025-05-16 15:15:00,99914.88999999998
2025-05-16 15:20:00,99914.88999999998
2025-05-16 15:25:00,99914.88999999998
2025-05-16 15:30:00,99914.88999999998
2025-05-19 09:15:00,99914.88999999998
2025-05-19 09:20:00,99914.88999999998
2025-05-19 09:25:00,99914.88999999998
2025-05-19 09:30:00,99914.88999999998
2025-05-19 09:35:00,99914.88999999998
2025-05-19 09:40:00,99914.88999999998
2025-05-19 09:45:00,99914.88999999998
2025-05-19 09:50:00,99914.88999999998
2025-05-19 09:55:00,99914.88999999998
2025-05-19 10:00:00,99914.88999999998
2025-05-19 10:05:00,99914.88999999998
2025-05-19 10:10:00,99914.88999999998
2025-05-19 10:15:00,99914.88999999998
2025-05-19 10:20:00,99914.88999999998
2025-05-19 10:25:00,99914.88999999998
2025-05-19 10:30:00,99914.88999999998
2025-05-19 10:35:00,99914.88999999998
2025-05-19 10:40:00,99914.88999999998
2025-05-19 10:45:00,99914.88999999998
2025-05-19 10:50:00,99914.88999999998
2025-05-19 10:55:00,99914.88999999998
2025-05-19 11:00:00,99914.88999999998
2025-05-19 11:05:00,99914.88999999998
2025-05-19 11:10:00,99914.88999999998
2025-05-19 11:15:00,99914.88999999998
2025-05-19 11:20:00,99914.88999999998
2025-05-19 11:25:00,99914.88999999998
2025-05-19 11:30:00,99914.88999999998
2025-05-19 11:35:00,99914.88999999998
2025-05-19 11:40:00,99914.88999999998
2025-05-19 11:45:00,99914.88999999998
2025-05-19 11:50:00,99914.88999999998
2025-05-19 11:55:00,99914.88999999998
2025-05-19 12:00:00,99914.88999999998
2025-05-19 12:05:00,99914.88999999998
2025-05-19 12:10:00,99914.88999999998
2025-05-19 12:15:00,99914.88999999998
2025-05-19 12:20:00,99914.88999999998
2025-05-19 12:25:00,99914.88999999998
2025-05-19 12:30:00,99914.88999999998
2025-05-19 12:35:00,99914.88999999998
2025-05-19 12:40:00,99914.88999999998
2025-05-19 12:45:00,99914.88999999998
2025-05-19 12:50:00,99914.88999999998
2025-05-19 12:55:00,99914.88999999998
2025-05-19 13:00:00,99914.88999999998
2025-05-19 13:05:00,99914.88999999998
2025-05-19 13:10:00,99914.88999999998
2025-05-19 13:15:00,99914.88999999998
2025-05-19 13:20:00,99914.88999999998
2025-05-19 13:25:00,99914.88999999998
2025-05-19 13:30:00,99914.88999999998
2025-05-19 13:35:00,99914.88999999998
2025-05-19 13:40:00,99914.88999999998
2025-05-19 13:45:00,99914.88999999998
2025-05-19 13:50:00,99914.88999999998
2025-05-19 13:55:00,99936.59999999998
2025-05-19 14:00:00,99936.59999999998
2025-05-19 14:05:00,99936.59999999998
2025-05-19 14:10:00,99936.59999999998
2025-05-19 14:15:00,99936.59999999998
2025-05-19 14:20:00,99936.59999999998
2025-05-19 14:25:00,99936.59999999998
2025-05-19 14:30:00,99936.59999999998
2025-05-19 14:35:00,99936.59999999998
2025-05-19 14:40:00,99936.59999999998
2025-05-19 14:45:00,99936.59999999998
2025-05-19 14:50:00,99936.59999999998
2025-05-19 14:55:00,99936.59999999998
2025-05-19 15:00:00,99936.59999999998
2025-05-19 15:05:00,99936.59999999998
2025-05-19 15:10:00,99936.59999999998
2025-05-19 15:15:00,99936.59999999998
2025-05-19 15:20:00,99936.59999999998
2025-05-19 15:25:00,99936.59999999998
2025-05-19 15:30:00,99936.59999999998
2025-05-20 09:15:00,99936.59999999998
2025-05-20 09:20:00,99936.59999999998
2025-05-20 09:25:00,99936.59999999998
2025-05-20 09:30:00,99936.59999999998
2025-05-20 09:35:00,99936.59999999998
2025-05-20 09:40:00,99936.59999999998
2025-05-20 09:45:00,99936.59999999998
2025-05-20 09:50:00,99936.59999999998
2025-05-20 09:55:00,99936.59999999998
2025-05-20 10:00:00,99936.59999999998
2025-05-20 10:05:00,99936.59999999998
2025-05-20 10:10:00,99892.33999999998
2025-05-20 10:15:00,99892.33999999998
2025-05-20 10:20:00,99892.33999999998
2025-05-20 10:25:00,99892.33999999998
2025-05-20 10:30:00,99892.33999999998
2025-05-20 10:35:00,99892.33999999998
2025-05-20 10:40:00,99892.33999999998
2025-05-20 10:45:00,99892.33999999998
2025-05-20 10:50:00,99892.33999999998
2025-05-20 10:55:00,99892.33999999998
2025-05-20 11:00:00,99892.33999999998
2025-05-20 11:05:00,99892.33999999998
2025-05-20 11:10:00,99892.33999999998
2025-05-20 11:15:00,99892.33999999998
2025-05-20 11:20:00,99892.33999999998
2025-05-20 11:25:00,99892.33999999998
2025-05-20 11:30:00,99892.33999999998
2025-05-20 11:35:00,99892.33999999998
2025-05-20 11:40:00,99892.33999999998
2025-05-20 11:45:00,99892.33999999998
2025-05-20 11:50:00,99895.62999999999
2025-05-20 11:55:00,99895.62999999999
2025-05-20 12:00:00,99895.62999999999
2025-05-20 12:05:00,99895.62999999999
2025-05-20 12:10:00,99895.62999999999
2025-05-20 12:15:00,99895.62999999999
2025-05-20 12:20:00,99895.62999999999
2025-05-20 12:25:00,99895.62999999999
2025-05-20 12:30:00,99895.62999999999
2025-05-20 12:35:00,99895.62999999999
2025-05-20 12:40:00,99895.62999999999
2025-05-20 12:45:00,99895.62999999999
2025-05-20 12:50:00,99883.94999999998
2025-05-20 12:55:00,99883.94999999998
2025-05-20 13:00:00,99883.94999999998
2025-05-20 13:05:00,99883.94999999998
2025-05-20 13:10:00,99883.94999999998
2025-05-20 13:15:00,99883.94999999998
2025-05-20 13:20:00,99883.94999999998
2025-05-20 13:25:00,99883.94999999998
2025-05-20 13:30:00,99883.94999999998
2025-05-20 13:35:00,99883.94999999998
2025-05-20 13:40:00,99883.94999999998
2025-05-20 13:45:00,99883.94999999998
2025-05-20 13:50:00,99883.94999999998
2025-05-20 13:55:00,99883.94999999998
2025-05-20 14:00:00,99883.94999999998
2025-05-20 14:05:00,99883.94999999998
2025-05-20 14:10:00,99883.94999999998
2025-05-20 14:15:00,99883.94999999998
2025-05-20 14:20:00,99883.94999999998
2025-05-20 14:25:00,99883.94999999998
2025-05-20 14:30:00,99883.94999999998
2025-05-20 14:35:00,99883.94999999998
2025-05-20 14:40:00,99883.94999999998
2025-05-20 14:45:00,99883.94999999998
2025-05-20 14:50:00,99883.94999999998
2025-05-20 14:55:00,99883.94999999998
2025-05-20 15:00:00,99883.94999999998
2025-05-20 15:05:00,99883.94999999998
2025-05-20 15:10:00,99883.94999999998
2025-05-20 15:15:00,99883.94999999998
2025-05-20 15:20:00,99883.94999999998
2025-05-20 15:25:00,99883.94999999998
2025-05-20 15:30:00,99883.94999999998
2025-05-21 09:15:00,99883.94999999998
2025-05-21 09:20:00,99883.94999999998
2025-05-21 09:25:00,99883.94999999998
2025-05-21 09:30:00,99883.94999999998
2025-05-21 09:35:00,99883.94999999998
2025-05-21 09:40:00,99883.94999999998
2025-05-21 09:45:00,99883.94999999998
2025-05-21 09:50:00,99883.94999999998
2025-05-21 09:55:00,99883.94999999998
2025-05-21 10:00:00,99883.94999999998
2025-05-21 10:05:00,99883.94999999998
2025-05-21 10:10:00,99883.94999999998
2025-05-21 10:15:00,99883.94999999998
2025-05-21 10:20:00,99883.94999999998
2025-05-21 10:25:00,99845.79999999999
2025-05-21 10:30:00,99845.79999999999
2025-05-21 10:35:00,99845.79999999999
2025-05-21 10:40:00,99845.79999999999
2025-05-21 10:45:00,99845.79999999999
2025-05-21 10:50:00,99831.91999999998
2025-05-21 10:55:00,99831.91999999998
2025-05-21 11:00:00,99818.59999999998
2025-05-21 11:05:00,99818.59999999998
2025-05-21 11:10:00,99818.59999999998
2025-05-21 11:15:00,99818.59999999998
2025-05-21 11:20:00,99818.59999999998
2025-05-21 11:25:00,99818.59999999998
2025-05-21 11:30:00,99818.59999999998
2025-05-21 11:35:00,99818.59999999998
2025-05-21 11:40:00,99818.59999999998
2025-05-21 11:45:00,99818.59999999998
2025-05-21 11:50:00,99818.59999999998
2025-05-21 11:55:00,99818.59999999998
2025-05-21 12:00:00,99818.59999999998
2025-05-21 12:05:00,99818.59999999998
2025-05-21 12:10:00,99807.42999999998
2025-05-21 12:15:00,99807.42999999998
2025-05-21 12:20:00,99807.42999999998
2025-05-21 12:25:00,99807.42999999998
2025-05-21 12:30:00,99807.42999999998
2025-05-21 12:35:00,99807.42999999998
2025-05-21 12:40:00,99807.42999999998
2025-05-21 12:45:00,99807.42999999998
2025-05-21 12:50:00,99807.42999999998
2025-05-21 12:55:00,99807.42999999998
2025-05-21 13:00:00,99807.42999999998
2025-05-21 13:05:00,99807.42999999998
2025-05-21 13:10:00,99807.42999999998
2025-05-21 13:15:00,99807.42999999998
2025-05-21 13:20:00,99807.42999999998
2025-05-21 13:25:00,99807.42999999998
2025-05-21 13:30:00,99807.42999999998
2025-05-21 13:35:00,99807.42999999998
2025-05-21 13:40:00,99807.42999999998
2025-05-21 13:45:00,99807.42999999998
2025-05-21 13:50:00,99807.42999999998
2025-05-21 13:55:00,99807.42999999998
2025-05-21 14:00:00,99807.42999999998
2025-05-21 14:05:00,99753.92999999998
2025-05-21 14:10:00,99753.92999999998
2025-05-21 14:15:00,99753.92999999998
2025-05-21 14:20:00,99753.92999999998
2025-05-21 14:25:00,99753.92999999998
2025-05-21 14:30:00,99753.92999999998
2025-05-21 14:35:00,99753.92999999998
2025-05-21 14:40:00,99753.92999999998
2025-05-21 14:45:00,99753.92999999998
2025-05-21 14:50:00,99753.92999999998
2025-05-21 14:55:00,99753.92999999998
2025-05-21 15:00:00,99753.92999999998
2025-05-21 15:05:00,99753.92999999998
2025-05-21 15:10:00,99753.92999999998
2025-05-21 15:15:00,99753.92999999998
2025-05-21 15:20:00,99753.92999999998
2025-05-21 15:25:00,99753.92999999998
2025-05-21 15:30:00,99753.92999999998
2025-05-22 09:15:00,99753.92999999998
2025-05-22 09:20:00,99753.92999999998
2025-05-22 09:25:00,99753.92999999998
2025-05-22 09:30:00,99753.92999999998
2025-05-22 09:35:00,99753.92999999998
2025-05-22 09:40:00,99753.92999999998
2025-05-22 09:45:00,99753.92999999998
2025-05-22 09:50:00,99753.92999999998
2025-05-22 09:55:00,99753.92999999998
2025-05-22 10:00:00,99753.92999999998
2025-05-22 10:05:00,99671.52999999998
2025-05-22 10:10:00,99671.52999999998
2025-05-22 10:15:00,99671.52999999998
2025-05-22 10:20:00,99671.52999999998
2025-05-22 10:25:00,99671.52999999998
2025-05-22 10:30:00,99671.52999999998
2025-05-22 10:35:00,99671.52999999998
2025-05-22 10:40:00,99671.52999999998
2025-05-22 10:45:00,99671.52999999998
2025-05-22 10:50:00,99671.52999999998
2025-05-22 10:55:00,99671.52999999998
2025-05-22 11:00:00,99671.52999999998
2025-05-22 11:05:00,99671.52999999998
2025-05-22 11:10:00,99671.52999999998
2025-05-22 11:15:00,99671.52999999998
2025-05-22 11:20:00,99671.52999999998
2025-05-22 11:25:00,99671.52999999998
2025-05-22 11:30:00,99671.52999999998
2025-05-22 11:35:00,99671.52999999998
2025-05-22 11:40:00,99671.52999999998
2025-05-22 11:45:00,99671.52999999998
2025-05-22 11:50:00,99671.52999999998
2025-05-22 11:55:00,99671.52999999998
2025-05-22 12:00:00,99634.46999999999
2025-05-22 12:05:00,99634.46999999999
2025-05-22 12:10:00,99604.33999999998
2025-05-22 12:15:00,99604.33999999998
2025-05-22 12:20:00,99604.33999999998
2025-05-22 12:25:00,99604.33999999998
2025-05-22 12:30:00,99604.33999999998
2025-05-22 12:35:00,99604.33999999998
2025-05-22 12:40:00,99604.33999999998
2025-05-22 12:45:00,99604.33999999998
2025-05-22 12:50:00,99604.33999999998
2025-05-22 12:55:00,99604.33999999998
2025-05-22 13:00:00,99604.33999999998
2025-05-22 13:05:00,99604.33999999998
2025-05-22 13:10:00,99604.33999999998
2025-05-22 13:15:00,99604.33999999998
2025-05-22 13:20:00,99604.33999999998
2025-05-22 13:25:00,99604.33999999998
2025-05-22 13:30:00,99604.33999999998
2025-05-22 13:35:00,99604.33999999998
2025-05-22 13:40:00,99604.33999999998
2025-05-22 13:45:00,99604.33999999998
2025-05-22 13:50:00,99604.33999999998
2025-05-22 13:55:00,99604.33999999998
2025-05-22 14:00:00,99604.33999999998
2025-05-22 14:05:00,99604.33999999998
2025-05-22 14:10:00,99604.33999999998
2025-05-22 14:15:00,99604.33999999998
2025-05-22 14:20:00,99604.33999999998
2025-05-22 14:25:00,99604.33999999998
2025-05-22 14:30:00,99604.33999999998
2025-05-22 14:35:00,99604.33999999998
2025-05-22 14:40:00,99604.33999999998
2025-05-22 14:45:00,99604.33999999998
2025-05-22 14:50:00,99604.33999999998
2025-05-22 14:55:00,99604.33999999998
2025-05-22 15:00:00,99604.33999999998
2025-05-22 15:05:00,99604.33999999998
2025-05-22 15:10:00,99650.29999999999
2025-05-22 15:15:00,99650.29999999999
2025-05-22 15:20:00,99650.29999999999
2025-05-22 15:25:00,99650.29999999999
2025-05-22 15:30:00,99650.29999999999
2025-05-23 09:15:00,99650.29999999999
2025-05-23 09:20:00,99650.29999999999
2025-05-23 09:25:00,99650.29999999999
2025-05-23 09:30:00,99650.29999999999
2025-05-23 09:35:00,99650.29999999999
2025-05-23 09:40:00,99650.29999999999
2025-05-23 09:45:00,99650.29999999999
2025-05-23 09:50:00,99650.29999999999
2025-05-23 09:55:00,99650.29999999999
2025-05-23 10:00:00,99650.29999999999
2025-05-23 10:05:00,99650.29999999999
2025-05-23 10:10:00,99650.29999999999
2025-05-23 10:15:00,99650.29999999999
2025-05-23 10:20:00,99650.29999999999
2025-05-23 10:25:00,99650.29999999999
2025-05-23 10:30:00,99650.29999999999
2025-05-23 10:35:00,99650.29999999999
2025-05-23 10:40:00,99650.29999999999
2025-05-23 10:45:00,99650.29999999999
2025-05-23 10:50:00,99650.29999999999
2025-05-23 10:55:00,99650.29999999999
2025-05-23 11:00:00,99650.29999999999
2025-05-23 11:05:00,99650.29999999999
2025-05-23 11:10:00,99650.29999999999
2025-05-23 11:15:00,99650.29999999999
2025-05-23 11:20:00,99650.29999999999
2025-05-23 11:25:00,99650.29999999999
2025-05-23 11:30:00,99650.29999999999
2025-05-23 11:35:00,99650.29999999999
2025-05-23 11:40:00,99650.29999999999
2025-05-23 11:45:00,99650.29999999999
2025-05-23 11:50:00,99650.29999999999
2025-05-23 11:55:00,99650.29999999999
2025-05-23 12:00:00,99650.29999999999
2025-05-23 12:05:00,99650.29999999999
2025-05-23 12:10:00,99650.29999999999
2025-05-23 12:15:00,99650.29999999999
2025-05-23 12:20:00,99650.29999999999
2025-05-23 12:25:00,99650.29999999999
2025-05-23 12:30:00,99650.29999999999
2025-05-23 12:35:00,99826.07999999999
2025-05-23 12:40:00,99826.07999999999
2025-05-23 12:45:00,99826.07999999999
2025-05-23 12:50:00,99826.07999999999
2025-05-23 12:55:00,99826.07999999999
2025-05-23 13:00:00,99797.65999999997
2025-05-23 13:05:00,99797.65999999997
2025-05-23 13:10:00,99797.65999999997
2025-05-23 13:15:00,99797.65999999997
2025-05-23 13:20:00,99797.65999999997
2025-05-23 13:25:00,99797.65999999997
2025-05-23 13:30:00,99797.65999999997
2025-05-23 13:35:00,99797.65999999997
2025-05-23 13:40:00,99797.65999999997
2025-05-23 13:45:00,99797.65999999997
2025-05-23 13:50:00,99797.65999999997
2025-05-23 13:55:00,99797.65999999997
2025-05-23 14:00:00,99797.65999999997
2025-05-23 14:05:00,99797.65999999997
2025-05-23 14:10:00,99797.65999999997
2025-05-23 14:15:00,99797.65999999997
2025-05-23 14:20:00,99797.65999999997
2025-05-23 14:25:00,99797.65999999997
2025-05-23 14:30:00,99797.65999999997
2025-05-23 14:35:00,99797.65999999997
2025-05-23 14:40:00,99797.65999999997
2025-05-23 14:45:00,99797.65999999997
2025-05-23 14:50:00,99797.65999999997
2025-05-23 14:55:00,99797.65999999997
2025-05-23 15:00:00,99797.65999999997
2025-05-23 15:05:00,99797.65999999997
2025-05-23 15:10:00,99797.65999999997
2025-05-23 15:15:00,99797.65999999997
2025-05-23 15:20:00,99797.65999999997
2025-05-23 15:25:00,99797.65999999997
2025-05-23 15:30:00,99797.65999999997
2025-05-26 09:15:00,99797.65999999997
2025-05-26 09:20:00,99797.65999999997
2025-05-26 09:25:00,99797.65999999997
2025-05-26 09:30:00,99797.65999999997
2025-05-26 09:35:00,99797.65999999997
2025-05-26 09:40:00,99779.93999999997
2025-05-26 09:45:00,99779.93999999997
2025-05-26 09:50:00,99779.93999999997
2025-05-26 09:55:00,99721.61999999998
2025-05-26 10:00:00,99721.61999999998
2025-05-26 10:05:00,99721.61999999998
2025-05-26 10:10:00,99721.61999999998
2025-05-26 10:15:00,99721.61999999998
2025-05-26 10:20:00,99721.61999999998
2025-05-26 10:25:00,99721.61999999998
2025-05-26 10:30:00,99721.61999999998
2025-05-26 10:35:00,99721.61999999998
2025-05-26 10:40:00,99721.61999999998
2025-05-26 10:45:00,99721.61999999998
2025-05-26 10:50:00,99721.61999999998
2025-05-26 10:55:00,99721.61999999998
2025-05-26 11:00:00,99721.61999999998
2025-05-26 11:05:00,99721.61999999998
2025-05-26 11:10:00,99721.61999999998
2025-05-26 11:15:00,99721.61999999998
2025-05-26 11:20:00,99721.61999999998
2025-05-26 11:25:00,99721.61999999998
2025-05-26 11:30:00,99669.74999999999
2025-05-26 11:35:00,99669.74999999999
2025-05-26 11:40:00,99606.14999999998
2025-05-26 11:45:00,99606.14999999998
2025-05-26 11:50:00,99606.14999999998
2025-05-26 11:55:00,99606.14999999998
2025-05-26 12:00:00,99606.14999999998
2025-05-26 12:05:00,99606.14999999998
2025-05-26 12:10:00,99606.14999999998
2025-05-26 12:15:00,99606.14999999998
2025-05-26 12:20:00,99606.14999999998
2025-05-26 12:25:00,99606.14999999998
2025-05-26 12:30:00,99606.14999999998
2025-05-26 12:35:00,99606.14999999998
2025-05-26 12:40:00,99606.14999999998
2025-05-26 12:45:00,99606.14999999998
2025-05-26 12:50:00,99606.14999999998
2025-05-26 12:55:00,99606.14999999998
2025-05-26 13:00:00,99606.14999999998
2025-05-26 13:05:00,99606.14999999998
2025-05-26 13:10:00,99606.14999999998
2025-05-26 13:15:00,99606.14999999998
2025-05-26 13:20:00,99606.14999999998
2025-05-26 13:25:00,99606.14999999998
2025-05-26 13:30:00,99606.14999999998
2025-05-26 13:35:00,99606.14999999998
2025-05-26 13:40:00,99606.14999999998
2025-05-26 13:45:00,99606.14999999998
2025-05-26 13:50:00,99606.14999999998
2025-05-26 13:55:00,99606.14999999998
2025-05-26 14:00:00,99606.14999999998
2025-05-26 14:05:00,99606.14999999998
2025-05-26 14:10:00,99606.14999999998
2025-05-26 14:15:00,99606.14999999998
2025-05-26 14:20:00,99606.14999999998
2025-05-26 14:25:00,99606.14999999998
2025-05-26 14:30:00,99663.84999999998
2025-05-26 14:35:00,99663.84999999998
2025-05-26 14:40:00,99663.84999999998
2025-05-26 14:45:00,99663.84999999998
2025-05-26 14:50:00,99663.84999999998
2025-05-26 14:55:00,99663.84999999998
2025-05-26 15:00:00,99663.84999999998
2025-05-26 15:05:00,99663.84999999998
2025-05-26 15:10:00,99663.84999999998
2025-05-26 15:15:00,99642.04999999999
2025-05-26 15:20:00,99642.04999999999
2025-05-26 15:25:00,99642.04999999999
2025-05-26 15:30:00,99642.04999999999
2025-05-27 09:15:00,99642.04999999999
2025-05-27 09:20:00,99642.04999999999
2025-05-27 09:25:00,99642.04999999999
2025-05-27 09:30:00,99642.04999999999
2025-05-27 09:35:00,99642.04999999999
2025-05-27 09:40:00,99642.04999999999
2025-05-27 09:45:00,99642.04999999999
2025-05-27 09:50:00,99642.04999999999
2025-05-27 09:55:00,99642.04999999999
2025-05-27 10:00:00,99642.04999999999
2025-05-27 10:05:00,99642.04999999999
2025-05-27 10:10:00,99642.04999999999
2025-05-27 10:15:00,99642.04999999999
2025-05-27 10:20:00,99642.04999999999
2025-05-27 10:25:00,99642.04999999999
2025-05-27 10:30:00,99642.04999999999
2025-05-27 10:35:00,99642.04999999999
2025-05-27 10:40:00,99642.04999999999
2025-05-27 10:45:00,99642.04999999999
2025-05-27 10:50:00,99642.04999999999
2025-05-27 10:55:00,99642.04999999999
2025-05-27 11:00:00,99642.04999999999
2025-05-27 11:05:00,99642.04999999999
2025-05-27 11:10:00,99642.04999999999
2025-05-27 11:15:00,99642.04999999999
2025-05-27 11:20:00,99642.04999999999
2025-05-27 11:25:00,99642.04999999999
2025-05-27 11:30:00,99642.04999999999
2025-05-27 11:35:00,99642.04999999999
2025-05-27 11:40:00,99642.04999999999
2025-05-27 11:45:00,99695.45999999998
2025-05-27 11:50:00,99695.45999999998
2025-05-27 11:55:00,99695.45999999998
2025-05-27 12:00:00,99695.45999999998
2025-05-27 12:05:00,99695.45999999998
2025-05-27 12:10:00,99695.45999999998
2025-05-27 12:15:00,99695.45999999998
2025-05-27 12:20:00,99695.45999999998
2025-05-27 12:25:00,99695.45999999998
2025-05-27 12:30:00,99695.45999999998
2025-05-27 12:35:00,99695.45999999998
2025-05-27 12:40:00,99695.45999999998
2025-05-27 12:45:00,99695.45999999998
2025-05-27 12:50:00,99695.45999999998
2025-05-27 12:55:00,99652.70999999998
2025-05-27 13:00:00,99652.70999999998
2025-05-27 13:05:00,99652.70999999998
2025-05-27 13:10:00,99652.70999999998
2025-05-27 13:15:00,99652.70999999998
2025-05-27 13:20:00,99652.70999999998
2025-05-27 13:25:00,99652.70999999998
2025-05-27 13:30:00,99652.70999999998
2025-05-27 13:35:00,99608.24999999997
2025-05-27 13:40:00,99608.24999999997
2025-05-27 13:45:00,99608.24999999997
2025-05-27 13:50:00,99608.24999999997
2025-05-27 13:55:00,99608.24999999997
2025-05-27 14:00:00,99608.24999999997
2025-05-27 14:05:00,99608.24999999997
2025-05-27 14:10:00,99608.24999999997
2025-05-27 14:15:00,99608.24999999997
2025-05-27 14:20:00,99608.24999999997
2025-05-27 14:25:00,99608.24999999997
2025-05-27 14:30:00,99608.24999999997
2025-05-27 14:35:00,99582.30999999998
2025-05-27 14:40:00,99582.30999999998
2025-05-27 14:45:00,99554.91999999998
2025-05-27 14:50:00,99554.91999999998
2025-05-27 14:55:00,99554.91999999998
2025-05-27 15:00:00,99554.91999999998
2025-05-27 15:05:00,99554.91999999998
2025-05-27 15:10:00,99554.91999999998
2025-05-27 15:15:00,99554.91999999998
2025-05-27 15:20:00,99554.91999999998
2025-05-27 15:25:00,99554.91999999998
2025-05-27 15:30:00,99554.91999999998
2025-05-28 09:15:00,99554.91999999998
2025-05-28 09:20:00,99554.91999999998
2025-05-28 09:25:00,99554.91999999998
2025-05-28 09:30:00,99554.91999999998
2025-05-28 09:35:00,99554.91999999998
2025-05-28 09:40:00,99554.91999999998
2025-05-28 09:45:00,99554.91999999998
2025-05-28 09:50:00,99554.91999999998
2025-05-28 09:55:00,99554.91999999998
2025-05-28 10:00:00,99554.91999999998
2025-05-28 10:05:00,99524.64999999998
2025-05-28 10:10:00,99524.64999999998
2025-05-28 10:15:00,99493.01999999997
2025-05-28 10:20:00,99493.01999999997
2025-05-28 10:25:00,99493.01999999997
2025-05-28 10:30:00,99493.01999999997
2025-05-28 10:35:00,99493.01999999997
2025-05-28 10:40:00,99493.01999999997
2025-05-28 10:45:00,99493.01999999997
2025-05-28 10:50:00,99493.01999999997
2025-05-28 10:55:00,99493.01999999997
2025-05-28 11:00:00,99493.01999999997
2025-05-28 11:05:00,99493.01999999997
2025-05-28 11:10:00,99493.01999999997
2025-05-28 11:15:00,99493.01999999997
2025-05-28 11:20:00,99493.01999999997
2025-05-28 11:25:00,99493.01999999997
2025-05-28 11:30:00,99493.01999999997
2025-05-28 11:35:00,99493.01999999997
2025-05-28 11:40:00,99493.01999999997
2025-05-28 11:45:00,99493.01999999997
2025-05-28 11:50:00,99493.01999999997
2025-05-28 11:55:00,99493.01999999997
2025-05-28 12:00:00,99493.01999999997
2025-05-28 12:05:00,99493.01999999997
2025-05-28 12:10:00,99493.01999999997
2025-05-28 12:15:00,99493.01999999997
2025-05-28 12:20:00,99484.88999999998
2025-05-28 12:25:00,99484.88999999998
2025-05-28 12:30:00,99484.88999999998
2025-05-28 12:35:00,99484.88999999998
2025-05-28 12:40:00,99484.88999999998
2025-05-28 12:45:00,99484.88999999998
2025-05-28 12:50:00,99484.88999999998
2025-05-28 12:55:00,99484.88999999998
2025-05-28 13:00:00,99484.88999999998
2025-05-28 13:05:00,99484.88999999998
2025-05-28 13:10:00,99484.88999999998
2025-05-28 13:15:00,99484.88999999998
2025-05-28 13:20:00,99484.88999999998
2025-05-28 13:25:00,99484.88999999998
2025-05-28 13:30:00,99484.88999999998
2025-05-28 13:35:00,99484.88999999998
2025-05-28 13:40:00,99484.88999999998
2025-05-28 13:45:00,99484.88999999998
2025-05-28 13:50:00,99484.88999999998
2025-05-28 13:55:00,99484.88999999998
2025-05-28 14:00:00,99484.88999999998
2025-05-28 14:05:00,99484.88999999998
2025-05-28 14:10:00,99484.88999999998
2025-05-28 14:15:00,99484.88999999998
2025-05-28 14:20:00,99484.88999999998
2025-05-28 14:25:00,99484.88999999998
2025-05-28 14:30:00,99484.88999999998
2025-05-28 14:35:00,99484.88999999998
2025-05-28 14:40:00,99484.88999999998
2025-05-28 14:45:00,99484.88999999998
2025-05-28 14:50:00,99484.88999999998
2025-05-28 14:55:00,99484.88999999998
2025-05-28 15:00:00,99484.88999999998
2025-05-28 15:05:00,99484.88999999998
2025-05-28 15:10:00,99484.88999999998
2025-05-28 15:15:00,99484.88999999998
2025-05-28 15:20:00,99484.88999999998
2025-05-28 15:25:00,99484.88999999998
2025-05-28 15:30:00,99484.88999999998
2025-05-29 09:15:00,99484.88999999998
2025-05-29 09:20:00,99484.88999999998
2025-05-29 09:25:00,99484.88999999998
2025-05-29 09:30:00,99484.88999999998
2025-05-29 09:35:00,99484.88999999998
2025-05-29 09:40:00,99484.88999999998
2025-05-29 09:45:00,99484.88999999998
2025-05-29 09:50:00,99484.88999999998
2025-05-29 09:55:00,99484.88999999998
2025-05-29 10:00:00,99484.88999999998
2025-05-29 10:05:00,99484.88999999998
2025-05-29 10:10:00,99484.88999999998
2025-05-29 10:15:00,99484.88999999998
2025-05-29 10:20:00,99484.88999999998
2025-05-29 10:25:00,99484.88999999998
2025-05-29 10:30:00,99484.88999999998
2025-05-29 10:35:00,99484.88999999998
2025-05-29 10:40:00,99484.88999999998
2025-05-29 10:45:00,99484.88999999998
2025-05-29 10:50:00,99484.88999999998
2025-05-29 10:55:00,99484.88999999998
2025-05-29 11:00:00,99484.88999999998
2025-05-29 11:05:00,99484.88999999998
2025-05-29 11:10:00,99484.88999999998
2025-05-29 11:15:00,99484.88999999998
2025-05-29 11:20:00,99484.88999999998
2025-05-29 11:25:00,99484.88999999998
2025-05-29 11:30:00,99484.88999999998
2025-05-29 11:35:00,99484.88999999998
2025-05-29 11:40:00,99484.88999999998
2025-05-29 11:45:00,99484.88999999998
2025-05-29 11:50:00,99484.88999999998
2025-05-29 11:55:00,99585.57999999999
2025-05-29 12:00:00,99585.57999999999
2025-05-29 12:05:00,99585.57999999999
2025-05-29 12:10:00,99529.81999999998
2025-05-29 12:15:00,99529.81999999998
2025-05-29 12:20:00,99529.81999999998
2025-05-29 12:25:00,99529.81999999998
2025-05-29 12:30:00,99529.81999999998
2025-05-29 12:35:00,99529.81999999998
2025-05-29 12:40:00,99529.81999999998
2025-05-29 12:45:00,99529.81999999998
2025-05-29 12:50:00,99529.81999999998
2025-05-29 12:55:00,99529.81999999998
2025-05-29 13:00:00,99529.81999999998
2025-05-29 13:05:00,99529.81999999998
2025-05-29 13:10:00,99529.81999999998
2025-05-29 13:15:00,99529.81999999998
2025-05-29 13:20:00,99529.81999999998
2025-05-29 13:25:00,99529.81999999998
2025-05-29 13:30:00,99529.81999999998
2025-05-29 13:35:00,99529.81999999998
2025-05-29 13:40:00,99529.81999999998
2025-05-29 13:45:00,99529.81999999998
2025-05-29 13:50:00,99529.81999999998
2025-05-29 13:55:00,99529.81999999998
2025-05-29 14:00:00,99529.81999999998
2025-05-29 14:05:00,99529.81999999998
2025-05-29 14:10:00,99529.81999999998
2025-05-29 14:15:00,99479.71999999999
2025-05-29 14:20:00,99479.71999999999
2025-05-29 14:25:00,99479.71999999999
2025-05-29 14:30:00,99479.71999999999
2025-05-29 14:35:00,99479.71999999999
2025-05-29 14:40:00,99479.71999999999
2025-05-29 14:45:00,99479.71999999999
2025-05-29 14:50:00,99479.71999999999
2025-05-29 14:55:00,99479.71999999999
2025-05-29 15:00:00,99479.71999999999
2025-05-29 15:05:00,99479.71999999999
2025-05-29 15:10:00,99479.71999999999
2025-05-29 15:15:00,99479.71999999999
2025-05-29 15:20:00,99479.71999999999
2025-05-29 15:25:00,99479.71999999999
2025-05-29 15:30:00,99479.71999999999
2025-05-30 09:15:00,99479.71999999999
2025-05-30 09:20:00,99479.71999999999
2025-05-30 09:25:00,99479.71999999999
2025-05-30 09:30:00,99479.71999999999
2025-05-30 09:35:00,99437.39999999998
2025-05-30 09:40:00,99437.39999999998
2025-05-30 09:45:00,99437.39999999998
2025-05-30 09:50:00,99437.39999999998
2025-05-30 09:55:00,99437.39999999998
2025-05-30 10:00:00,99437.39999999998
2025-05-30 10:05:00,99437.39999999998
2025-05-30 10:10:00,99437.39999999998
2025-05-30 10:15:00,99437.39999999998
2025-05-30 10:20:00,99437.39999999998
2025-05-30 10:25:00,99437.39999999998
2025-05-30 10:30:00,99437.39999999998
2025-05-30 10:35:00,99437.39999999998
2025-05-30 10:40:00,99437.39999999998
2025-05-30 10:45:00,99437.39999999998
2025-05-30 10:50:00,99437.39999999998
2025-05-30 10:55:00,99437.39999999998
2025-05-30 11:00:00,99437.39999999998
2025-05-30 11:05:00,99437.39999999998
2025-05-30 11:10:00,99437.39999999998
2025-05-30 11:15:00,99437.39999999998
2025-05-30 11:20:00,99437.39999999998
2025-05-30 11:25:00,99437.39999999998
2025-05-30 11:30:00,99437.39999999998
2025-05-30 11:35:00,99437.39999999998
2025-05-30 11:40:00,99437.39999999998
2025-05-30 11:45:00,99437.39999999998
2025-05-30 11:50:00,99437.39999999998
2025-05-30 11:55:00,99437.39999999998
2025-05-30 12:00:00,99437.39999999998
2025-05-30 12:05:00,99437.39999999998
2025-05-30 12:10:00,99437.39999999998
2025-05-30 12:15:00,99437.39999999998
2025-05-30 12:20:00,99437.39999999998
2025-05-30 12:25:00,99437.39999999998
2025-05-30 12:30:00,99437.39999999998
2025-05-30 12:35:00,99437.39999999998
2025-05-30 12:40:00,99437.39999999998
2025-05-30 12:45:00,99437.39999999998
2025-05-30 12:50:00,99437.39999999998
2025-05-30 12:55:00,99437.39999999998
2025-05-30 13:00:00,99437.39999999998
2025-05-30 13:05:00,99437.39999999998
2025-05-30 13:10:00,99437.39999999998
2025-05-30 13:15:00,99437.39999999998
2025-05-30 13:20:00,99437.39999999998
2025-05-30 13:25:00,99437.39999999998
2025-05-30 13:30:00,99437.39999999998
2025-05-30 13:35:00,99437.39999999998
2025-05-30 13:40:00,99437.39999999998
2025-05-30 13:45:00,99437.39999999998
2025-05-30 13:50:00,99437.39999999998
2025-05-30 13:55:00,99437.39999999998
2025-05-30 14:00:00,99437.39999999998
2025-05-30 14:05:00,99437.39999999998
2025-05-30 14:10:00,99437.39999999998
2025-05-30 14:15:00,99437.39999999998
2025-05-30 14:20:00,99437.39999999998
2025-05-30 14:25:00,99437.39999999998
2025-05-30 14:30:00,99437.39999999998
2025-05-30 14:35:00,99437.39999999998
2025-05-30 14:40:00,99437.39999999998
2025-05-30 14:45:00,99437.39999999998
2025-05-30 14:50:00,99437.39999999998
2025-05-30 14:55:00,99437.39999999998
2025-05-30 15:00:00,99437.39999999998
2025-05-30 15:05:00,99437.39999999998
2025-05-30 15:10:00,99437.39999999998
2025-05-30 15:15:00,99437.39999999998
2025-05-30 15:20:00,99437.39999999998
2025-05-30 15:25:00,99437.39999999998
2025-05-30 15:30:00,99437.39999999998
2025-06-02 09:15:00,99437.39999999998
2025-06-02 09:20:00,99437.39999999998
2025-06-02 09:25:00,99437.39999999998
2025-06-02 09:30:00,99437.39999999998
2025-06-02 09:35:00,99437.39999999998
2025-06-02 09:40:00,99437.39999999998
2025-06-02 09:45:00,99437.39999999998
2025-06-02 09:50:00,99437.39999999998
2025-06-02 09:55:00,99437.39999999998
2025-06-02 10:00:00,99437.39999999998
2025-06-02 10:05:00,99437.39999999998
2025-06-02 10:10:00,99437.39999999998
2025-06-02 10:15:00,99437.39999999998
2025-06-02 10:20:00,99437.39999999998
2025-06-02 10:25:00,99437.39999999998
2025-06-02 10:30:00,99437.39999999998
2025-06-02 10:35:00,99437.39999999998
2025-06-02 10:40:00,99437.39999999998
2025-06-02 10:45:00,99437.39999999998
2025-06-02 10:50:00,99437.39999999998
2025-06-02 10:55:00,99437.39999999998
2025-06-02 11:00:00,99437.39999999998
2025-06-02 11:05:00,99437.39999999998
2025-06-02 11:10:00,99437.39999999998
2025-06-02 11:15:00,99437.39999999998
2025-06-02 11:20:00,99437.39999999998
2025-06-02 11:25:00,99437.39999999998
2025-06-02 11:30:00,99437.39999999998
2025-06-02 11:35:00,99437.39999999998
2025-06-02 11:40:00,99437.39999999998
2025-06-02 11:45:00,99437.39999999998
2025-06-02 11:50:00,99437.39999999998
2025-06-02 11:55:00,99437.39999999998
2025-06-02 12:00:00,99437.39999999998
2025-06-02 12:05:00,99437.39999999998
2025-06-02 12:10:00,99437.39999999998
2025-06-02 12:15:00,99437.39999999998
2025-06-02 12:20:00,99437.39999999998
2025-06-02 12:25:00,99437.39999999998
2025-06-02 12:30:00,99437.39999999998
2025-06-02 12:35:00,99437.39999999998
2025-06-02 12:40:00,99437.39999999998
2025-06-02 12:45:00,99437.39999999998
2025-06-02 12:50:00,99437.39999999998
2025-06-02 12:55:00,99437.39999999998
2025-06-02 13:00:00,99437.39999999998
2025-06-02 13:05:00,99437.39999999998
2025-06-02 13:10:00,99437.39999999998
2025-06-02 13:15:00,99437.39999999998
2025-06-02 13:20:00,99437.39999999998
2025-06-02 13:25:00,99437.39999999998
2025-06-02 13:30:00,99437.39999999998
2025-06-02 13:35:00,99437.39999999998
2025-06-02 13:40:00,99437.39999999998
2025-06-02 13:45:00,99437.39999999998
2025-06-02 13:50:00,99437.39999999998
2025-06-02 13:55:00,99437.39999999998
2025-06-02 14:00:00,99437.39999999998
2025-06-02 14:05:00,99437.39999999998
2025-06-02 14:10:00,99437.39999999998
2025-06-02 14:15:00,99437.39999999998
2025-06-02 14:20:00,99437.39999999998
2025-06-02 14:25:00,99437.39999999998
2025-06-02 14:30:00,99437.39999999998
2025-06-02 14:35:00,99437.39999999998
2025-06-02 14:40:00,99437.39999999998
2025-06-02 14:45:00,99437.39999999998
2025-06-02 14:50:00,99437.39999999998
2025-06-02 14:55:00,99437.39999999998
2025-06-02 15:00:00,99437.39999999998
2025-06-02 15:05:00,99437.39999999998
2025-06-02 15:10:00,99437.39999999998
2025-06-02 15:15:00,99437.39999999998
2025-06-02 15:20:00,99437.39999999998
2025-06-02 15:25:00,99437.39999999998
2025-06-02 15:30:00,99437.39999999998
2025-06-03 09:15:00,99437.39999999998
2025-06-03 09:20:00,99437.39999999998
2025-06-03 09:25:00,99437.39999999998
2025-06-03 09:30:00,99437.39999999998
2025-06-03 09:35:00,99437.39999999998
2025-06-03 09:40:00,99437.39999999998
2025-06-03 09:45:00,99437.39999999998
2025-06-03 09:50:00,99437.39999999998
2025-06-03 09:55:00,99437.39999999998
2025-06-03 10:00:00,99437.39999999998
2025-06-03 10:05:00,99437.39999999998
2025-06-03 10:10:00,99437.39999999998
2025-06-03 10:15:00,99437.39999999998
2025-06-03 10:20:00,99437.39999999998
2025-06-03 10:25:00,99437.39999999998
2025-06-03 10:30:00,99437.39999999998
2025-06-03 10:35:00,99437.39999999998
2025-06-03 10:40:00,99437.39999999998
2025-06-03 10:45:00,99437.39999999998
2025-06-03 10:50:00,99437.39999999998
2025-06-03 10:55:00,99437.39999999998
2025-06-03 11:00:00,99437.39999999998
2025-06-03 11:05:00,99437.39999999998
2025-06-03 11:10:00,99437.39999999998
2025-06-03 11:15:00,99437.39999999998
2025-06-03 11:20:00,99437.39999999998
2025-06-03 11:25:00,99437.39999999998
2025-06-03 11:30:00,99437.39999999998
2025-06-03 11:35:00,99437.39999999998
2025-06-03 11:40:00,99437.39999999998
2025-06-03 11:45:00,99437.39999999998
2025-06-03 11:50:00,99437.39999999998
2025-06-03 11:55:00,99437.39999999998
2025-06-03 12:00:00,99437.39999999998
2025-06-03 12:05:00,99437.39999999998
2025-06-03 12:10:00,99437.39999999998
2025-06-03 12:15:00,99437.39999999998
2025-06-03 12:20:00,99437.39999999998
2025-06-03 12:25:00,99437.39999999998
2025-06-03 12:30:00,99437.39999999998
2025-06-03 12:35:00,99437.39999999998
2025-06-03 12:40:00,99437.39999999998
2025-06-03 12:45:00,99437.39999999998
2025-06-03 12:50:00,99437.39999999998
2025-06-03 12:55:00,99437.39999999998
2025-06-03 13:00:00,99437.39999999998
2025-06-03 13:05:00,99437.39999999998
2025-06-03 13:10:00,99437.39999999998
2025-06-03 13:15:00,99437.39999999998
2025-06-03 13:20:00,99437.39999999998
2025-06-03 13:25:00,99437.39999999998
2025-06-03 13:30:00,99437.39999999998
2025-06-03 13:35:00,99437.39999999998
2025-06-03 13:40:00,99437.39999999998
2025-06-03 13:45:00,99437.39999999998
2025-06-03 13:50:00,99437.39999999998
2025-06-03 13:55:00,99437.39999999998
2025-06-03 14:00:00,99437.39999999998
2025-06-03 14:05:00,99437.39999999998
2025-06-03 14:10:00,99437.39999999998
2025-06-03 14:15:00,99437.39999999998
2025-06-03 14:20:00,99437.39999999998
2025-06-03 14:25:00,99437.39999999998
2025-06-03 14:30:00,99437.39999999998
2025-06-03 14:35:00,99437.39999999998
2025-06-03 14:40:00,99437.39999999998
2025-06-03 14:45:00,99437.39999999998
2025-06-03 14:50:00,99437.39999999998
2025-06-03 14:55:00,99437.39999999998
2025-06-03 15:00:00,99437.39999999998
2025-06-03 15:05:00,99437.39999999998
2025-06-03 15:10:00,99437.39999999998
2025-06-03 15:15:00,99437.39999999998
2025-06-03 15:20:00,99437.39999999998
2025-06-03 15:25:00,99437.39999999998
2025-06-03 15:30:00,99437.39999999998
2025-06-04 09:15:00,99437.39999999998
2025-06-04 09:20:00,99437.39999999998
2025-06-04 09:25:00,99437.39999999998
2025-06-04 09:30:00,99437.39999999998
2025-06-04 09:35:00,99437.39999999998
2025-06-04 09:40:00,99437.39999999998
2025-06-04 09:45:00,99437.39999999998
2025-06-04 09:50:00,99437.39999999998
2025-06-04 09:55:00,99437.39999999998
2025-06-04 10:00:00,99437.39999999998
2025-06-04 10:05:00,99437.39999999998
2025-06-04 10:10:00,99437.39999999998
2025-06-04 10:15:00,99437.39999999998
2025-06-04 10:20:00,99437.39999999998
2025-06-04 10:25:00,99437.39999999998
2025-06-04 10:30:00,99437.39999999998
2025-06-04 10:35:00,99437.39999999998
2025-06-04 10:40:00,99437.39999999998
2025-06-04 10:45:00,99437.39999999998
2025-06-04 10:50:00,99437.39999999998
2025-06-04 10:55:00,99437.39999999998
2025-06-04 11:00:00,99437.39999999998
2025-06-04 11:05:00,99437.39999999998
2025-06-04 11:10:00,99437.39999999998
2025-06-04 11:15:00,99437.39999999998
2025-06-04 11:20:00,99437.39999999998
2025-06-04 11:25:00,99437.39999999998
2025-06-04 11:30:00,99437.39999999998
2025-06-04 11:35:00,99437.39999999998
2025-06-04 11:40:00,99437.39999999998
2025-06-04 11:45:00,99437.39999999998
2025-06-04 11:50:00,99437.39999999998
2025-06-04 11:55:00,99437.39999999998
2025-06-04 12:00:00,99437.39999999998
2025-06-04 12:05:00,99437.39999999998
2025-06-04 12:10:00,99437.39999999998
2025-06-04 12:15:00,99437.39999999998
2025-06-04 12:20:00,99437.39999999998
2025-06-04 12:25:00,99437.39999999998
2025-06-04 12:30:00,99437.39999999998
2025-06-04 12:35:00,99437.39999999998
2025-06-04 12:40:00,99437.39999999998
2025-06-04 12:45:00,99437.39999999998
2025-06-04 12:50:00,99437.39999999998
2025-06-04 12:55:00,99437.39999999998
2025-06-04 13:00:00,99437.39999999998
2025-06-04 13:05:00,99437.39999999998
2025-06-04 13:10:00,99437.39999999998
2025-06-04 13:15:00,99437.39999999998
2025-06-04 13:20:00,99437.39999999998
2025-06-04 13:25:00,99437.39999999998
2025-06-04 13:30:00,99437.39999999998
2025-06-04 13:35:00,99437.39999999998
2025-06-04 13:40:00,99437.39999999998
2025-06-04 13:45:00,99437.39999999998
2025-06-04 13:50:00,99437.39999999998
2025-06-04 13:55:00,99437.39999999998
2025-06-04 14:00:00,99437.39999999998
2025-06-04 14:05:00,99437.39999999998
2025-06-04 14:10:00,99437.39999999998
2025-06-04 14:15:00,99437.39999999998
2025-06-04 14:20:00,99437.39999999998
2025-06-04 14:25:00,99437.39999999998
2025-06-04 14:30:00,99437.39999999998
2025-06-04 14:35:00,99437.39999999998
2025-06-04 14:40:00,99437.39999999998
2025-06-04 14:45:00,99437.39999999998
2025-06-04 14:50:00,99437.39999999998
2025-06-04 14:55:00,99437.39999999998
2025-06-04 15:00:00,99437.39999999998
2025-06-04 15:05:00,99437.39999999998
2025-06-04 15:10:00,99437.39999999998
2025-06-04 15:15:00,99437.39999999998
2025-06-04 15:20:00,99437.39999999998
2025-06-04 15:25:00,99437.39999999998
2025-06-04 15:30:00,99437.39999999998
2025-06-05 09:15:00,99437.39999999998
2025-06-05 09:20:00,99437.39999999998
2025-06-05 09:25:00,99437.39999999998
2025-06-05 09:30:00,99437.39999999998
2025-06-05 09:35:00,99437.39999999998
2025-06-05 09:40:00,99437.39999999998
2025-06-05 09:45:00,99437.39999999998
2025-06-05 09:50:00,99437.39999999998
2025-06-05 09:55:00,99437.39999999998
2025-06-05 10:00:00,99437.39999999998
2025-06-05 10:05:00,99437.39999999998
2025-06-05 10:10:00,99437.39999999998
2025-06-05 10:15:00,99437.39999999998
2025-06-05 10:20:00,99437.39999999998
2025-06-05 10:25:00,99437.39999999998
2025-06-05 10:30:00,99437.39999999998
2025-06-05 10:35:00,99437.39999999998
2025-06-05 10:40:00,99437.39999999998
2025-06-05 10:45:00,99437.39999999998
2025-06-05 10:50:00,99437.39999999998
2025-06-05 10:55:00,99437.39999999998
2025-06-05 11:00:00,99437.39999999998
2025-06-05 11:05:00,99437.39999999998
2025-06-05 11:10:00,99437.39999999998
2025-06-05 11:15:00,99437.39999999998
2025-06-05 11:20:00,99437.39999999998
2025-06-05 11:25:00,99437.39999999998
2025-06-05 11:30:00,99437.39999999998
2025-06-05 11:35:00,99437.39999999998
2025-06-05 11:40:00,99437.39999999998
2025-06-05 11:45:00,99437.39999999998
2025-06-05 11:50:00,99437.39999999998
2025-06-05 11:55:00,99437.39999999998
2025-06-05 12:00:00,99437.39999999998
2025-06-05 12:05:00,99437.39999999998
2025-06-05 12:10:00,99437.39999999998
2025-06-05 12:15:00,99437.39999999998
2025-06-05 12:20:00,99437.39999999998
2025-06-05 12:25:00,99437.39999999998
2025-06-05 12:30:00,99437.39999999998
2025-06-05 12:35:00,99437.39999999998
2025-06-05 12:40:00,99437.39999999998
2025-06-05 12:45:00,99437.39999999998
2025-06-05 12:50:00,99437.39999999998
2025-06-05 12:55:00,99437.39999999998
2025-06-05 13:00:00,99437.39999999998
2025-06-05 13:05:00,99437.39999999998
2025-06-05 13:10:00,99437.39999999998
2025-06-05 13:15:00,99437.39999999998
2025-06-05 13:20:00,99437.39999999998
2025-06-05 13:25:00,99437.39999999998
2025-06-05 13:30:00,99437.39999999998
2025-06-05 13:35:00,99437.39999999998
2025-06-05 13:40:00,99437.39999999998
2025-06-05 13:45:00,99437.39999999998
2025-06-05 13:50:00,99437.39999999998
2025-06-05 13:55:00,99437.39999999998
2025-06-05 14:00:00,99437.39999999998
2025-06-05 14:05:00,99437.39999999998
2025-06-05 14:10:00,99437.39999999998
2025-06-05 14:15:00,99437.39999999998
2025-06-05 14:20:00,99437.39999999998
2025-06-05 14:25:00,99437.39999999998
2025-06-05 14:30:00,99437.39999999998
2025-06-05 14:35:00,99437.39999999998
2025-06-05 14:40:00,99437.39999999998
2025-06-05 14:45:00,99437.39999999998
2025-06-05 14:50:00,99437.39999999998
2025-06-05 14:55:00,99437.39999999998
2025-06-05 15:00:00,99437.39999999998
2025-06-05 15:05:00,99437.39999999998
2025-06-05 15:10:00,99437.39999999998
2025-06-05 15:15:00,99437.39999999998
2025-06-05 15:20:00,99437.39999999998
2025-06-05 15:25:00,99437.39999999998
2025-06-05 15:30:00,99437.39999999998
2025-06-06 09:15:00,99437.39999999998
2025-06-06 09:20:00,99437.39999999998
2025-06-06 09:25:00,99437.39999999998
2025-06-06 09:30:00,99437.39999999998
2025-06-06 09:35:00,99437.39999999998
2025-06-06 09:40:00,99437.39999999998
2025-06-06 09:45:00,99437.39999999998
2025-06-06 09:50:00,99437.39999999998
2025-06-06 09:55:00,99437.39999999998
2025-06-06 10:00:00,99437.39999999998
2025-06-06 10:05:00,99437.39999999998
2025-06-06 10:10:00,99437.39999999998
2025-06-06 10:15:00,99437.39999999998
2025-06-06 10:20:00,99437.39999999998
2025-06-06 10:25:00,99437.39999999998
2025-06-06 10:30:00,99437.39999999998
2025-06-06 10:35:00,99437.39999999998
2025-06-06 10:40:00,99437.39999999998
2025-06-06 10:45:00,99437.39999999998
2025-06-06 10:50:00,99437.39999999998
2025-06-06 10:55:00,99437.39999999998
2025-06-06 11:00:00,99437.39999999998
2025-06-06 11:05:00,99437.39999999998
2025-06-06 11:10:00,99437.39999999998
2025-06-06 11:15:00,99437.39999999998
2025-06-06 11:20:00,99437.39999999998
2025-06-06 11:25:00,99437.39999999998
2025-06-06 11:30:00,99437.39999999998
2025-06-06 11:35:00,99437.39999999998
2025-06-06 11:40:00,99437.39999999998
2025-06-06 11:45:00,99437.39999999998
2025-06-06 11:50:00,99437.39999999998
2025-06-06 11:55:00,99437.39999999998
2025-06-06 12:00:00,99437.39999999998
2025-06-06 12:05:00,99437.39999999998
2025-06-06 12:10:00,99437.39999999998
2025-06-06 12:15:00,99437.39999999998
2025-06-06 12:20:00,99437.39999999998
2025-06-06 12:25:00,99437.39999999998
2025-06-06 12:30:00,99437.39999999998
2025-06-06 12:35:00,99437.39999999998
2025-06-06 12:40:00,99437.39999999998
2025-06-06 12:45:00,99437.39999999998
2025-06-06 12:50:00,99437.39999999998
2025-06-06 12:55:00,99437.39999999998
2025-06-06 13:00:00,99437.39999999998
2025-06-06 13:05:00,99437.39999999998
2025-06-06 13:10:00,99437.39999999998
2025-06-06 13:15:00,99437.39999999998
2025-06-06 13:20:00,99437.39999999998
2025-06-06 13:25:00,99437.39999999998
2025-06-06 13:30:00,99437.39999999998
2025-06-06 13:35:00,99437.39999999998
2025-06-06 13:40:00,99437.39999999998
2025-06-06 13:45:00,99437.39999999998
2025-06-06 13:50:00,99437.39999999998
2025-06-06 13:55:00,99437.39999999998
2025-06-06 14:00:00,99437.39999999998
2025-06-06 14:05:00,99437.39999999998
2025-06-06 14:10:00,99437.39999999998
2025-06-06 14:15:00,99437.39999999998
2025-06-06 14:20:00,99437.39999999998
2025-06-06 14:25:00,99437.39999999998
2025-06-06 14:30:00,99437.39999999998
2025-06-06 14:35:00,99437.39999999998
2025-06-06 14:40:00,99437.39999999998
2025-06-06 14:45:00,99437.39999999998
2025-06-06 14:50:00,99437.39999999998
2025-06-06 14:55:00,99437.39999999998
2025-06-06 15:00:00,99437.39999999998
2025-06-06 15:05:00,99437.39999999998
2025-06-06 15:10:00,99437.39999999998
2025-06-06 15:15:00,99437.39999999998
2025-06-06 15:20:00,99437.39999999998
2025-06-06 15:25:00,99437.39999999998
2025-06-06 15:30:00,99437.39999999998
2025-06-09 09:15:00,99437.39999999998
2025-06-09 09:20:00,99437.39999999998
2025-06-09 09:25:00,99437.39999999998
2025-06-09 09:30:00,99437.39999999998
2025-06-09 09:35:00,99437.39999999998
2025-06-09 09:40:00,99437.39999999998
2025-06-09 09:45:00,99437.39999999998
2025-06-09 09:50:00,99437.39999999998
2025-06-09 09:55:00,99437.39999999998
2025-06-09 10:00:00,99437.39999999998
2025-06-09 10:05:00,99437.39999999998
2025-06-09 10:10:00,99437.39999999998
2025-06-09 10:15:00,99437.39999999998
2025-06-09 10:20:00,99437.39999999998
2025-06-09 10:25:00,99437.39999999998
2025-06-09 10:30:00,99437.39999999998
2025-06-09 10:35:00,99437.39999999998
2025-06-09 10:40:00,99437.39999999998
2025-06-09 10:45:00,99437.39999999998
2025-06-09 10:50:00,99437.39999999998
2025-06-09 10:55:00,99437.39999999998
2025-06-09 11:00:00,99437.39999999998
2025-06-09 11:05:00,99437.39999999998
2025-06-09 11:10:00,99437.39999999998
2025-06-09 11:15:00,99437.39999999998
2025-06-09 11:20:00,99437.39999999998
2025-06-09 11:25:00,99437.39999999998
2025-06-09 11:30:00,99437.39999999998
2025-06-09 11:35:00,99437.39999999998
2025-06-09 11:40:00,99437.39999999998
2025-06-09 11:45:00,99437.39999999998
2025-06-09 11:50:00,99437.39999999998
2025-06-09 11:55:00,99437.39999999998
2025-06-09 12:00:00,99437.39999999998
2025-06-09 12:05:00,99437.39999999998
2025-06-09 12:10:00,99437.39999999998
2025-06-09 12:15:00,99437.39999999998
2025-06-09 12:20:00,99437.39999999998
2025-06-09 12:25:00,99437.39999999998
2025-06-09 12:30:00,99437.39999999998
2025-06-09 12:35:00,99437.39999999998
2025-06-09 12:40:00,99437.39999999998
2025-06-09 12:45:00,99437.39999999998
2025-06-09 12:50:00,99437.39999999998
2025-06-09 12:55:00,99437.39999999998
2025-06-09 13:00:00,99437.39999999998
2025-06-09 13:05:00,99437.39999999998
2025-06-09 13:10:00,99437.39999999998
2025-06-09 13:15:00,99437.39999999998
2025-06-09 13:20:00,99437.39999999998
2025-06-09 13:25:00,99437.39999999998
2025-06-09 13:30:00,99437.39999999998
2025-06-09 13:35:00,99437.39999999998
2025-06-09 13:40:00,99437.39999999998
2025-06-09 13:45:00,99437.39999999998
2025-06-09 13:50:00,99437.39999999998
2025-06-09 13:55:00,99437.39999999998
2025-06-09 14:00:00,99437.39999999998
2025-06-09 14:05:00,99437.39999999998
2025-06-09 14:10:00,99437.39999999998
2025-06-09 14:15:00,99437.39999999998
2025-06-09 14:20:00,99437.39999999998
2025-06-09 14:25:00,99437.39999999998
2025-06-09 14:30:00,99437.39999999998
2025-06-09 14:35:00,99437.39999999998
2025-06-09 14:40:00,99437.39999999998
2025-06-09 14:45:00,99437.39999999998
2025-06-09 14:50:00,99437.39999999998
2025-06-09 14:55:00,99437.39999999998
2025-06-09 15:00:00,99437.39999999998
2025-06-09 15:05:00,99437.39999999998
2025-06-09 15:10:00,99437.39999999998
2025-06-09 15:15:00,99437.39999999998
2025-06-09 15:20:00,99437.39999999998
2025-06-09 15:25:00,99437.39999999998
2025-06-09 15:30:00,99437.39999999998
2025-06-10 09:15:00,99437.39999999998
2025-06-10 09:20:00,99437.39999999998
2025-06-10 09:25:00,99437.39999999998
2025-06-10 09:30:00,99437.39999999998
2025-06-10 09:35:00,99437.39999999998
2025-06-10 09:40:00,99437.39999999998
2025-06-10 09:45:00,99437.39999999998
2025-06-10 09:50:00,99437.39999999998
2025-06-10 09:55:00,99437.39999999998
2025-06-10 10:00:00,99437.39999999998
2025-06-10 10:05:00,99437.39999999998
2025-06-10 10:10:00,99437.39999999998
2025-06-10 10:15:00,99437.39999999998
2025-06-10 10:20:00,99437.39999999998
2025-06-10 10:25:00,99437.39999999998
2025-06-10 10:30:00,99437.39999999998
2025-06-10 10:35:00,99437.39999999998
2025-06-10 10:40:00,99437.39999999998
2025-06-10 10:45:00,99437.39999999998
2025-06-10 10:50:00,99437.39999999998
2025-06-10 10:55:00,99437.39999999998
2025-06-10 11:00:00,99437.39999999998
2025-06-10 11:05:00,99437.39999999998
2025-06-10 11:10:00,99437.39999999998
2025-06-10 11:15:00,99437.39999999998
2025-06-10 11:20:00,99437.39999999998
2025-06-10 11:25:00,99437.39999999998
2025-06-10 11:30:00,99437.39999999998
2025-06-10 11:35:00,99437.39999999998
2025-06-10 11:40:00,99437.39999999998
2025-06-10 11:45:00,99437.39999999998
2025-06-10 11:50:00,99437.39999999998
2025-06-10 11:55:00,99437.39999999998
2025-06-10 12:00:00,99437.39999999998
2025-06-10 12:05:00,99437.39999999998
2025-06-10 12:10:00,99437.39999999998
2025-06-10 12:15:00,99437.39999999998
2025-06-10 12:20:00,99437.39999999998
2025-06-10 12:25:00,99437.39999999998
2025-06-10 12:30:00,99437.39999999998
2025-06-10 12:35:00,99437.39999999998
2025-06-10 12:40:00,99437.39999999998
2025-06-10 12:45:00,99437.39999999998
2025-06-10 12:50:00,99437.39999999998
2025-06-10 12:55:00,99437.39999999998
2025-06-10 13:00:00,99437.39999999998
2025-06-10 13:05:00,99437.39999999998
2025-06-10 13:10:00,99437.39999999998
2025-06-10 13:15:00,99437.39999999998
2025-06-10 13:20:00,99437.39999999998
2025-06-10 13:25:00,99437.39999999998
2025-06-10 13:30:00,99437.39999999998
2025-06-10 13:35:00,99437.39999999998
2025-06-10 13:40:00,99437.39999999998
2025-06-10 13:45:00,99437.39999999998
2025-06-10 13:50:00,99437.39999999998
2025-06-10 13:55:00,99437.39999999998
2025-06-10 14:00:00,99437.39999999998
2025-06-10 14:05:00,99437.39999999998
2025-06-10 14:10:00,99437.39999999998
2025-06-10 14:15:00,99437.39999999998
2025-06-10 14:20:00,99437.39999999998
2025-06-10 14:25:00,99437.39999999998
2025-06-10 14:30:00,99437.39999999998
2025-06-10 14:35:00,99437.39999999998
2025-06-10 14:40:00,99437.39999999998
2025-06-10 14:45:00,99437.39999999998
2025-06-10 14:50:00,99437.39999999998
2025-06-10 14:55:00,99437.39999999998
2025-06-10 15:00:00,99437.39999999998
2025-06-10 15:05:00,99437.39999999998
2025-06-10 15:10:00,99437.39999999998
2025-06-10 15:15:00,99437.39999999998
2025-06-10 15:20:00,99437.39999999998
2025-06-10 15:25:00,99437.39999999998
2025-06-10 15:30:00,99437.39999999998
2025-06-11 09:15:00,99437.39999999998
2025-06-11 09:20:00,99437.39999999998
2025-06-11 09:25:00,99437.39999999998
2025-06-11 09:30:00,99437.39999999998
2025-06-11 09:35:00,99437.39999999998
2025-06-11 09:40:00,99437.39999999998
2025-06-11 09:45:00,99437.39999999998
2025-06-11 09:50:00,99437.39999999998
2025-06-11 09:55:00,99437.39999999998
2025-06-11 10:00:00,99437.39999999998
2025-06-11 10:05:00,99437.39999999998
2025-06-11 10:10:00,99437.39999999998
2025-06-11 10:15:00,99437.39999999998
2025-06-11 10:20:00,99437.39999999998
2025-06-11 10:25:00,99437.39999999998
2025-06-11 10:30:00,99437.39999999998
2025-06-11 10:35:00,99437.39999999998
2025-06-11 10:40:00,99437.39999999998
2025-06-11 10:45:00,99437.39999999998
2025-06-11 10:50:00,99437.39999999998
2025-06-11 10:55:00,99437.39999999998
2025-06-11 11:00:00,99437.39999999998
2025-06-11 11:05:00,99437.39999999998
2025-06-11 11:10:00,99437.39999999998
2025-06-11 11:15:00,99437.39999999998
2025-06-11 11:20:00,99437.39999999998
2025-06-11 11:25:00,99437.39999999998
2025-06-11 11:30:00,99437.39999999998
2025-06-11 11:35:00,99437.39999999998
2025-06-11 11:40:00,99437.39999999998
2025-06-11 11:45:00,99437.39999999998
2025-06-11 11:50:00,99437.39999999998
2025-06-11 11:55:00,99437.39999999998
2025-06-11 12:00:00,99437.39999999998
2025-06-11 12:05:00,99437.39999999998
2025-06-11 12:10:00,99437.39999999998
2025-06-11 12:15:00,99437.39999999998
2025-06-11 12:20:00,99437.39999999998
2025-06-11 12:25:00,99437.39999999998
2025-06-11 12:30:00,99437.39999999998
2025-06-11 12:35:00,99437.39999999998
2025-06-11 12:40:00,99437.39999999998
2025-06-11 12:45:00,99437.39999999998
2025-06-11 12:50:00,99437.39999999998
2025-06-11 12:55:00,99437.39999999998
2025-06-11 13:00:00,99437.39999999998
2025-06-11 13:05:00,99437.39999999998
2025-06-11 13:10:00,99437.39999999998
2025-06-11 13:15:00,99437.39999999998
2025-06-11 13:20:00,99437.39999999998
2025-06-11 13:25:00,99437.39999999998
2025-06-11 13:30:00,99437.39999999998
2025-06-11 13:35:00,99437.39999999998
2025-06-11 13:40:00,99437.39999999998
2025-06-11 13:45:00,99437.39999999998
2025-06-11 13:50:00,99437.39999999998
2025-06-11 13:55:00,99437.39999999998
2025-06-11 14:00:00,99437.39999999998
2025-06-11 14:05:00,99437.39999999998
2025-06-11 14:10:00,99437.39999999998
2025-06-11 14:15:00,99437.39999999998
2025-06-11 14:20:00,99437.39999999998
2025-06-11 14:25:00,99437.39999999998
2025-06-11 14:30:00,99437.39999999998
2025-06-11 14:35:00,99437.39999999998
2025-06-11 14:40:00,99437.39999999998
2025-06-11 14:45:00,99437.39999999998
2025-06-11 14:50:00,99437.39999999998
2025-06-11 14:55:00,99437.39999999998
2025-06-11 15:00:00,99437.39999999998
2025-06-11 15:05:00,99437.39999999998
2025-06-11 15:10:00,99437.39999999998
2025-06-11 15:15:00,99437.39999999998
2025-06-11 15:20:00,99437.39999999998
2025-06-11 15:25:00,99437.39999999998
2025-06-11 15:30:00,99437.39999999998
2025-06-12 09:15:00,99437.39999999998
2025-06-12 09:20:00,99437.39999999998
2025-06-12 09:25:00,99437.39999999998
2025-06-12 09:30:00,99437.39999999998
2025-06-12 09:35:00,99437.39999999998
2025-06-12 09:40:00,99437.39999999998
2025-06-12 09:45:00,99437.39999999998
2025-06-12 09:50:00,99437.39999999998
2025-06-12 09:55:00,99437.39999999998
2025-06-12 10:00:00,99437.39999999998
2025-06-12 10:05:00,99437.39999999998
2025-06-12 10:10:00,99437.39999999998
2025-06-12 10:15:00,99437.39999999998
2025-06-12 10:20:00,99437.39999999998
2025-06-12 10:25:00,99437.39999999998
2025-06-12 10:30:00,99437.39999999998
2025-06-12 10:35:00,99437.39999999998
2025-06-12 10:40:00,99437.39999999998
2025-06-12 10:45:00,99437.39999999998
2025-06-12 10:50:00,99437.39999999998
2025-06-12 10:55:00,99437.39999999998
2025-06-12 11:00:00,99437.39999999998
2025-06-12 11:05:00,99437.39999999998
2025-06-12 11:10:00,99437.39999999998
2025-06-12 11:15:00,99437.39999999998
2025-06-12 11:20:00,99437.39999999998
2025-06-12 11:25:00,99437.39999999998
2025-06-12 11:30:00,99437.39999999998
2025-06-12 11:35:00,99437.39999999998
2025-06-12 11:40:00,99437.39999999998
2025-06-12 11:45:00,99437.39999999998
2025-06-12 11:50:00,99437.39999999998
2025-06-12 11:55:00,99437.39999999998
2025-06-12 12:00:00,99437.39999999998
2025-06-12 12:05:00,99437.39999999998
2025-06-12 12:10:00,99437.39999999998
2025-06-12 12:15:00,99437.39999999998
2025-06-12 12:20:00,99437.39999999998
2025-06-12 12:25:00,99437.39999999998
2025-06-12 12:30:00,99437.39999999998
2025-06-12 12:35:00,99437.39999999998
2025-06-12 12:40:00,99437.39999999998
2025-06-12 12:45:00,99437.39999999998
2025-06-12 12:50:00,99437.39999999998
2025-06-12 12:55:00,99437.39999999998
2025-06-12 13:00:00,99437.39999999998
2025-06-12 13:05:00,99437.39999999998
2025-06-12 13:10:00,99437.39999999998
2025-06-12 13:15:00,99437.39999999998
2025-06-12 13:20:00,99437.39999999998
2025-06-12 13:25:00,99437.39999999998
2025-06-12 13:30:00,99437.39999999998
2025-06-12 13:35:00,99437.39999999998
2025-06-12 13:40:00,99437.39999999998
2025-06-12 13:45:00,99437.39999999998
2025-06-12 13:50:00,99437.39999999998
2025-06-12 13:55:00,99437.39999999998
2025-06-12 14:00:00,99437.39999999998
2025-06-12 14:05:00,99437.39999999998
2025-06-12 14:10:00,99437.39999999998
2025-06-12 14:15:00,99437.39999999998
2025-06-12 14:20:00,99437.39999999998
2025-06-12 14:25:00,99437.39999999998
2025-06-12 14:30:00,99437.39999999998
2025-06-12 14:35:00,99437.39999999998
2025-06-12 14:40:00,99437.39999999998
2025-06-12 14:45:00,99437.39999999998
2025-06-12 14:50:00,99437.39999999998
2025-06-12 14:55:00,99437.39999999998
2025-06-12 15:00:00,99437.39999999998
2025-06-12 15:05:00,99437.39999999998
2025-06-12 15:10:00,99437.39999999998
2025-06-12 15:15:00,99437.39999999998
2025-06-12 15:20:00,99437.39999999998
2025-06-12 15:25:00,99437.39999999998
2025-06-12 15:30:00,99437.39999999998
2025-06-13 09:15:00,99437.39999999998
2025-06-13 09:20:00,99437.39999999998
2025-06-13 09:25:00,99437.39999999998
2025-06-13 09:30:00,99437.39999999998
2025-06-13 09:35:00,99437.39999999998
2025-06-13 09:40:00,99437.39999999998
2025-06-13 09:45:00,99437.39999999998
2025-06-13 09:50:00,99437.39999999998
2025-06-13 09:55:00,99437.39999999998
2025-06-13 10:00:00,99437.39999999998
2025-06-13 10:05:00,99437.39999999998
2025-06-13 10:10:00,99437.39999999998
2025-06-13 10:15:00,99437.39999999998
2025-06-13 10:20:00,99437.39999999998
2025-06-13 10:25:00,99437.39999999998
2025-06-13 10:30:00,99437.39999999998
2025-06-13 10:35:00,99437.39999999998
2025-06-13 10:40:00,99437.39999999998
2025-06-13 10:45:00,99437.39999999998
2025-06-13 10:50:00,99437.39999999998
2025-06-13 10:55:00,99437.39999999998
2025-06-13 11:00:00,99437.39999999998
2025-06-13 11:05:00,99397.56999999998
2025-06-13 11:10:00,99397.56999999998
2025-06-13 11:15:00,99397.56999999998
2025-06-13 11:20:00,99397.56999999998
2025-06-13 11:25:00,99397.56999999998
2025-06-13 11:30:00,99397.56999999998
2025-06-13 11:35:00,99397.56999999998
2025-06-13 11:40:00,99397.56999999998
2025-06-13 11:45:00,99397.56999999998
2025-06-13 11:50:00,99397.56999999998
2025-06-13 11:55:00,99397.56999999998
2025-06-13 12:00:00,99397.56999999998
2025-06-13 12:05:00,99397.56999999998
2025-06-13 12:10:00,99397.56999999998
2025-06-13 12:15:00,99397.56999999998
2025-06-13 12:20:00,99397.56999999998
2025-06-13 12:25:00,99397.56999999998
2025-06-13 12:30:00,99397.56999999998
2025-06-13 12:35:00,99397.56999999998
2025-06-13 12:40:00,99397.56999999998
2025-06-13 12:45:00,99397.56999999998
2025-06-13 12:50:00,99397.56999999998
2025-06-13 12:55:00,99397.56999999998
2025-06-13 13:00:00,99397.56999999998
2025-06-13 13:05:00,99397.56999999998
2025-06-13 13:10:00,99397.56999999998
2025-06-13 13:15:00,99397.56999999998
2025-06-13 13:20:00,99397.56999999998
2025-06-13 13:25:00,99397.56999999998
2025-06-13 13:30:00,99397.56999999998
2025-06-13 13:35:00,99397.56999999998
2025-06-13 13:40:00,99397.56999999998
2025-06-13 13:45:00,99397.56999999998
2025-06-13 13:50:00,99397.56999999998
2025-06-13 13:55:00,99397.56999999998
2025-06-13 14:00:00,99397.56999999998
2025-06-13 14:05:00,99397.56999999998
2025-06-13 14:10:00,99397.56999999998
2025-06-13 14:15:00,99397.56999999998
2025-06-13 14:20:00,99397.56999999998
2025-06-13 14:25:00,99397.56999999998
2025-06-13 14:30:00,99397.56999999998
2025-06-13 14:35:00,99397.56999999998
2025-06-13 14:40:00,99397.56999999998
2025-06-13 14:45:00,99397.56999999998
2025-06-13 14:50:00,99397.56999999998
2025-06-13 14:55:00,99397.56999999998
2025-06-13 15:00:00,99397.56999999998
2025-06-13 15:05:00,99397.56999999998
2025-06-13 15:10:00,99397.56999999998
2025-06-13 15:15:00,99397.56999999998
2025-06-13 15:20:00,99397.56999999998
2025-06-13 15:25:00,99397.56999999998
2025-06-13 15:30:00,99397.56999999998
2025-06-16 09:15:00,99499.27999999998
2025-06-16 09:20:00,99499.27999999998
2025-06-16 09:25:00,99499.27999999998
2025-06-16 09:30:00,99499.27999999998
2025-06-16 09:35:00,99499.27999999998
2025-06-16 09:40:00,99499.27999999998
2025-06-16 09:45:00,99499.27999999998
2025-06-16 09:50:00,99499.27999999998
2025-06-16 09:55:00,99499.27999999998
2025-06-16 10:00:00,99499.27999999998
2025-06-16 10:05:00,99499.27999999998
2025-06-16 10:10:00,99499.27999999998
2025-06-16 10:15:00,99499.27999999998
2025-06-16 10:20:00,99499.27999999998
2025-06-16 10:25:00,99499.27999999998
2025-06-16 10:30:00,99499.27999999998
2025-06-16 10:35:00,99499.27999999998
2025-06-16 10:40:00,99499.27999999998
2025-06-16 10:45:00,99499.27999999998
2025-06-16 10:50:00,99499.27999999998
2025-06-16 10:55:00,99499.27999999998
2025-06-16 11:00:00,99499.27999999998
2025-06-16 11:05:00,99499.27999999998
2025-06-16 11:10:00,99499.27999999998
2025-06-16 11:15:00,99499.27999999998
2025-06-16 11:20:00,99438.99999999997
2025-06-16 11:25:00,99438.99999999997
2025-06-16 11:30:00,99438.99999999997
2025-06-16 11:35:00,99438.99999999997
2025-06-16 11:40:00,99438.99999999997
2025-06-16 11:45:00,99438.99999999997
2025-06-16 11:50:00,99438.99999999997
2025-06-16 11:55:00,99438.99999999997
2025-06-16 12:00:00,99438.99999999997
2025-06-16 12:05:00,99438.99999999997
2025-06-16 12:10:00,99438.99999999997
2025-06-16 12:15:00,99438.99999999997
2025-06-16 12:20:00,99438.99999999997
2025-06-16 12:25:00,99438.99999999997
2025-06-16 12:30:00,99407.84999999998
2025-06-16 12:35:00,99407.84999999998
2025-06-16 12:40:00,99407.84999999998
2025-06-16 12:45:00,99407.84999999998
2025-06-16 12:50:00,99407.84999999998
2025-06-16 12:55:00,99407.84999999998
2025-06-16 13:00:00,99407.84999999998
2025-06-16 13:05:00,99333.45999999998
2025-06-16 13:10:00,99333.45999999998
2025-06-16 13:15:00,99333.45999999998
2025-06-16 13:20:00,99333.45999999998
2025-06-16 13:25:00,99333.45999999998
2025-06-16 13:30:00,99333.45999999998
2025-06-16 13:35:00,99333.45999999998
2025-06-16 13:40:00,99333.45999999998
2025-06-16 13:45:00,99333.45999999998
2025-06-16 13:50:00,99333.45999999998
2025-06-16 13:55:00,99333.45999999998
2025-06-16 14:00:00,99333.45999999998
2025-06-16 14:05:00,99304.32999999999
2025-06-16 14:10:00,99304.32999999999
2025-06-16 14:15:00,99304.32999999999
2025-06-16 14:20:00,99304.32999999999
2025-06-16 14:25:00,99304.32999999999
2025-06-16 14:30:00,99304.32999999999
2025-06-16 14:35:00,99304.32999999999
2025-06-16 14:40:00,99304.32999999999
2025-06-16 14:45:00,99304.32999999999
2025-06-16 14:50:00,99304.32999999999
2025-06-16 14:55:00,99304.32999999999
2025-06-16 15:00:00,99304.32999999999
2025-06-16 15:05:00,99304.32999999999
2025-06-16 15:10:00,99304.32999999999
2025-06-16 15:15:00,99304.32999999999
2025-06-16 15:20:00,99304.32999999999
2025-06-16 15:25:00,99304.32999999999
2025-06-16 15:30:00,99304.32999999999
2025-06-17 09:15:00,99304.32999999999
2025-06-17 09:20:00,99304.32999999999
2025-06-17 09:25:00,99304.32999999999
2025-06-17 09:30:00,99304.32999999999
2025-06-17 09:35:00,99271.88999999998
2025-06-17 09:40:00,99271.88999999998
2025-06-17 09:45:00,99271.88999999998
2025-06-17 09:50:00,99271.88999999998
2025-06-17 09:55:00,99271.88999999998
2025-06-17 10:00:00,99271.88999999998
2025-06-17 10:05:00,99271.88999999998
2025-06-17 10:10:00,99271.88999999998
2025-06-17 10:15:00,99271.88999999998
2025-06-17 10:20:00,99271.88999999998
2025-06-17 10:25:00,99271.88999999998
2025-06-17 10:30:00,99271.88999999998
2025-06-17 10:35:00,99271.88999999998
2025-06-17 10:40:00,99271.88999999998
2025-06-17 10:45:00,99271.88999999998
2025-06-17 10:50:00,99271.88999999998
2025-06-17 10:55:00,99271.88999999998
2025-06-17 11:00:00,99271.88999999998
2025-06-17 11:05:00,99271.88999999998
2025-06-17 11:10:00,99271.88999999998
2025-06-17 11:15:00,99271.88999999998
2025-06-17 11:20:00,99271.88999999998
2025-06-17 11:25:00,99271.88999999998
2025-06-17 11:30:00,99271.88999999998
2025-06-17 11:35:00,99271.88999999998
2025-06-17 11:40:00,99271.88999999998
2025-06-17 11:45:00,99271.88999999998
2025-06-17 11:50:00,99271.88999999998
2025-06-17 11:55:00,99271.88999999998
2025-06-17 12:00:00,99271.88999999998
2025-06-17 12:05:00,99271.88999999998
2025-06-17 12:10:00,99271.88999999998
2025-06-17 12:15:00,99271.88999999998
2025-06-17 12:20:00,99271.88999999998
2025-06-17 12:25:00,99271.88999999998
2025-06-17 12:30:00,99271.88999999998
2025-06-17 12:35:00,99271.88999999998
2025-06-17 12:40:00,99271.88999999998
2025-06-17 12:45:00,99271.88999999998
2025-06-17 12:50:00,99271.88999999998
2025-06-17 12:55:00,99271.88999999998
2025-06-17 13:00:00,99271.88999999998
2025-06-17 13:05:00,99271.88999999998
2025-06-17 13:10:00,99271.88999999998
2025-06-17 13:15:00,99271.88999999998
2025-06-17 13:20:00,99271.88999999998
2025-06-17 13:25:00,99271.88999999998
2025-06-17 13:30:00,99271.88999999998
2025-06-17 13:35:00,99271.88999999998
2025-06-17 13:40:00,99271.88999999998
2025-06-17 13:45:00,99271.88999999998
2025-06-17 13:50:00,99271.88999999998
2025-06-17 13:55:00,99271.88999999998
2025-06-17 14:00:00,99271.88999999998
2025-06-17 14:05:00,99271.88999999998
2025-06-17 14:10:00,99271.88999999998
2025-06-17 14:15:00,99271.88999999998
2025-06-17 14:20:00,99271.88999999998
2025-06-17 14:25:00,99513.85999999999
2025-06-17 14:30:00,99513.85999999999
2025-06-17 14:35:00,99513.85999999999
2025-06-17 14:40:00,99513.85999999999
2025-06-17 14:45:00,99513.85999999999
2025-06-17 14:50:00,99513.85999999999
2025-06-17 14:55:00,99470.48999999999
2025-06-17 15:00:00,99470.48999999999
2025-06-17 15:05:00,99470.48999999999
2025-06-17 15:10:00,99470.48999999999
2025-06-17 15:15:00,99470.48999999999
2025-06-17 15:20:00,99470.48999999999
2025-06-17 15:25:00,99470.48999999999
2025-06-17 15:30:00,99470.48999999999
2025-06-18 09:15:00,99470.48999999999
2025-06-18 09:20:00,99470.48999999999
2025-06-18 09:25:00,99470.48999999999
2025-06-18 09:30:00,99470.48999999999
2025-06-18 09:35:00,99470.48999999999
2025-06-18 09:40:00,99470.48999999999
2025-06-18 09:45:00,99470.48999999999
2025-06-18 09:50:00,99470.48999999999
2025-06-18 09:55:00,99470.48999999999
2025-06-18 10:00:00,99470.48999999999
2025-06-18 10:05:00,99470.48999999999
2025-06-18 10:10:00,99470.48999999999
2025-06-18 10:15:00,99470.48999999999
2025-06-18 10:20:00,99470.48999999999
2025-06-18 10:25:00,99470.48999999999
2025-06-18 10:30:00,99438.32999999999
2025-06-18 10:35:00,99438.32999999999
2025-06-18 10:40:00,99438.32999999999
2025-06-18 10:45:00,99438.32999999999
2025-06-18 10:50:00,99438.32999999999
2025-06-18 10:55:00,99438.32999999999
2025-06-18 11:00:00,99438.32999999999
2025-06-18 11:05:00,99438.32999999999
2025-06-18 11:10:00,99438.32999999999
2025-06-18 11:15:00,99438.32999999999
2025-06-18 11:20:00,99438.32999999999
2025-06-18 11:25:00,99438.32999999999
2025-06-18 11:30:00,99438.32999999999
2025-06-18 11:35:00,99438.32999999999
2025-06-18 11:40:00,99438.32999999999
2025-06-18 11:45:00,99438.32999999999
2025-06-18 11:50:00,99417.92999999998
2025-06-18 11:55:00,99417.92999999998
2025-06-18 12:00:00,99417.92999999998
2025-06-18 12:05:00,99417.92999999998
2025-06-18 12:10:00,99417.92999999998
2025-06-18 12:15:00,99417.92999999998
2025-06-18 12:20:00,99417.92999999998
2025-06-18 12:25:00,99417.92999999998
2025-06-18 12:30:00,99417.92999999998
2025-06-18 12:35:00,99417.92999999998
2025-06-18 12:40:00,99417.92999999998
2025-06-18 12:45:00,99417.92999999998
2025-06-18 12:50:00,99417.92999999998
2025-06-18 12:55:00,99417.92999999998
2025-06-18 13:00:00,99417.92999999998
2025-06-18 13:05:00,99417.92999999998
2025-06-18 13:10:00,99417.92999999998
2025-06-18 13:15:00,99417.92999999998
2025-06-18 13:20:00,99417.92999999998
2025-06-18 13:25:00,99417.92999999998
2025-06-18 13:30:00,99417.92999999998
2025-06-18 13:35:00,99417.92999999998
2025-06-18 13:40:00,99417.92999999998
2025-06-18 13:45:00,99452.28999999998
2025-06-18 13:50:00,99452.28999999998
2025-06-18 13:55:00,99452.28999999998
2025-06-18 14:00:00,99452.28999999998
2025-06-18 14:05:00,99452.28999999998
2025-06-18 14:10:00,99452.28999999998
2025-06-18 14:15:00,99452.28999999998
2025-06-18 14:20:00,99452.28999999998
2025-06-18 14:25:00,99452.28999999998
2025-06-18 14:30:00,99452.28999999998
2025-06-18 14:35:00,99452.28999999998
2025-06-18 14:40:00,99452.28999999998
2025-06-18 14:45:00,99452.28999999998
2025-06-18 14:50:00,99452.28999999998
2025-06-18 14:55:00,99452.28999999998
2025-06-18 15:00:00,99452.28999999998
2025-06-18 15:05:00,99452.28999999998
2025-06-18 15:10:00,99452.28999999998
2025-06-18 15:15:00,99452.28999999998
2025-06-18 15:20:00,99452.28999999998
2025-06-18 15:25:00,99452.28999999998
2025-06-18 15:30:00,99452.28999999998
2025-06-19 09:15:00,99452.28999999998
2025-06-19 09:20:00,99452.28999999998
2025-06-19 09:25:00,99452.28999999998
2025-06-19 09:30:00,99452.28999999998
2025-06-19 09:35:00,99452.28999999998
2025-06-19 09:40:00,99452.28999999998
2025-06-19 09:45:00,99452.28999999998
2025-06-19 09:50:00,99452.28999999998
2025-06-19 09:55:00,99452.28999999998
2025-06-19 10:00:00,99452.28999999998
2025-06-19 10:05:00,99452.28999999998
2025-06-19 10:10:00,99452.28999999998
2025-06-19 10:15:00,99452.28999999998
2025-06-19 10:20:00,99452.28999999998
2025-06-19 10:25:00,99452.28999999998
2025-06-19 10:30:00,99413.12999999998
2025-06-19 10:35:00,99413.12999999998
2025-06-19 10:40:00,99413.12999999998
2025-06-19 10:45:00,99413.12999999998
2025-06-19 10:50:00,99413.12999999998
2025-06-19 10:55:00,99413.12999999998
2025-06-19 11:00:00,99413.12999999998
2025-06-19 11:05:00,99413.12999999998
2025-06-19 11:10:00,99413.12999999998
2025-06-19 11:15:00,99413.12999999998
2025-06-19 11:20:00,99413.12999999998
2025-06-19 11:25:00,99413.12999999998
2025-06-19 11:30:00,99413.12999999998
2025-06-19 11:35:00,99413.12999999998
2025-06-19 11:40:00,99413.12999999998
2025-06-19 11:45:00,99413.12999999998
2025-06-19 11:50:00,99413.12999999998
2025-06-19 11:55:00,99413.12999999998
2025-06-19 12:00:00,99413.12999999998
2025-06-19 12:05:00,99413.12999999998
2025-06-19 12:10:00,99413.12999999998
2025-06-19 12:15:00,99413.12999999998
2025-06-19 12:20:00,99413.12999999998
2025-06-19 12:25:00,99413.12999999998
2025-06-19 12:30:00,99413.12999999998
2025-06-19 12:35:00,99413.12999999998
2025-06-19 12:40:00,99413.12999999998
2025-06-19 12:45:00,99413.12999999998
2025-06-19 12:50:00,99413.12999999998
2025-06-19 12:55:00,99413.12999999998
2025-06-19 13:00:00,99413.12999999998
2025-06-19 13:05:00,99413.12999999998
2025-06-19 13:10:00,99413.12999999998
2025-06-19 13:15:00,99413.12999999998
2025-06-19 13:20:00,99413.12999999998
2025-06-19 13:25:00,99413.12999999998
2025-06-19 13:30:00,99413.12999999998
2025-06-19 13:35:00,99413.12999999998
2025-06-19 13:40:00,99413.12999999998
2025-06-19 13:45:00,99413.12999999998
2025-06-19 13:50:00,99413.12999999998
2025-06-19 13:55:00,99413.12999999998
2025-06-19 14:00:00,99413.12999999998
2025-06-19 14:05:00,99413.12999999998
2025-06-19 14:10:00,99413.12999999998
2025-06-19 14:15:00,99406.24999999999
2025-06-19 14:20:00,99406.24999999999
2025-06-19 14:25:00,99406.24999999999
2025-06-19 14:30:00,99406.24999999999
2025-06-19 14:35:00,99406.24999999999
2025-06-19 14:40:00,99406.24999999999
2025-06-19 14:45:00,99406.24999999999
2025-06-19 14:50:00,99406.24999999999
2025-06-19 14:55:00,99406.24999999999
2025-06-19 15:00:00,99406.24999999999
2025-06-19 15:05:00,99406.24999999999
2025-06-19 15:10:00,99406.24999999999
2025-06-19 15:15:00,99406.24999999999
2025-06-19 15:20:00,99406.24999999999
2025-06-19 15:25:00,99406.24999999999
2025-06-19 15:30:00,99406.24999999999
2025-06-20 09:15:00,99406.24999999999
2025-06-20 09:20:00,99406.24999999999
2025-06-20 09:25:00,99406.24999999999
2025-06-20 09:30:00,99406.24999999999
2025-06-20 09:35:00,99406.24999999999
2025-06-20 09:40:00,99406.24999999999
2025-06-20 09:45:00,99406.24999999999
2025-06-20 09:50:00,99406.24999999999
2025-06-20 09:55:00,99406.24999999999
2025-06-20 10:00:00,99406.24999999999
2025-06-20 10:05:00,99406.24999999999
2025-06-20 10:10:00,99406.24999999999
2025-06-20 10:15:00,99406.24999999999
2025-06-20 10:20:00,99450.71999999999
2025-06-20 10:25:00,99450.71999999999
2025-06-20 10:30:00,99450.71999999999
2025-06-20 10:35:00,99450.71999999999
2025-06-20 10:40:00,99450.71999999999
2025-06-20 10:45:00,99450.71999999999
2025-06-20 10:50:00,99450.71999999999
2025-06-20 10:55:00,99450.71999999999
2025-06-20 11:00:00,99450.71999999999
2025-06-20 11:05:00,99450.71999999999
2025-06-20 11:10:00,99450.71999999999
2025-06-20 11:15:00,99450.71999999999
2025-06-20 11:20:00,99450.71999999999
2025-06-20 11:25:00,99450.71999999999
2025-06-20 11:30:00,99450.71999999999
2025-06-20 11:35:00,99450.71999999999
2025-06-20 11:40:00,99450.71999999999
2025-06-20 11:45:00,99450.71999999999
2025-06-20 11:50:00,99450.71999999999
2025-06-20 11:55:00,99450.71999999999
2025-06-20 12:00:00,99450.71999999999
2025-06-20 12:05:00,99450.71999999999
2025-06-20 12:10:00,99450.71999999999
2025-06-20 12:15:00,99450.71999999999
2025-06-20 12:20:00,99450.71999999999
2025-06-20 12:25:00,99450.71999999999
2025-06-20 12:30:00,99450.71999999999
2025-06-20 12:35:00,99450.71999999999
2025-06-20 12:40:00,99450.71999999999
2025-06-20 12:45:00,99450.71999999999
2025-06-20 12:50:00,99450.71999999999
2025-06-20 12:55:00,99450.71999999999
2025-06-20 13:00:00,99450.71999999999
2025-06-20 13:05:00,99450.71999999999
2025-06-20 13:10:00,99450.71999999999
2025-06-20 13:15:00,99450.71999999999
2025-06-20 13:20:00,99450.71999999999
2025-06-20 13:25:00,99450.71999999999
2025-06-20 13:30:00,99450.71999999999
2025-06-20 13:35:00,99450.71999999999
2025-06-20 13:40:00,99450.71999999999
2025-06-20 13:45:00,99450.71999999999
2025-06-20 13:50:00,99450.71999999999
2025-06-20 13:55:00,99450.71999999999
2025-06-20 14:00:00,99450.71999999999
2025-06-20 14:05:00,99450.71999999999
2025-06-20 14:10:00,99450.71999999999
2025-06-20 14:15:00,99450.71999999999
2025-06-20 14:20:00,99450.71999999999
2025-06-20 14:25:00,99450.71999999999
2025-06-20 14:30:00,99450.71999999999
2025-06-20 14:35:00,99450.71999999999
2025-06-20 14:40:00,99450.71999999999
2025-06-20 14:45:00,99450.71999999999
2025-06-20 14:50:00,99512.48999999999
2025-06-20 14:55:00,99512.48999999999
2025-06-20 15:00:00,99512.48999999999
2025-06-20 15:05:00,99512.48999999999
2025-06-20 15:10:00,99512.48999999999
2025-06-20 15:15:00,99512.48999999999
2025-06-20 15:20:00,99512.48999999999
2025-06-20 15:25:00,99512.48999999999
2025-06-20 15:30:00,99512.48999999999
2025-06-23 09:15:00,99512.48999999999
2025-06-23 09:20:00,99512.48999999999
2025-06-23 09:25:00,99512.48999999999
2025-06-23 09:30:00,99512.48999999999
2025-06-23 09:35:00,99512.48999999999
2025-06-23 09:40:00,99512.48999999999
2025-06-23 09:45:00,99512.48999999999
2025-06-23 09:50:00,99512.48999999999
2025-06-23 09:55:00,99512.48999999999
2025-06-23 10:00:00,99512.48999999999
2025-06-23 10:05:00,99490.44999999998
2025-06-23 10:10:00,99490.44999999998
2025-06-23 10:15:00,99490.44999999998
2025-06-23 10:20:00,99490.44999999998
2025-06-23 10:25:00,99490.44999999998
2025-06-23 10:30:00,99456.88999999998
2025-06-23 10:35:00,99456.88999999998
2025-06-23 10:40:00,99456.88999999998
2025-06-23 10:45:00,99456.88999999998
2025-06-23 10:50:00,99456.88999999998
2025-06-23 10:55:00,99456.88999999998
2025-06-23 11:00:00,99456.88999999998
2025-06-23 11:05:00,99456.88999999998
2025-06-23 11:10:00,99456.88999999998
2025-06-23 11:15:00,99456.88999999998
2025-06-23 11:20:00,99456.88999999998
2025-06-23 11:25:00,99456.88999999998
2025-06-23 11:30:00,99456.88999999998
2025-06-23 11:35:00,99456.88999999998
2025-06-23 11:40:00,99456.88999999998
2025-06-23 11:45:00,99456.88999999998
2025-06-23 11:50:00,99456.88999999998
2025-06-23 11:55:00,99456.88999999998
2025-06-23 12:00:00,99456.88999999998
2025-06-23 12:05:00,99430.29999999999
2025-06-23 12:10:00,99430.29999999999
2025-06-23 12:15:00,99430.29999999999
2025-06-23 12:20:00,99430.29999999999
2025-06-23 12:25:00,99430.29999999999
2025-06-23 12:30:00,99430.29999999999
2025-06-23 12:35:00,99430.29999999999
2025-06-23 12:40:00,99430.29999999999
2025-06-23 12:45:00,99430.29999999999
2025-06-23 12:50:00,99430.29999999999
2025-06-23 12:55:00,99430.29999999999
2025-06-23 13:00:00,99430.29999999999
2025-06-23 13:05:00,99430.29999999999
2025-06-23 13:10:00,99430.29999999999
2025-06-23 13:15:00,99430.29999999999
2025-06-23 13:20:00,99430.29999999999
2025-06-23 13:25:00,99430.29999999999
2025-06-23 13:30:00,99430.29999999999
2025-06-23 13:35:00,99430.29999999999
2025-06-23 13:40:00,99430.29999999999
2025-06-23 13:45:00,99430.29999999999
2025-06-23 13:50:00,99430.29999999999
2025-06-23 13:55:00,99430.29999999999
2025-06-23 14:00:00,99430.29999999999
2025-06-23 14:05:00,99430.29999999999
2025-06-23 14:10:00,99430.29999999999
2025-06-23 14:15:00,99430.29999999999
2025-06-23 14:20:00,99430.29999999999
2025-06-23 14:25:00,99430.29999999999
2025-06-23 14:30:00,99430.29999999999
2025-06-23 14:35:00,99430.29999999999
2025-06-23 14:40:00,99430.29999999999
2025-06-23 14:45:00,99430.29999999999
2025-06-23 14:50:00,99430.29999999999
2025-06-23 14:55:00,99430.29999999999
2025-06-23 15:00:00,99430.29999999999
2025-06-23 15:05:00,99430.29999999999
2025-06-23 15:10:00,99430.29999999999
2025-06-23 15:15:00,99430.29999999999
2025-06-23 15:20:00,99386.23
2025-06-23 15:25:00,99386.23
2025-06-23 15:30:00,99386.23
2025-06-24 09:15:00,99386.23
2025-06-24 09:20:00,99386.23
2025-06-24 09:25:00,99386.23
2025-06-24 09:30:00,99386.23
2025-06-24 09:35:00,99386.23
2025-06-24 09:40:00,99386.23
2025-06-24 09:45:00,99386.23
2025-06-24 09:50:00,99386.23
2025-06-24 09:55:00,99386.23
2025-06-24 10:00:00,99386.23
2025-06-24 10:05:00,99386.23
2025-06-24 10:10:00,99386.23
2025-06-24 10:15:00,99386.23
2025-06-24 10:20:00,99386.23
2025-06-24 10:25:00,99386.23
2025-06-24 10:30:00,99386.23
2025-06-24 10:35:00,99386.23
2025-06-24 10:40:00,99386.23
2025-06-24 10:45:00,99386.23
2025-06-24 10:50:00,99386.23
2025-06-24 10:55:00,99386.23
2025-06-24 11:00:00,99386.23
2025-06-24 11:05:00,99386.23
2025-06-24 11:10:00,99386.23
2025-06-24 11:15:00,99386.23
2025-06-24 11:20:00,99386.23
2025-06-24 11:25:00,99386.23
2025-06-24 11:30:00,99386.23
2025-06-24 11:35:00,99386.23
2025-06-24 11:40:00,99386.23
2025-06-24 11:45:00,99386.23
2025-06-24 11:50:00,99386.23
2025-06-24 11:55:00,99386.23
2025-06-24 12:00:00,99386.23
2025-06-24 12:05:00,99386.23
2025-06-24 12:10:00,99386.23
2025-06-24 12:15:00,99386.23
2025-06-24 12:20:00,99386.23
2025-06-24 12:25:00,99386.23
2025-06-24 12:30:00,99386.23
2025-06-24 12:35:00,99386.23
2025-06-24 12:40:00,99386.23
2025-06-24 12:45:00,99386.23
2025-06-24 12:50:00,99386.23
2025-06-24 12:55:00,99386.23
2025-06-24 13:00:00,99386.23
2025-06-24 13:05:00,99386.23
2025-06-24 13:10:00,99386.23
2025-06-24 13:15:00,99386.23
2025-06-24 13:20:00,99386.23
2025-06-24 13:25:00,99386.23
2025-06-24 13:30:00,99386.23
2025-06-24 13:35:00,99386.23
2025-06-24 13:40:00,99386.23
2025-06-24 13:45:00,99386.23
2025-06-24 13:50:00,99386.23
2025-06-24 13:55:00,99386.23
2025-06-24 14:00:00,99386.23
2025-06-24 14:05:00,99386.23
2025-06-24 14:10:00,99386.23
2025-06-24 14:15:00,99386.23
2025-06-24 14:20:00,99386.23
2025-06-24 14:25:00,99386.23
2025-06-24 14:30:00,99386.23
2025-06-24 14:35:00,99386.23
2025-06-24 14:40:00,99386.23
2025-06-24 14:45:00,99386.23
2025-06-24 14:50:00,99386.23
2025-06-24 14:55:00,99386.23
2025-06-24 15:00:00,99386.23
2025-06-24 15:05:00,99386.23
2025-06-24 15:10:00,99386.23
2025-06-24 15:15:00,99386.23
2025-06-24 15:20:00,99386.23
2025-06-24 15:25:00,99386.23
2025-06-24 15:30:00,99386.23
2025-06-25 09:15:00,99386.23
2025-06-25 09:20:00,99386.23
2025-06-25 09:25:00,99386.23
2025-06-25 09:30:00,99386.23
2025-06-25 09:35:00,99386.23
2025-06-25 09:40:00,99305.06999999999
2025-06-25 09:45:00,99305.06999999999
2025-06-25 09:50:00,99305.06999999999
2025-06-25 09:55:00,99305.06999999999
2025-06-25 10:00:00,99305.06999999999
2025-06-25 10:05:00,99305.06999999999
2025-06-25 10:10:00,99305.06999999999
2025-06-25 10:15:00,99276.38999999998
2025-06-25 10:20:00,99276.38999999998
2025-06-25 10:25:00,99276.38999999998
2025-06-25 10:30:00,99276.38999999998
2025-06-25 10:35:00,99276.38999999998
2025-06-25 10:40:00,99276.38999999998
2025-06-25 10:45:00,99276.38999999998
2025-06-25 10:50:00,99276.38999999998
2025-06-25 10:55:00,99276.38999999998
2025-06-25 11:00:00,99276.38999999998
2025-06-25 11:05:00,99276.38999999998
2025-06-25 11:10:00,99276.38999999998
2025-06-25 11:15:00,99276.38999999998
2025-06-25 11:20:00,99276.38999999998
2025-06-25 11:25:00,99276.38999999998
2025-06-25 11:30:00,99276.38999999998
2025-06-25 11:35:00,99276.38999999998
2025-06-25 11:40:00,99276.38999999998
2025-06-25 11:45:00,99276.38999999998
2025-06-25 11:50:00,99276.38999999998
2025-06-25 11:55:00,99276.38999999998
2025-06-25 12:00:00,99276.38999999998
2025-06-25 12:05:00,99276.38999999998
2025-06-25 12:10:00,99276.38999999998
2025-06-25 12:15:00,99276.38999999998
2025-06-25 12:20:00,99276.38999999998
2025-06-25 12:25:00,99276.38999999998
2025-06-25 12:30:00,99276.38999999998
2025-06-25 12:35:00,99276.38999999998
2025-06-25 12:40:00,99276.38999999998
2025-06-25 12:45:00,99276.38999999998
2025-06-25 12:50:00,99276.38999999998
2025-06-25 12:55:00,99276.38999999998
2025-06-25 13:00:00,99276.38999999998
2025-06-25 13:05:00,99276.38999999998
2025-06-25 13:10:00,99276.38999999998
2025-06-25 13:15:00,99276.38999999998
2025-06-25 13:20:00,99276.38999999998
2025-06-25 13:25:00,99276.38999999998
2025-06-25 13:30:00,99276.38999999998
2025-06-25 13:35:00,99276.38999999998
2025-06-25 13:40:00,99276.38999999998
2025-06-25 13:45:00,99276.38999999998
2025-06-25 13:50:00,99276.38999999998
2025-06-25 13:55:00,99276.38999999998
2025-06-25 14:00:00,99276.38999999998
2025-06-25 14:05:00,99276.38999999998
2025-06-25 14:10:00,99276.38999999998
2025-06-25 14:15:00,99276.38999999998
2025-06-25 14:20:00,99276.38999999998
2025-06-25 14:25:00,99276.38999999998
2025-06-25 14:30:00,99276.38999999998
2025-06-25 14:35:00,99276.38999999998
2025-06-25 14:40:00,99276.38999999998
2025-06-25 14:45:00,99276.38999999998
2025-06-25 14:50:00,99276.38999999998
2025-06-25 14:55:00,99276.38999999998
2025-06-25 15:00:00,99276.38999999998
2025-06-25 15:05:00,99276.38999999998
2025-06-25 15:10:00,99276.38999999998
2025-06-25 15:15:00,99276.38999999998
2025-06-25 15:20:00,99276.38999999998
2025-06-25 15:25:00,99308.54999999999
2025-06-25 15:30:00,99308.54999999999
2025-06-26 09:15:00,99308.54999999999
2025-06-26 09:20:00,99308.54999999999
2025-06-26 09:25:00,99308.54999999999
2025-06-26 09:30:00,99308.54999999999
2025-06-26 09:35:00,99308.54999999999
2025-06-26 09:40:00,99308.54999999999
2025-06-26 09:45:00,99308.54999999999
2025-06-26 09:50:00,99308.54999999999
2025-06-26 09:55:00,99308.54999999999
2025-06-26 10:00:00,99308.54999999999
2025-06-26 10:05:00,99308.54999999999
2025-06-26 10:10:00,99308.54999999999
2025-06-26 10:15:00,99308.54999999999
2025-06-26 10:20:00,99308.54999999999
2025-06-26 10:25:00,99308.54999999999
2025-06-26 10:30:00,99308.54999999999
2025-06-26 10:35:00,99308.54999999999
2025-06-26 10:40:00,99308.54999999999
2025-06-26 10:45:00,99308.54999999999
2025-06-26 10:50:00,99308.54999999999
2025-06-26 10:55:00,99308.54999999999
2025-06-26 11:00:00,99308.54999999999
2025-06-26 11:05:00,99308.54999999999
2025-06-26 11:10:00,99308.54999999999
2025-06-26 11:15:00,99308.54999999999
2025-06-26 11:20:00,99308.54999999999
2025-06-26 11:25:00,99299.32999999999
2025-06-26 11:30:00,99299.32999999999
2025-06-26 11:35:00,99299.32999999999
2025-06-26 11:40:00,99299.32999999999
2025-06-26 11:45:00,99299.32999999999
2025-06-26 11:50:00,99299.32999999999
2025-06-26 11:55:00,99299.32999999999
2025-06-26 12:00:00,99299.32999999999
2025-06-26 12:05:00,99299.32999999999
2025-06-26 12:10:00,99262.97999999998
2025-06-26 12:15:00,99262.97999999998
2025-06-26 12:20:00,99262.97999999998
2025-06-26 12:25:00,99262.97999999998
2025-06-26 12:30:00,99262.97999999998
2025-06-26 12:35:00,99262.97999999998
2025-06-26 12:40:00,99262.97999999998
2025-06-26 12:45:00,99262.97999999998
2025-06-26 12:50:00,99262.97999999998
2025-06-26 12:55:00,99262.97999999998
2025-06-26 13:00:00,99262.97999999998
2025-06-26 13:05:00,99262.97999999998
2025-06-26 13:10:00,99262.97999999998
2025-06-26 13:15:00,99262.97999999998
2025-06-26 13:20:00,99262.97999999998
2025-06-26 13:25:00,99262.97999999998
2025-06-26 13:30:00,99262.97999999998
2025-06-26 13:35:00,99262.97999999998
2025-06-26 13:40:00,99262.97999999998
2025-06-26 13:45:00,99262.97999999998
2025-06-26 13:50:00,99262.97999999998
2025-06-26 13:55:00,99262.97999999998
2025-06-26 14:00:00,99262.97999999998
2025-06-26 14:05:00,99262.97999999998
2025-06-26 14:10:00,99262.97999999998
2025-06-26 14:15:00,99262.97999999998
2025-06-26 14:20:00,99262.97999999998
2025-06-26 14:25:00,99262.97999999998
2025-06-26 14:30:00,99262.97999999998
2025-06-26 14:35:00,99262.97999999998
2025-06-26 14:40:00,99262.97999999998
2025-06-26 14:45:00,99262.97999999998
2025-06-26 14:50:00,99262.97999999998
2025-06-26 14:55:00,99262.97999999998
2025-06-26 15:00:00,99262.97999999998
2025-06-26 15:05:00,99262.97999999998
2025-06-26 15:10:00,99262.97999999998
2025-06-26 15:15:00,99262.97999999998
2025-06-26 15:20:00,99262.97999999998
2025-06-26 15:25:00,99262.97999999998
2025-06-26 15:30:00,99262.97999999998
2025-06-27 09:15:00,99262.97999999998
2025-06-27 09:20:00,99262.97999999998
2025-06-27 09:25:00,99262.97999999998
2025-06-27 09:30:00,99262.97999999998
2025-06-27 09:35:00,99262.97999999998
2025-06-27 09:40:00,99262.97999999998
2025-06-27 09:45:00,99262.97999999998
2025-06-27 09:50:00,99262.97999999998
2025-06-27 09:55:00,99262.97999999998
2025-06-27 10:00:00,99262.97999999998
2025-06-27 10:05:00,99450.66999999998
2025-06-27 10:10:00,99450.66999999998
2025-06-27 10:15:00,99450.66999999998
2025-06-27 10:20:00,99450.66999999998
2025-06-27 10:25:00,99450.66999999998
2025-06-27 10:30:00,99450.66999999998
2025-06-27 10:35:00,99450.66999999998
2025-06-27 10:40:00,99450.66999999998
2025-06-27 10:45:00,99450.66999999998
2025-06-27 10:50:00,99450.66999999998
2025-06-27 10:55:00,99450.66999999998
2025-06-27 11:00:00,99450.66999999998
2025-06-27 11:05:00,99450.66999999998
2025-06-27 11:10:00,99450.66999999998
2025-06-27 11:15:00,99450.66999999998
2025-06-27 11:20:00,99450.66999999998
2025-06-27 11:25:00,99450.66999999998
2025-06-27 11:30:00,99450.66999999998
2025-06-27 11:35:00,99450.66999999998
2025-06-27 11:40:00,99450.66999999998
2025-06-27 11:45:00,99450.66999999998
2025-06-27 11:50:00,99450.66999999998
2025-06-27 11:55:00,99450.66999999998
2025-06-27 12:00:00,99450.66999999998
2025-06-27 12:05:00,99450.66999999998
2025-06-27 12:10:00,99450.66999999998
2025-06-27 12:15:00,99450.66999999998
2025-06-27 12:20:00,99450.66999999998
2025-06-27 12:25:00,99450.66999999998
2025-06-27 12:30:00,99450.66999999998
2025-06-27 12:35:00,99450.66999999998
2025-06-27 12:40:00,99450.66999999998
2025-06-27 12:45:00,99450.66999999998
2025-06-27 12:50:00,99450.66999999998
2025-06-27 12:55:00,99450.66999999998
2025-06-27 13:00:00,99450.66999999998
2025-06-27 13:05:00,99450.66999999998
2025-06-27 13:10:00,99450.66999999998
2025-06-27 13:15:00,99450.66999999998
2025-06-27 13:20:00,99450.66999999998
2025-06-27 13:25:00,99450.66999999998
2025-06-27 13:30:00,99450.66999999998
2025-06-27 13:35:00,99450.66999999998
2025-06-27 13:40:00,99450.66999999998
2025-06-27 13:45:00,99450.66999999998
2025-06-27 13:50:00,99450.66999999998
2025-06-27 13:55:00,99450.66999999998
2025-06-27 14:00:00,99450.66999999998
2025-06-27 14:05:00,99450.66999999998
2025-06-27 14:10:00,99450.66999999998
2025-06-27 14:15:00,99450.66999999998
2025-06-27 14:20:00,99450.66999999998
2025-06-27 14:25:00,99450.66999999998
2025-06-27 14:30:00,99450.66999999998
2025-06-27 14:35:00,99450.66999999998
2025-06-27 14:40:00,99450.66999999998
2025-06-27 14:45:00,99450.66999999998
2025-06-27 14:50:00,99450.66999999998
2025-06-27 14:55:00,99450.66999999998
2025-06-27 15:00:00,99450.66999999998
2025-06-27 15:05:00,99450.66999999998
2025-06-27 15:10:00,99450.66999999998
2025-06-27 15:15:00,99450.66999999998
2025-06-27 15:20:00,99450.66999999998
2025-06-27 15:25:00,99450.66999999998
2025-06-27 15:30:00,99450.66999999998
2025-06-30 09:15:00,99450.66999999998
2025-06-30 09:20:00,99450.66999999998
2025-06-30 09:25:00,99450.66999999998
2025-06-30 09:30:00,99450.66999999998
2025-06-30 09:35:00,99450.66999999998
2025-06-30 09:40:00,99450.66999999998
2025-06-30 09:45:00,99450.66999999998
2025-06-30 09:50:00,99450.66999999998
2025-06-30 09:55:00,99450.66999999998
2025-06-30 10:00:00,99450.66999999998
2025-06-30 10:05:00,99450.66999999998
2025-06-30 10:10:00,99450.66999999998
2025-06-30 10:15:00,99450.66999999998
2025-06-30 10:20:00,99450.66999999998
2025-06-30 10:25:00,99450.66999999998
2025-06-30 10:30:00,99450.66999999998
2025-06-30 10:35:00,99450.66999999998
2025-06-30 10:40:00,99450.66999999998
2025-06-30 10:45:00,99450.66999999998
2025-06-30 10:50:00,99450.66999999998
2025-06-30 10:55:00,99450.66999999998
2025-06-30 11:00:00,99450.66999999998
2025-06-30 11:05:00,99450.66999999998
2025-06-30 11:10:00,99450.66999999998
2025-06-30 11:15:00,99450.66999999998
2025-06-30 11:20:00,99450.66999999998
2025-06-30 11:25:00,99450.66999999998
2025-06-30 11:30:00,99450.66999999998
2025-06-30 11:35:00,99450.66999999998
2025-06-30 11:40:00,99450.66999999998
2025-06-30 11:45:00,99450.66999999998
2025-06-30 11:50:00,99450.66999999998
2025-06-30 11:55:00,99450.66999999998
2025-06-30 12:00:00,99450.66999999998
2025-06-30 12:05:00,99450.66999999998
2025-06-30 12:10:00,99450.66999999998
2025-06-30 12:15:00,99450.66999999998
2025-06-30 12:20:00,99450.66999999998
2025-06-30 12:25:00,99450.66999999998
2025-06-30 12:30:00,99450.66999999998
2025-06-30 12:35:00,99450.66999999998
2025-06-30 12:40:00,99450.66999999998
2025-06-30 12:45:00,99450.66999999998
2025-06-30 12:50:00,99450.66999999998
2025-06-30 12:55:00,99450.66999999998
2025-06-30 13:00:00,99450.66999999998
2025-06-30 13:05:00,99450.66999999998
2025-06-30 13:10:00,99450.66999999998
2025-06-30 13:15:00,99450.66999999998
2025-06-30 13:20:00,99450.66999999998
2025-06-30 13:25:00,99450.66999999998
2025-06-30 13:30:00,99450.66999999998
2025-06-30 13:35:00,99450.66999999998
2025-06-30 13:40:00,99450.66999999998
2025-06-30 13:45:00,99450.66999999998
2025-06-30 13:50:00,99450.66999999998
2025-06-30 13:55:00,99450.66999999998
2025-06-30 14:00:00,99450.66999999998
2025-06-30 14:05:00,99450.66999999998
2025-06-30 14:10:00,99450.66999999998
2025-06-30 14:15:00,99450.66999999998
2025-06-30 14:20:00,99450.66999999998
2025-06-30 14:25:00,99450.66999999998
2025-06-30 14:30:00,99450.66999999998
2025-06-30 14:35:00,99450.66999999998
2025-06-30 14:40:00,99450.66999999998
2025-06-30 14:45:00,99450.66999999998
2025-06-30 14:50:00,99450.66999999998
2025-06-30 14:55:00,99450.66999999998
2025-06-30 15:00:00,99450.66999999998
2025-06-30 15:05:00,99450.66999999998
2025-06-30 15:10:00,99450.66999999998
2025-06-30 15:15:00,99450.66999999998
2025-06-30 15:20:00,99450.66999999998
2025-06-30 15:25:00,99450.66999999998
2025-06-30 15:30:00,99450.66999999998
2025-07-01 09:15:00,99450.66999999998
2025-07-01 09:20:00,99450.66999999998
2025-07-01 09:25:00,99450.66999999998
2025-07-01 09:30:00,99450.66999999998
2025-07-01 09:35:00,99450.66999999998
2025-07-01 09:40:00,99450.66999999998
2025-07-01 09:45:00,99450.66999999998
2025-07-01 09:50:00,99450.66999999998
2025-07-01 09:55:00,99450.66999999998
2025-07-01 10:00:00,99450.66999999998
2025-07-01 10:05:00,99450.66999999998
2025-07-01 10:10:00,99450.66999999998
2025-07-01 10:15:00,99450.66999999998
2025-07-01 10:20:00,99450.66999999998
2025-07-01 10:25:00,99450.66999999998
2025-07-01 10:30:00,99450.66999999998
2025-07-01 10:35:00,99450.66999999998
2025-07-01 10:40:00,99450.66999999998
2025-07-01 10:45:00,99450.66999999998
2025-07-01 10:50:00,99450.66999999998
2025-07-01 10:55:00,99450.66999999998
2025-07-01 11:00:00,99450.66999999998
2025-07-01 11:05:00,99450.66999999998
2025-07-01 11:10:00,99450.66999999998
2025-07-01 11:15:00,99450.66999999998
2025-07-01 11:20:00,99450.66999999998
2025-07-01 11:25:00,99450.66999999998
2025-07-01 11:30:00,99450.66999999998
2025-07-01 11:35:00,99450.66999999998
2025-07-01 11:40:00,99450.66999999998
2025-07-01 11:45:00,99450.66999999998
2025-07-01 11:50:00,99450.66999999998
2025-07-01 11:55:00,99450.66999999998
2025-07-01 12:00:00,99450.66999999998
2025-07-01 12:05:00,99450.66999999998
2025-07-01 12:10:00,99450.66999999998
2025-07-01 12:15:00,99450.66999999998
2025-07-01 12:20:00,99450.66999999998
2025-07-01 12:25:00,99450.66999999998
2025-07-01 12:30:00,99450.66999999998
2025-07-01 12:35:00,99450.66999999998
2025-07-01 12:40:00,99450.66999999998
2025-07-01 12:45:00,99450.66999999998
2025-07-01 12:50:00,99450.66999999998
2025-07-01 12:55:00,99450.66999999998
2025-07-01 13:00:00,99450.66999999998
2025-07-01 13:05:00,99450.66999999998
2025-07-01 13:10:00,99450.66999999998
2025-07-01 13:15:00,99450.66999999998
2025-07-01 13:20:00,99450.66999999998
2025-07-01 13:25:00,99450.66999999998
2025-07-01 13:30:00,99450.66999999998
2025-07-01 13:35:00,99450.66999999998
2025-07-01 13:40:00,99450.66999999998
2025-07-01 13:45:00,99450.66999999998
2025-07-01 13:50:00,99450.66999999998
2025-07-01 13:55:00,99450.66999999998
2025-07-01 14:00:00,99450.66999999998
2025-07-01 14:05:00,99450.66999999998
2025-07-01 14:10:00,99450.66999999998
2025-07-01 14:15:00,99450.66999999998
2025-07-01 14:20:00,99450.66999999998
2025-07-01 14:25:00,99450.66999999998
2025-07-01 14:30:00,99450.66999999998
2025-07-01 14:35:00,99450.66999999998
2025-07-01 14:40:00,99450.66999999998
2025-07-01 14:45:00,99450.66999999998
2025-07-01 14:50:00,99450.66999999998
2025-07-01 14:55:00,99450.66999999998
2025-07-01 15:00:00,99450.66999999998
2025-07-01 15:05:00,99450.66999999998
2025-07-01 15:10:00,99450.66999999998
2025-07-01 15:15:00,99450.66999999998
2025-07-01 15:20:00,99450.66999999998
2025-07-01 15:25:00,99450.66999999998
2025-07-01 15:30:00,99450.66999999998
2025-07-02 09:15:00,99450.66999999998
2025-07-02 09:20:00,99450.66999999998
2025-07-02 09:25:00,99450.66999999998
2025-07-02 09:30:00,99450.66999999998
2025-07-02 09:35:00,99450.66999999998
2025-07-02 09:40:00,99450.66999999998
2025-07-02 09:45:00,99450.66999999998
2025-07-02 09:50:00,99450.66999999998
2025-07-02 09:55:00,99450.66999999998
2025-07-02 10:00:00,99450.66999999998
2025-07-02 10:05:00,99450.66999999998
2025-07-02 10:10:00,99450.66999999998
2025-07-02 10:15:00,99450.66999999998
2025-07-02 10:20:00,99450.66999999998
2025-07-02 10:25:00,99450.66999999998
2025-07-02 10:30:00,99450.66999999998
2025-07-02 10:35:00,99450.66999999998
2025-07-02 10:40:00,99450.66999999998
2025-07-02 10:45:00,99450.66999999998
2025-07-02 10:50:00,99450.66999999998
2025-07-02 10:55:00,99450.66999999998
2025-07-02 11:00:00,99450.66999999998
2025-07-02 11:05:00,99450.66999999998
2025-07-02 11:10:00,99450.66999999998
2025-07-02 11:15:00,99450.66999999998
2025-07-02 11:20:00,99450.66999999998
2025-07-02 11:25:00,99450.66999999998
2025-07-02 11:30:00,99450.66999999998
2025-07-02 11:35:00,99450.66999999998
2025-07-02 11:40:00,99450.66999999998
2025-07-02 11:45:00,99450.66999999998
2025-07-02 11:50:00,99450.66999999998
2025-07-02 11:55:00,99450.66999999998
2025-07-02 12:00:00,99450.66999999998
2025-07-02 12:05:00,99450.66999999998
2025-07-02 12:10:00,99450.66999999998
2025-07-02 12:15:00,99450.66999999998
2025-07-02 12:20:00,99450.66999999998
2025-07-02 12:25:00,99450.66999999998
2025-07-02 12:30:00,99450.66999999998
2025-07-02 12:35:00,99450.66999999998
2025-07-02 12:40:00,99450.66999999998
2025-07-02 12:45:00,99450.66999999998
2025-07-02 12:50:00,99450.66999999998
2025-07-02 12:55:00,99450.66999999998
2025-07-02 13:00:00,99450.66999999998
2025-07-02 13:05:00,99450.66999999998
2025-07-02 13:10:00,99450.66999999998
2025-07-02 13:15:00,99450.66999999998
2025-07-02 13:20:00,99450.66999999998
2025-07-02 13:25:00,99450.66999999998
2025-07-02 13:30:00,99450.66999999998
2025-07-02 13:35:00,99450.66999999998
2025-07-02 13:40:00,99450.66999999998
2025-07-02 13:45:00,99450.66999999998
2025-07-02 13:50:00,99450.66999999998
2025-07-02 13:55:00,99450.66999999998
2025-07-02 14:00:00,99450.66999999998
2025-07-02 14:05:00,99450.66999999998
2025-07-02 14:10:00,99450.66999999998
2025-07-02 14:15:00,99450.66999999998
2025-07-02 14:20:00,99450.66999999998
2025-07-02 14:25:00,99450.66999999998
2025-07-02 14:30:00,99450.66999999998
2025-07-02 14:35:00,99450.66999999998
2025-07-02 14:40:00,99450.66999999998
2025-07-02 14:45:00,99450.66999999998
2025-07-02 14:50:00,99450.66999999998
2025-07-02 14:55:00,99450.66999999998
2025-07-02 15:00:00,99450.66999999998
2025-07-02 15:05:00,99450.66999999998
2025-07-02 15:10:00,99450.66999999998
2025-07-02 15:15:00,99450.66999999998
2025-07-02 15:20:00,99450.66999999998
2025-07-02 15:25:00,99450.66999999998
2025-07-02 15:30:00,99450.66999999998
2025-07-03 09:15:00,99450.66999999998
2025-07-03 09:20:00,99450.66999999998
2025-07-03 09:25:00,99450.66999999998
2025-07-03 09:30:00,99450.66999999998
2025-07-03 09:35:00,99450.66999999998
2025-07-03 09:40:00,99450.66999999998
2025-07-03 09:45:00,99450.66999999998
2025-07-03 09:50:00,99450.66999999998
2025-07-03 09:55:00,99450.66999999998
2025-07-03 10:00:00,99450.66999999998
2025-07-03 10:05:00,99450.66999999998
2025-07-03 10:10:00,99450.66999999998
2025-07-03 10:15:00,99450.66999999998
2025-07-03 10:20:00,99450.66999999998
2025-07-03 10:25:00,99450.66999999998
2025-07-03 10:30:00,99450.66999999998
2025-07-03 10:35:00,99450.66999999998
2025-07-03 10:40:00,99450.66999999998
2025-07-03 10:45:00,99450.66999999998
2025-07-03 10:50:00,99450.66999999998
2025-07-03 10:55:00,99450.66999999998
2025-07-03 11:00:00,99450.66999999998
2025-07-03 11:05:00,99450.66999999998
2025-07-03 11:10:00,99450.66999999998
2025-07-03 11:15:00,99450.66999999998
2025-07-03 11:20:00,99450.66999999998
2025-07-03 11:25:00,99450.66999999998
2025-07-03 11:30:00,99450.66999999998
2025-07-03 11:35:00,99450.66999999998
2025-07-03 11:40:00,99450.66999999998
2025-07-03 11:45:00,99450.66999999998
2025-07-03 11:50:00,99450.66999999998
2025-07-03 11:55:00,99450.66999999998
2025-07-03 12:00:00,99450.66999999998
2025-07-03 12:05:00,99450.66999999998
2025-07-03 12:10:00,99450.66999999998
2025-07-03 12:15:00,99450.66999999998
2025-07-03 12:20:00,99450.66999999998
2025-07-03 12:25:00,99450.66999999998
2025-07-03 12:30:00,99450.66999999998
2025-07-03 12:35:00,99450.66999999998
2025-07-03 12:40:00,99450.66999999998
2025-07-03 12:45:00,99450.66999999998
2025-07-03 12:50:00,99450.66999999998
2025-07-03 12:55:00,99450.66999999998
2025-07-03 13:00:00,99450.66999999998
2025-07-03 13:05:00,99450.66999999998
2025-07-03 13:10:00,99450.66999999998
2025-07-03 13:15:00,99450.66999999998
2025-07-03 13:20:00,99450.66999999998
2025-07-03 13:25:00,99450.66999999998
2025-07-03 13:30:00,99450.66999999998
2025-07-03 13:35:00,99450.66999999998
2025-07-03 13:40:00,99450.66999999998
2025-07-03 13:45:00,99450.66999999998
2025-07-03 13:50:00,99450.66999999998
2025-07-03 13:55:00,99450.66999999998
2025-07-03 14:00:00,99450.66999999998
2025-07-03 14:05:00,99450.66999999998
2025-07-03 14:10:00,99450.66999999998
2025-07-03 14:15:00,99450.66999999998
2025-07-03 14:20:00,99450.66999999998
2025-07-03 14:25:00,99450.66999999998
2025-07-03 14:30:00,99450.66999999998
2025-07-03 14:35:00,99450.66999999998
2025-07-03 14:40:00,99450.66999999998
2025-07-03 14:45:00,99450.66999999998
2025-07-03 14:50:00,99450.66999999998
2025-07-03 14:55:00,99450.66999999998
2025-07-03 15:00:00,99450.66999999998
2025-07-03 15:05:00,99450.66999999998
2025-07-03 15:10:00,99450.66999999998
2025-07-03 15:15:00,99450.66999999998
2025-07-03 15:20:00,99450.66999999998
2025-07-03 15:25:00,99450.66999999998
2025-07-03 15:30:00,99450.66999999998
2025-07-04 09:15:00,99450.66999999998
2025-07-04 09:20:00,99450.66999999998
2025-07-04 09:25:00,99450.66999999998
2025-07-04 09:30:00,99450.66999999998
2025-07-04 09:35:00,99450.66999999998
2025-07-04 09:40:00,99450.66999999998
2025-07-04 09:45:00,99450.66999999998
2025-07-04 09:50:00,99450.66999999998
2025-07-04 09:55:00,99450.66999999998
2025-07-04 10:00:00,99450.66999999998
2025-07-04 10:05:00,99450.66999999998
2025-07-04 10:10:00,99450.66999999998
2025-07-04 10:15:00,99450.66999999998
2025-07-04 10:20:00,99450.66999999998
2025-07-04 10:25:00,99450.66999999998
2025-07-04 10:30:00,99450.66999999998
2025-07-04 10:35:00,99450.66999999998
2025-07-04 10:40:00,99450.66999999998
2025-07-04 10:45:00,99450.66999999998
2025-07-04 10:50:00,99450.66999999998
2025-07-04 10:55:00,99450.66999999998
2025-07-04 11:00:00,99450.66999999998
2025-07-04 11:05:00,99450.66999999998
2025-07-04 11:10:00,99450.66999999998
2025-07-04 11:15:00,99450.66999999998
2025-07-04 11:20:00,99450.66999999998
2025-07-04 11:25:00,99450.66999999998
2025-07-04 11:30:00,99450.66999999998
2025-07-04 11:35:00,99450.66999999998
2025-07-04 11:40:00,99450.66999999998
2025-07-04 11:45:00,99450.66999999998
2025-07-04 11:50:00,99450.66999999998
2025-07-04 11:55:00,99450.66999999998
2025-07-04 12:00:00,99450.66999999998
2025-07-04 12:05:00,99450.66999999998
2025-07-04 12:10:00,99450.66999999998
2025-07-04 12:15:00,99450.66999999998
2025-07-04 12:20:00,99450.66999999998
2025-07-04 12:25:00,99450.66999999998
2025-07-04 12:30:00,99450.66999999998
2025-07-04 12:35:00,99450.66999999998
2025-07-04 12:40:00,99450.66999999998
2025-07-04 12:45:00,99450.66999999998
2025-07-04 12:50:00,99450.66999999998
2025-07-04 12:55:00,99450.66999999998
2025-07-04 13:00:00,99450.66999999998
2025-07-04 13:05:00,99450.66999999998
2025-07-04 13:10:00,99450.66999999998
2025-07-04 13:15:00,99450.66999999998
2025-07-04 13:20:00,99450.66999999998
2025-07-04 13:25:00,99450.66999999998
2025-07-04 13:30:00,99450.66999999998
2025-07-04 13:35:00,99450.66999999998
2025-07-04 13:40:00,99450.66999999998
2025-07-04 13:45:00,99450.66999999998
2025-07-04 13:50:00,99450.66999999998
2025-07-04 13:55:00,99450.66999999998
2025-07-04 14:00:00,99450.66999999998
2025-07-04 14:05:00,99450.66999999998
2025-07-04 14:10:00,99450.66999999998
2025-07-04 14:15:00,99450.66999999998
2025-07-04 14:20:00,99450.66999999998
2025-07-04 14:25:00,99450.66999999998
2025-07-04 14:30:00,99450.66999999998
2025-07-04 14:35:00,99450.66999999998
2025-07-04 14:40:00,99450.66999999998
2025-07-04 14:45:00,99450.66999999998
2025-07-04 14:50:00,99450.66999999998
2025-07-04 14:55:00,99450.66999999998
2025-07-04 15:00:00,99450.66999999998
2025-07-04 15:05:00,99450.66999999998
2025-07-04 15:10:00,99450.66999999998
2025-07-04 15:15:00,99450.66999999998
2025-07-04 15:20:00,99450.66999999998
2025-07-04 15:25:00,99450.66999999998
2025-07-04 15:30:00,99450.66999999998
2025-07-07 09:15:00,99450.66999999998
2025-07-07 09:20:00,99450.66999999998
2025-07-07 09:25:00,99450.66999999998
2025-07-07 09:30:00,99450.66999999998
2025-07-07 09:35:00,99450.66999999998
2025-07-07 09:40:00,99450.66999999998
2025-07-07 09:45:00,99450.66999999998
2025-07-07 09:50:00,99450.66999999998
2025-07-07 09:55:00,99450.66999999998
2025-07-07 10:00:00,99450.66999999998
2025-07-07 10:05:00,99450.66999999998
2025-07-07 10:10:00,99450.66999999998
2025-07-07 10:15:00,99450.66999999998
2025-07-07 10:20:00,99450.66999999998
2025-07-07 10:25:00,99450.66999999998
2025-07-07 10:30:00,99450.66999999998
2025-07-07 10:35:00,99450.66999999998
2025-07-07 10:40:00,99450.66999999998
2025-07-07 10:45:00,99450.66999999998
2025-07-07 10:50:00,99450.66999999998
2025-07-07 10:55:00,99450.66999999998
2025-07-07 11:00:00,99450.66999999998
2025-07-07 11:05:00,99450.66999999998
2025-07-07 11:10:00,99450.66999999998
2025-07-07 11:15:00,99450.66999999998
2025-07-07 11:20:00,99450.66999999998
2025-07-07 11:25:00,99450.66999999998
2025-07-07 11:30:00,99450.66999999998
2025-07-07 11:35:00,99450.66999999998
2025-07-07 11:40:00,99450.66999999998
2025-07-07 11:45:00,99450.66999999998
2025-07-07 11:50:00,99450.66999999998
2025-07-07 11:55:00,99450.66999999998
2025-07-07 12:00:00,99450.66999999998
2025-07-07 12:05:00,99450.66999999998
2025-07-07 12:10:00,99450.66999999998
2025-07-07 12:15:00,99450.66999999998
2025-07-07 12:20:00,99450.66999999998
2025-07-07 12:25:00,99450.66999999998
2025-07-07 12:30:00,99450.66999999998
2025-07-07 12:35:00,99450.66999999998
2025-07-07 12:40:00,99450.66999999998
2025-07-07 12:45:00,99450.66999999998
2025-07-07 12:50:00,99450.66999999998
2025-07-07 12:55:00,99450.66999999998
2025-07-07 13:00:00,99450.66999999998
2025-07-07 13:05:00,99450.66999999998
2025-07-07 13:10:00,99450.66999999998
2025-07-07 13:15:00,99450.66999999998
2025-07-07 13:20:00,99450.66999999998
2025-07-07 13:25:00,99450.66999999998
2025-07-07 13:30:00,99450.66999999998
2025-07-07 13:35:00,99450.66999999998
2025-07-07 13:40:00,99450.66999999998
2025-07-07 13:45:00,99450.66999999998
2025-07-07 13:50:00,99450.66999999998
2025-07-07 13:55:00,99450.66999999998
2025-07-07 14:00:00,99450.66999999998
2025-07-07 14:05:00,99450.66999999998
2025-07-07 14:10:00,99450.66999999998
2025-07-07 14:15:00,99450.66999999998
2025-07-07 14:20:00,99450.66999999998
2025-07-07 14:25:00,99450.66999999998
2025-07-07 14:30:00,99450.66999999998
2025-07-07 14:35:00,99450.66999999998
2025-07-07 14:40:00,99450.66999999998
2025-07-07 14:45:00,99450.66999999998
2025-07-07 14:50:00,99450.66999999998
2025-07-07 14:55:00,99450.66999999998
2025-07-07 15:00:00,99450.66999999998
2025-07-07 15:05:00,99450.66999999998
2025-07-07 15:10:00,99450.66999999998
2025-07-07 15:15:00,99450.66999999998
2025-07-07 15:20:00,99450.66999999998
2025-07-07 15:25:00,99450.66999999998
2025-07-07 15:30:00,99450.66999999998
2025-07-08 09:15:00,99450.66999999998
2025-07-08 09:20:00,99450.66999999998
2025-07-08 09:25:00,99450.66999999998
2025-07-08 09:30:00,99450.66999999998
2025-07-08 09:35:00,99450.66999999998
2025-07-08 09:40:00,99450.66999999998
2025-07-08 09:45:00,99450.66999999998
2025-07-08 09:50:00,99450.66999999998
2025-07-08 09:55:00,99450.66999999998
2025-07-08 10:00:00,99450.66999999998
2025-07-08 10:05:00,99450.66999999998
2025-07-08 10:10:00,99450.66999999998
2025-07-08 10:15:00,99450.66999999998
2025-07-08 10:20:00,99450.66999999998
2025-07-08 10:25:00,99450.66999999998
2025-07-08 10:30:00,99450.66999999998
2025-07-08 10:35:00,99450.66999999998
2025-07-08 10:40:00,99450.66999999998
2025-07-08 10:45:00,99450.66999999998
2025-07-08 10:50:00,99450.66999999998
2025-07-08 10:55:00,99450.66999999998
2025-07-08 11:00:00,99450.66999999998
2025-07-08 11:05:00,99450.66999999998
2025-07-08 11:10:00,99450.66999999998
2025-07-08 11:15:00,99450.66999999998
2025-07-08 11:20:00,99450.66999999998
2025-07-08 11:25:00,99450.66999999998
2025-07-08 11:30:00,99450.66999999998
2025-07-08 11:35:00,99450.66999999998
2025-07-08 11:40:00,99450.66999999998
2025-07-08 11:45:00,99450.66999999998
2025-07-08 11:50:00,99450.66999999998
2025-07-08 11:55:00,99450.66999999998
2025-07-08 12:00:00,99450.66999999998
2025-07-08 12:05:00,99450.66999999998
2025-07-08 12:10:00,99450.66999999998
2025-07-08 12:15:00,99450.66999999998
2025-07-08 12:20:00,99450.66999999998
2025-07-08 12:25:00,99450.66999999998
2025-07-08 12:30:00,99450.66999999998
2025-07-08 12:35:00,99450.66999999998
2025-07-08 12:40:00,99450.66999999998
2025-07-08 12:45:00,99450.66999999998
2025-07-08 12:50:00,99450.66999999998
2025-07-08 12:55:00,99450.66999999998
2025-07-08 13:00:00,99450.66999999998
2025-07-08 13:05:00,99450.66999999998
2025-07-08 13:10:00,99450.66999999998
2025-07-08 13:15:00,99450.66999999998
2025-07-08 13:20:00,99450.66999999998
2025-07-08 13:25:00,99450.66999999998
2025-07-08 13:30:00,99450.66999999998
2025-07-08 13:35:00,99450.66999999998
2025-07-08 13:40:00,99450.66999999998
2025-07-08 13:45:00,99450.66999999998
2025-07-08 13:50:00,99450.66999999998
2025-07-08 13:55:00,99450.66999999998
2025-07-08 14:00:00,99450.66999999998
2025-07-08 14:05:00,99450.66999999998
2025-07-08 14:10:00,99450.66999999998
2025-07-08 14:15:00,99450.66999999998
2025-07-08 14:20:00,99450.66999999998
2025-07-08 14:25:00,99450.66999999998
2025-07-08 14:30:00,99450.66999999998
2025-07-08 14:35:00,99450.66999999998
2025-07-08 14:40:00,99450.66999999998
2025-07-08 14:45:00,99450.66999999998
2025-07-08 14:50:00,99450.66999999998
2025-07-08 14:55:00,99450.66999999998
2025-07-08 15:00:00,99450.66999999998
2025-07-08 15:05:00,99450.66999999998
2025-07-08 15:10:00,99450.66999999998
2025-07-08 15:15:00,99450.66999999998
2025-07-08 15:20:00,99450.66999999998
2025-07-08 15:25:00,99450.66999999998
2025-07-08 15:30:00,99450.66999999998
2025-07-09 09:15:00,99450.66999999998
2025-07-09 09:20:00,99450.66999999998
2025-07-09 09:25:00,99450.66999999998
2025-07-09 09:30:00,99450.66999999998
2025-07-09 09:35:00,99450.66999999998
2025-07-09 09:40:00,99450.66999999998
2025-07-09 09:45:00,99450.66999999998
2025-07-09 09:50:00,99450.66999999998
2025-07-09 09:55:00,99450.66999999998
2025-07-09 10:00:00,99450.66999999998
2025-07-09 10:05:00,99450.66999999998
2025-07-09 10:10:00,99450.66999999998
2025-07-09 10:15:00,99450.66999999998
2025-07-09 10:20:00,99450.66999999998
2025-07-09 10:25:00,99450.66999999998
2025-07-09 10:30:00,99450.66999999998
2025-07-09 10:35:00,99450.66999999998
2025-07-09 10:40:00,99450.66999999998
2025-07-09 10:45:00,99450.66999999998
2025-07-09 10:50:00,99450.66999999998
2025-07-09 10:55:00,99450.66999999998
2025-07-09 11:00:00,99450.66999999998
2025-07-09 11:05:00,99450.66999999998
2025-07-09 11:10:00,99450.66999999998
2025-07-09 11:15:00,99450.66999999998
2025-07-09 11:20:00,99450.66999999998
2025-07-09 11:25:00,99450.66999999998
2025-07-09 11:30:00,99450.66999999998
2025-07-09 11:35:00,99450.66999999998
2025-07-09 11:40:00,99450.66999999998
2025-07-09 11:45:00,99450.66999999998
2025-07-09 11:50:00,99450.66999999998
2025-07-09 11:55:00,99450.66999999998
2025-07-09 12:00:00,99450.66999999998
2025-07-09 12:05:00,99450.66999999998
2025-07-09 12:10:00,99450.66999999998
2025-07-09 12:15:00,99450.66999999998
2025-07-09 12:20:00,99450.66999999998
2025-07-09 12:25:00,99450.66999999998
2025-07-09 12:30:00,99450.66999999998
2025-07-09 12:35:00,99450.66999999998
2025-07-09 12:40:00,99450.66999999998
2025-07-09 12:45:00,99450.66999999998
2025-07-09 12:50:00,99450.66999999998
2025-07-09 12:55:00,99450.66999999998
2025-07-09 13:00:00,99450.66999999998
2025-07-09 13:05:00,99450.66999999998
2025-07-09 13:10:00,99450.66999999998
2025-07-09 13:15:00,99450.66999999998
2025-07-09 13:20:00,99450.66999999998
2025-07-09 13:25:00,99450.66999999998
2025-07-09 13:30:00,99450.66999999998
2025-07-09 13:35:00,99450.66999999998
2025-07-09 13:40:00,99450.66999999998
2025-07-09 13:45:00,99450.66999999998
2025-07-09 13:50:00,99450.66999999998
2025-07-09 13:55:00,99450.66999999998
2025-07-09 14:00:00,99450.66999999998
2025-07-09 14:05:00,99450.66999999998
2025-07-09 14:10:00,99450.66999999998
2025-07-09 14:15:00,99450.66999999998
2025-07-09 14:20:00,99450.66999999998
2025-07-09 14:25:00,99450.66999999998
2025-07-09 14:30:00,99450.66999999998
2025-07-09 14:35:00,99450.66999999998
2025-07-09 14:40:00,99450.66999999998
2025-07-09 14:45:00,99450.66999999998
2025-07-09 14:50:00,99450.66999999998
2025-07-09 14:55:00,99450.66999999998
2025-07-09 15:00:00,99450.66999999998
2025-07-09 15:05:00,99450.66999999998
2025-07-09 15:10:00,99450.66999999998
2025-07-09 15:15:00,99450.66999999998
2025-07-09 15:20:00,99450.66999999998
2025-07-09 15:25:00,99450.66999999998
2025-07-09 15:30:00,99450.66999999998
2025-07-10 09:15:00,99450.66999999998
2025-07-10 09:20:00,99450.66999999998
2025-07-10 09:25:00,99450.66999999998
2025-07-10 09:30:00,99450.66999999998
2025-07-10 09:35:00,99450.66999999998
2025-07-10 09:40:00,99450.66999999998
2025-07-10 09:45:00,99450.66999999998
2025-07-10 09:50:00,99450.66999999998
2025-07-10 09:55:00,99450.66999999998
2025-07-10 10:00:00,99450.66999999998
2025-07-10 10:05:00,99450.66999999998
2025-07-10 10:10:00,99450.66999999998
2025-07-10 10:15:00,99450.66999999998
2025-07-10 10:20:00,99450.66999999998
2025-07-10 10:25:00,99450.66999999998
2025-07-10 10:30:00,99450.66999999998
2025-07-10 10:35:00,99450.66999999998
2025-07-10 10:40:00,99450.66999999998
2025-07-10 10:45:00,99450.66999999998
2025-07-10 10:50:00,99450.66999999998
2025-07-10 10:55:00,99450.66999999998
2025-07-10 11:00:00,99450.66999999998
2025-07-10 11:05:00,99450.66999999998
2025-07-10 11:10:00,99450.66999999998
2025-07-10 11:15:00,99450.66999999998
2025-07-10 11:20:00,99450.66999999998
2025-07-10 11:25:00,99450.66999999998
2025-07-10 11:30:00,99450.66999999998
2025-07-10 11:35:00,99450.66999999998
2025-07-10 11:40:00,99450.66999999998
2025-07-10 11:45:00,99450.66999999998
2025-07-10 11:50:00,99450.66999999998
2025-07-10 11:55:00,99450.66999999998
2025-07-10 12:00:00,99450.66999999998
2025-07-10 12:05:00,99450.66999999998
2025-07-10 12:10:00,99450.66999999998
2025-07-10 12:15:00,99450.66999999998
2025-07-10 12:20:00,99450.66999999998
2025-07-10 12:25:00,99450.66999999998
2025-07-10 12:30:00,99450.66999999998
2025-07-10 12:35:00,99450.66999999998
2025-07-10 12:40:00,99450.66999999998
2025-07-10 12:45:00,99450.66999999998
2025-07-10 12:50:00,99450.66999999998
2025-07-10 12:55:00,99450.66999999998
2025-07-10 13:00:00,99450.66999999998
2025-07-10 13:05:00,99450.66999999998
2025-07-10 13:10:00,99450.66999999998
2025-07-10 13:15:00,99450.66999999998
2025-07-10 13:20:00,99450.66999999998
2025-07-10 13:25:00,99450.66999999998
2025-07-10 13:30:00,99450.66999999998
2025-07-10 13:35:00,99450.66999999998
2025-07-10 13:40:00,99450.66999999998
2025-07-10 13:45:00,99450.66999999998
2025-07-10 13:50:00,99450.66999999998
2025-07-10 13:55:00,99450.66999999998
2025-07-10 14:00:00,99450.66999999998
2025-07-10 14:05:00,99450.66999999998
2025-07-10 14:10:00,99450.66999999998
2025-07-10 14:15:00,99450.66999999998
2025-07-10 14:20:00,99450.66999999998
2025-07-10 14:25:00,99450.66999999998
2025-07-10 14:30:00,99450.66999999998
2025-07-10 14:35:00,99450.66999999998
2025-07-10 14:40:00,99450.66999999998
2025-07-10 14:45:00,99450.66999999998
2025-07-10 14:50:00,99450.66999999998
2025-07-10 14:55:00,99450.66999999998
2025-07-10 15:00:00,99450.66999999998
2025-07-10 15:05:00,99450.66999999998
2025-07-10 15:10:00,99450.66999999998
2025-07-10 15:15:00,99450.66999999998
2025-07-10 15:20:00,99450.66999999998
2025-07-10 15:25:00,99450.66999999998
2025-07-10 15:30:00,99450.66999999998
2025-07-11 09:15:00,99450.66999999998
2025-07-11 09:20:00,99450.66999999998
2025-07-11 09:25:00,99450.66999999998
2025-07-11 09:30:00,99450.66999999998
2025-07-11 09:35:00,99450.66999999998
2025-07-11 09:40:00,99450.66999999998
2025-07-11 09:45:00,99450.66999999998
2025-07-11 09:50:00,99450.66999999998
2025-07-11 09:55:00,99450.66999999998
2025-07-11 10:00:00,99450.66999999998
2025-07-11 10:05:00,99450.66999999998
2025-07-11 10:10:00,99450.66999999998
2025-07-11 10:15:00,99450.66999999998
2025-07-11 10:20:00,99450.66999999998
2025-07-11 10:25:00,99450.66999999998
2025-07-11 10:30:00,99450.66999999998
2025-07-11 10:35:00,99450.66999999998
2025-07-11 10:40:00,99450.66999999998
2025-07-11 10:45:00,99450.66999999998
2025-07-11 10:50:00,99450.66999999998
2025-07-11 10:55:00,99450.66999999998
2025-07-11 11:00:00,99450.66999999998
2025-07-11 11:05:00,99450.66999999998
2025-07-11 11:10:00,99450.66999999998
2025-07-11 11:15:00,99450.66999999998
2025-07-11 11:20:00,99450.66999999998
2025-07-11 11:25:00,99450.66999999998
2025-07-11 11:30:00,99450.66999999998
2025-07-11 11:35:00,99450.66999999998
2025-07-11 11:40:00,99450.66999999998
2025-07-11 11:45:00,99450.66999999998
2025-07-11 11:50:00,99450.66999999998
2025-07-11 11:55:00,99450.66999999998
2025-07-11 12:00:00,99450.66999999998
2025-07-11 12:05:00,99450.66999999998
2025-07-11 12:10:00,99450.66999999998
2025-07-11 12:15:00,99450.66999999998
2025-07-11 12:20:00,99450.66999999998
2025-07-11 12:25:00,99450.66999999998
2025-07-11 12:30:00,99450.66999999998
2025-07-11 12:35:00,99450.66999999998
2025-07-11 12:40:00,99450.66999999998
2025-07-11 12:45:00,99450.66999999998
2025-07-11 12:50:00,99450.66999999998
2025-07-11 12:55:00,99450.66999999998
2025-07-11 13:00:00,99450.66999999998
2025-07-11 13:05:00,99450.66999999998
2025-07-11 13:10:00,99450.66999999998
2025-07-11 13:15:00,99450.66999999998
2025-07-11 13:20:00,99450.66999999998
2025-07-11 13:25:00,99450.66999999998
2025-07-11 13:30:00,99450.66999999998
2025-07-11 13:35:00,99450.66999999998
2025-07-11 13:40:00,99450.66999999998
2025-07-11 13:45:00,99450.66999999998
2025-07-11 13:50:00,99450.66999999998
2025-07-11 13:55:00,99450.66999999998
2025-07-11 14:00:00,99450.66999999998
2025-07-11 14:05:00,99450.66999999998
2025-07-11 14:10:00,99450.66999999998
2025-07-11 14:15:00,99450.66999999998
2025-07-11 14:20:00,99450.66999999998
2025-07-11 14:25:00,99450.66999999998
2025-07-11 14:30:00,99450.66999999998
2025-07-11 14:35:00,99450.66999999998
2025-07-11 14:40:00,99450.66999999998
2025-07-11 14:45:00,99450.66999999998
2025-07-11 14:50:00,99450.66999999998
2025-07-11 14:55:00,99450.66999999998
2025-07-11 15:00:00,99450.66999999998
2025-07-11 15:05:00,99450.66999999998
2025-07-11 15:10:00,99450.66999999998
2025-07-11 15:15:00,99450.66999999998
2025-07-11 15:20:00,99450.66999999998
2025-07-11 15:25:00,99450.66999999998
2025-07-11 15:30:00,99450.66999999998
2025-07-14 09:15:00,99450.66999999998
2025-07-14 09:20:00,99450.66999999998
2025-07-14 09:25:00,99450.66999999998
2025-07-14 09:30:00,99450.66999999998
2025-07-14 09:35:00,99450.66999999998
2025-07-14 09:40:00,99450.66999999998
2025-07-14 09:45:00,99450.66999999998
2025-07-14 09:50:00,99450.66999999998
2025-07-14 09:55:00,99450.66999999998
2025-07-14 10:00:00,99450.66999999998
2025-07-14 10:05:00,99450.66999999998
2025-07-14 10:10:00,99450.66999999998
2025-07-14 10:15:00,99450.66999999998
2025-07-14 10:20:00,99450.66999999998
2025-07-14 10:25:00,99450.66999999998
2025-07-14 10:30:00,99450.66999999998
2025-07-14 10:35:00,99450.66999999998
2025-07-14 10:40:00,99450.66999999998
2025-07-14 10:45:00,99450.66999999998
2025-07-14 10:50:00,99450.66999999998
2025-07-14 10:55:00,99450.66999999998
2025-07-14 11:00:00,99450.66999999998
2025-07-14 11:05:00,99450.66999999998
2025-07-14 11:10:00,99450.66999999998
2025-07-14 11:15:00,99450.66999999998
2025-07-14 11:20:00,99450.66999999998
2025-07-14 11:25:00,99450.66999999998
2025-07-14 11:30:00,99450.66999999998
2025-07-14 11:35:00,99450.66999999998
2025-07-14 11:40:00,99450.66999999998
2025-07-14 11:45:00,99450.66999999998
2025-07-14 11:50:00,99450.66999999998
2025-07-14 11:55:00,99450.66999999998
2025-07-14 12:00:00,99450.66999999998
2025-07-14 12:05:00,99450.66999999998
2025-07-14 12:10:00,99450.66999999998
2025-07-14 12:15:00,99450.66999999998
2025-07-14 12:20:00,99450.66999999998
2025-07-14 12:25:00,99450.66999999998
2025-07-14 12:30:00,99450.66999999998
2025-07-14 12:35:00,99450.66999999998
2025-07-14 12:40:00,99450.66999999998
2025-07-14 12:45:00,99450.66999999998
2025-07-14 12:50:00,99450.66999999998
2025-07-14 12:55:00,99450.66999999998
2025-07-14 13:00:00,99450.66999999998
2025-07-14 13:05:00,99450.66999999998
2025-07-14 13:10:00,99450.66999999998
2025-07-14 13:15:00,99450.66999999998
2025-07-14 13:20:00,99450.66999999998
2025-07-14 13:25:00,99450.66999999998
2025-07-14 13:30:00,99450.66999999998
2025-07-14 13:35:00,99450.66999999998
2025-07-14 13:40:00,99450.66999999998
2025-07-14 13:45:00,99450.66999999998
2025-07-14 13:50:00,99450.66999999998
2025-07-14 13:55:00,99450.66999999998
2025-07-14 14:00:00,99450.66999999998
2025-07-14 14:05:00,99450.66999999998
2025-07-14 14:10:00,99450.66999999998
2025-07-14 14:15:00,99450.66999999998
2025-07-14 14:20:00,99450.66999999998
2025-07-14 14:25:00,99450.66999999998
2025-07-14 14:30:00,99450.66999999998
2025-07-14 14:35:00,99450.66999999998
2025-07-14 14:40:00,99450.66999999998
2025-07-14 14:45:00,99450.66999999998
2025-07-14 14:50:00,99450.66999999998
2025-07-14 14:55:00,99450.66999999998
2025-07-14 15:00:00,99450.66999999998
2025-07-14 15:05:00,99450.66999999998
2025-07-14 15:10:00,99450.66999999998
2025-07-14 15:15:00,99450.66999999998
2025-07-14 15:20:00,99450.66999999998
2025-07-14 15:25:00,99450.66999999998
2025-07-14 15:30:00,99450.66999999998
2025-07-15 09:15:00,99450.66999999998
2025-07-15 09:20:00,99450.66999999998
2025-07-15 09:25:00,99450.66999999998
2025-07-15 09:30:00,99450.66999999998
2025-07-15 09:35:00,99450.66999999998
2025-07-15 09:40:00,99450.66999999998
2025-07-15 09:45:00,99450.66999999998
2025-07-15 09:50:00,99450.66999999998
2025-07-15 09:55:00,99450.66999999998
2025-07-15 10:00:00,99450.66999999998
2025-07-15 10:05:00,99450.66999999998
2025-07-15 10:10:00,99450.66999999998
2025-07-15 10:15:00,99450.66999999998
2025-07-15 10:20:00,99450.66999999998
2025-07-15 10:25:00,99450.66999999998
2025-07-15 10:30:00,99450.66999999998
2025-07-15 10:35:00,99450.66999999998
2025-07-15 10:40:00,99450.66999999998
2025-07-15 10:45:00,99450.66999999998
2025-07-15 10:50:00,99450.66999999998
2025-07-15 10:55:00,99450.66999999998
2025-07-15 11:00:00,99450.66999999998
2025-07-15 11:05:00,99450.66999999998
2025-07-15 11:10:00,99450.66999999998
2025-07-15 11:15:00,99450.66999999998
2025-07-15 11:20:00,99450.66999999998
2025-07-15 11:25:00,99450.66999999998
2025-07-15 11:30:00,99450.66999999998
2025-07-15 11:35:00,99450.66999999998
2025-07-15 11:40:00,99450.66999999998
2025-07-15 11:45:00,99450.66999999998
2025-07-15 11:50:00,99450.66999999998
2025-07-15 11:55:00,99450.66999999998
2025-07-15 12:00:00,99450.66999999998
2025-07-15 12:05:00,99450.66999999998
2025-07-15 12:10:00,99450.66999999998
2025-07-15 12:15:00,99450.66999999998
2025-07-15 12:20:00,99450.66999999998
2025-07-15 12:25:00,99450.66999999998
2025-07-15 12:30:00,99450.66999999998
2025-07-15 12:35:00,99450.66999999998
2025-07-15 12:40:00,99450.66999999998
2025-07-15 12:45:00,99450.66999999998
2025-07-15 12:50:00,99450.66999999998
2025-07-15 12:55:00,99450.66999999998
2025-07-15 13:00:00,99450.66999999998
2025-07-15 13:05:00,99450.66999999998
2025-07-15 13:10:00,99450.66999999998
2025-07-15 13:15:00,99450.66999999998
2025-07-15 13:20:00,99450.66999999998
2025-07-15 13:25:00,99450.66999999998
2025-07-15 13:30:00,99450.66999999998
2025-07-15 13:35:00,99450.66999999998
2025-07-15 13:40:00,99450.66999999998
2025-07-15 13:45:00,99450.66999999998
2025-07-15 13:50:00,99450.66999999998
2025-07-15 13:55:00,99450.66999999998
2025-07-15 14:00:00,99450.66999999998
2025-07-15 14:05:00,99450.66999999998
2025-07-15 14:10:00,99450.66999999998
2025-07-15 14:15:00,99450.66999999998
2025-07-15 14:20:00,99450.66999999998
2025-07-15 14:25:00,99450.66999999998
2025-07-15 14:30:00,99450.66999999998
2025-07-15 14:35:00,99450.66999999998
2025-07-15 14:40:00,99450.66999999998
2025-07-15 14:45:00,99450.66999999998
2025-07-15 14:50:00,99450.66999999998
2025-07-15 14:55:00,99450.66999999998
2025-07-15 15:00:00,99450.66999999998
2025-07-15 15:05:00,99450.66999999998
2025-07-15 15:10:00,99450.66999999998
2025-07-15 15:15:00,99450.66999999998
2025-07-15 15:20:00,99450.66999999998
2025-07-15 15:25:00,99450.66999999998
2025-07-15 15:30:00,99450.66999999998
2025-07-16 09:15:00,99450.66999999998
2025-07-16 09:20:00,99450.66999999998
2025-07-16 09:25:00,99450.66999999998
2025-07-16 09:30:00,99450.66999999998
2025-07-16 09:35:00,99450.66999999998
2025-07-16 09:40:00,99450.66999999998
2025-07-16 09:45:00,99450.66999999998
2025-07-16 09:50:00,99450.66999999998
2025-07-16 09:55:00,99450.66999999998
2025-07-16 10:00:00,99450.66999999998
2025-07-16 10:05:00,99450.66999999998
2025-07-16 10:10:00,99450.66999999998
2025-07-16 10:15:00,99450.66999999998
2025-07-16 10:20:00,99450.66999999998
2025-07-16 10:25:00,99450.66999999998
2025-07-16 10:30:00,99450.66999999998
2025-07-16 10:35:00,99450.66999999998
2025-07-16 10:40:00,99450.66999999998
2025-07-16 10:45:00,99450.66999999998
2025-07-16 10:50:00,99450.66999999998
2025-07-16 10:55:00,99450.66999999998
2025-07-16 11:00:00,99450.66999999998
2025-07-16 11:05:00,99450.66999999998
2025-07-16 11:10:00,99450.66999999998
2025-07-16 11:15:00,99450.66999999998
2025-07-16 11:20:00,99450.66999999998
2025-07-16 11:25:00,99450.66999999998
2025-07-16 11:30:00,99450.66999999998
2025-07-16 11:35:00,99450.66999999998
2025-07-16 11:40:00,99450.66999999998
2025-07-16 11:45:00,99450.66999999998
2025-07-16 11:50:00,99450.66999999998
2025-07-16 11:55:00,99450.66999999998
2025-07-16 12:00:00,99450.66999999998
2025-07-16 12:05:00,99450.66999999998
2025-07-16 12:10:00,99450.66999999998
2025-07-16 12:15:00,99450.66999999998
2025-07-16 12:20:00,99450.66999999998
2025-07-16 12:25:00,99450.66999999998
2025-07-16 12:30:00,99450.66999999998
2025-07-16 12:35:00,99450.66999999998
2025-07-16 12:40:00,99450.66999999998
2025-07-16 12:45:00,99450.66999999998
2025-07-16 12:50:00,99450.66999999998
2025-07-16 12:55:00,99450.66999999998
2025-07-16 13:00:00,99450.66999999998
2025-07-16 13:05:00,99450.66999999998
2025-07-16 13:10:00,99450.66999999998
2025-07-16 13:15:00,99450.66999999998
2025-07-16 13:20:00,99450.66999999998
2025-07-16 13:25:00,99450.66999999998
2025-07-16 13:30:00,99450.66999999998
2025-07-16 13:35:00,99450.66999999998
2025-07-16 13:40:00,99450.66999999998
2025-07-16 13:45:00,99450.66999999998
2025-07-16 13:50:00,99450.66999999998
2025-07-16 13:55:00,99450.66999999998
2025-07-16 14:00:00,99450.66999999998
2025-07-16 14:05:00,99450.66999999998
2025-07-16 14:10:00,99450.66999999998
2025-07-16 14:15:00,99450.66999999998
2025-07-16 14:20:00,99450.66999999998
2025-07-16 14:25:00,99450.66999999998
2025-07-16 14:30:00,99450.66999999998
2025-07-16 14:35:00,99450.66999999998
2025-07-16 14:40:00,99450.66999999998
2025-07-16 14:45:00,99450.66999999998
2025-07-16 14:50:00,99450.66999999998
2025-07-16 14:55:00,99450.66999999998
2025-07-16 15:00:00,99450.66999999998
2025-07-16 15:05:00,99450.66999999998
2025-07-16 15:10:00,99450.66999999998
2025-07-16 15:15:00,99450.66999999998
2025-07-16 15:20:00,99450.66999999998
2025-07-16 15:25:00,99450.66999999998
2025-07-16 15:30:00,99450.66999999998
2025-07-17 09:15:00,99450.66999999998
2025-07-17 09:20:00,99450.66999999998
2025-07-17 09:25:00,99450.66999999998
2025-07-17 09:30:00,99450.66999999998
2025-07-17 09:35:00,99450.66999999998
2025-07-17 09:40:00,99450.66999999998
2025-07-17 09:45:00,99450.66999999998
2025-07-17 09:50:00,99450.66999999998
2025-07-17 09:55:00,99450.66999999998
2025-07-17 10:00:00,99450.66999999998
2025-07-17 10:05:00,99450.66999999998
2025-07-17 10:10:00,99450.66999999998
2025-07-17 10:15:00,99450.66999999998
2025-07-17 10:20:00,99450.66999999998
2025-07-17 10:25:00,99450.66999999998
2025-07-17 10:30:00,99450.66999999998
2025-07-17 10:35:00,99450.66999999998
2025-07-17 10:40:00,99450.66999999998
2025-07-17 10:45:00,99450.66999999998
2025-07-17 10:50:00,99450.66999999998
2025-07-17 10:55:00,99450.66999999998
2025-07-17 11:00:00,99450.66999999998
2025-07-17 11:05:00,99450.66999999998
2025-07-17 11:10:00,99450.66999999998
2025-07-17 11:15:00,99450.66999999998
2025-07-17 11:20:00,99450.66999999998
2025-07-17 11:25:00,99450.66999999998
2025-07-17 11:30:00,99450.66999999998
2025-07-17 11:35:00,99450.66999999998
2025-07-17 11:40:00,99450.66999999998
2025-07-17 11:45:00,99450.66999999998
2025-07-17 11:50:00,99450.66999999998
2025-07-17 11:55:00,99450.66999999998
2025-07-17 12:00:00,99450.66999999998
2025-07-17 12:05:00,99450.66999999998
2025-07-17 12:10:00,99450.66999999998
2025-07-17 12:15:00,99450.66999999998
2025-07-17 12:20:00,99450.66999999998
2025-07-17 12:25:00,99450.66999999998
2025-07-17 12:30:00,99450.66999999998
2025-07-17 12:35:00,99450.66999999998
2025-07-17 12:40:00,99450.66999999998
2025-07-17 12:45:00,99450.66999999998
2025-07-17 12:50:00,99450.66999999998
2025-07-17 12:55:00,99450.66999999998
2025-07-17 13:00:00,99450.66999999998
2025-07-17 13:05:00,99450.66999999998
2025-07-17 13:10:00,99450.66999999998
2025-07-17 13:15:00,99450.66999999998
2025-07-17 13:20:00,99450.66999999998
2025-07-17 13:25:00,99450.66999999998
2025-07-17 13:30:00,99450.66999999998
2025-07-17 13:35:00,99450.66999999998
2025-07-17 13:40:00,99450.66999999998
2025-07-17 13:45:00,99450.66999999998
2025-07-17 13:50:00,99450.66999999998
2025-07-17 13:55:00,99450.66999999998
2025-07-17 14:00:00,99450.66999999998
2025-07-17 14:05:00,99450.66999999998
2025-07-17 14:10:00,99450.66999999998
2025-07-17 14:15:00,99450.66999999998
2025-07-17 14:20:00,99450.66999999998
2025-07-17 14:25:00,99450.66999999998
2025-07-17 14:30:00,99450.66999999998
2025-07-17 14:35:00,99450.66999999998
2025-07-17 14:40:00,99450.66999999998
2025-07-17 14:45:00,99450.66999999998
2025-07-17 14:50:00,99450.66999999998
2025-07-17 14:55:00,99450.66999999998
2025-07-17 15:00:00,99450.66999999998
2025-07-17 15:05:00,99450.66999999998
2025-07-17 15:10:00,99450.66999999998
2025-07-17 15:15:00,99450.66999999998
2025-07-17 15:20:00,99450.66999999998
2025-07-17 15:25:00,99450.66999999998
2025-07-17 15:30:00,99450.66999999998
2025-07-18 09:15:00,99450.66999999998
2025-07-18 09:20:00,99450.66999999998
2025-07-18 09:25:00,99450.66999999998
2025-07-18 09:30:00,99450.66999999998
2025-07-18 09:35:00,99450.66999999998
2025-07-18 09:40:00,99450.66999999998
2025-07-18 09:45:00,99450.66999999998
2025-07-18 09:50:00,99450.66999999998
2025-07-18 09:55:00,99450.66999999998
2025-07-18 10:00:00,99450.66999999998
2025-07-18 10:05:00,99450.66999999998
2025-07-18 10:10:00,99450.66999999998
2025-07-18 10:15:00,99450.66999999998
2025-07-18 10:20:00,99450.66999999998
2025-07-18 10:25:00,99450.66999999998
2025-07-18 10:30:00,99450.66999999998
2025-07-18 10:35:00,99450.66999999998
2025-07-18 10:40:00,99450.66999999998
2025-07-18 10:45:00,99450.66999999998
2025-07-18 10:50:00,99450.66999999998
2025-07-18 10:55:00,99450.66999999998
2025-07-18 11:00:00,99450.66999999998
2025-07-18 11:05:00,99450.66999999998
2025-07-18 11:10:00,99450.66999999998
2025-07-18 11:15:00,99450.66999999998
2025-07-18 11:20:00,99450.66999999998
2025-07-18 11:25:00,99450.66999999998
2025-07-18 11:30:00,99450.66999999998
2025-07-18 11:35:00,99450.66999999998
2025-07-18 11:40:00,99450.66999999998
2025-07-18 11:45:00,99450.66999999998
2025-07-18 11:50:00,99450.66999999998
2025-07-18 11:55:00,99450.66999999998
2025-07-18 12:00:00,99450.66999999998
2025-07-18 12:05:00,99450.66999999998
2025-07-18 12:10:00,99450.66999999998
2025-07-18 12:15:00,99450.66999999998
2025-07-18 12:20:00,99450.66999999998
2025-07-18 12:25:00,99450.66999999998
2025-07-18 12:30:00,99450.66999999998
2025-07-18 12:35:00,99450.66999999998
2025-07-18 12:40:00,99450.66999999998
2025-07-18 12:45:00,99450.66999999998
2025-07-18 12:50:00,99450.66999999998
2025-07-18 12:55:00,99450.66999999998
2025-07-18 13:00:00,99450.66999999998
2025-07-18 13:05:00,99450.66999999998
2025-07-18 13:10:00,99450.66999999998
2025-07-18 13:15:00,99450.66999999998
2025-07-18 13:20:00,99450.66999999998
2025-07-18 13:25:00,99450.66999999998
2025-07-18 13:30:00,99450.66999999998
2025-07-18 13:35:00,99450.66999999998
2025-07-18 13:40:00,99450.66999999998
2025-07-18 13:45:00,99450.66999999998
2025-07-18 13:50:00,99450.66999999998
2025-07-18 13:55:00,99450.66999999998
2025-07-18 14:00:00,99450.66999999998
2025-07-18 14:05:00,99450.66999999998
2025-07-18 14:10:00,99450.66999999998
2025-07-18 14:15:00,99450.66999999998
2025-07-18 14:20:00,99450.66999999998
2025-07-18 14:25:00,99450.66999999998
2025-07-18 14:30:00,99450.66999999998
2025-07-18 14:35:00,99450.66999999998
2025-07-18 14:40:00,99450.66999999998
2025-07-18 14:45:00,99450.66999999998
2025-07-18 14:50:00,99450.66999999998
2025-07-18 14:55:00,99450.66999999998
2025-07-18 15:00:00,99450.66999999998
2025-07-18 15:05:00,99450.66999999998
2025-07-18 15:10:00,99405.76999999999
2025-07-18 15:15:00,99405.76999999999
2025-07-18 15:20:00,99405.76999999999
2025-07-18 15:25:00,99405.76999999999
2025-07-18 15:30:00,99405.76999999999
2025-07-21 09:15:00,99405.76999999999
2025-07-21 09:20:00,99405.76999999999
2025-07-21 09:25:00,99405.76999999999
2025-07-21 09:30:00,99405.76999999999
2025-07-21 09:35:00,99405.76999999999
2025-07-21 09:40:00,99405.76999999999
2025-07-21 09:45:00,99405.76999999999
2025-07-21 09:50:00,99405.76999999999
2025-07-21 09:55:00,99405.76999999999
2025-07-21 10:00:00,99405.76999999999
2025-07-21 10:05:00,99405.76999999999
2025-07-21 10:10:00,99405.76999999999
2025-07-21 10:15:00,99381.26999999999
2025-07-21 10:20:00,99381.26999999999
2025-07-21 10:25:00,99381.26999999999
2025-07-21 10:30:00,99381.26999999999
2025-07-21 10:35:00,99381.26999999999
2025-07-21 10:40:00,99381.26999999999
2025-07-21 10:45:00,99344.32999999999
2025-07-21 10:50:00,99344.32999999999
2025-07-21 10:55:00,99344.32999999999
2025-07-21 11:00:00,99344.32999999999
2025-07-21 11:05:00,99344.32999999999
2025-07-21 11:10:00,99344.32999999999
2025-07-21 11:15:00,99344.32999999999
2025-07-21 11:20:00,99344.32999999999
2025-07-21 11:25:00,99344.32999999999
2025-07-21 11:30:00,99344.32999999999
2025-07-21 11:35:00,99344.32999999999
2025-07-21 11:40:00,99344.32999999999
2025-07-21 11:45:00,99344.32999999999
2025-07-21 11:50:00,99344.32999999999
2025-07-21 11:55:00,99344.32999999999
2025-07-21 12:00:00,99344.32999999999
2025-07-21 12:05:00,99344.32999999999
2025-07-21 12:10:00,99344.32999999999
2025-07-21 12:15:00,99344.32999999999
2025-07-21 12:20:00,99344.32999999999
2025-07-21 12:25:00,99344.32999999999
2025-07-21 12:30:00,99344.32999999999
2025-07-21 12:35:00,99344.32999999999
2025-07-21 12:40:00,99344.32999999999
2025-07-21 12:45:00,99344.32999999999
2025-07-21 12:50:00,99344.32999999999
2025-07-21 12:55:00,99344.32999999999
2025-07-21 13:00:00,99344.32999999999
2025-07-21 13:05:00,99344.32999999999
2025-07-21 13:10:00,99344.32999999999
2025-07-21 13:15:00,99344.32999999999
2025-07-21 13:20:00,99344.32999999999
2025-07-21 13:25:00,99344.32999999999
2025-07-21 13:30:00,99344.32999999999
2025-07-21 13:35:00,99344.32999999999
2025-07-21 13:40:00,99344.32999999999
2025-07-21 13:45:00,99344.32999999999
2025-07-21 13:50:00,99344.32999999999
2025-07-21 13:55:00,99344.32999999999
2025-07-21 14:00:00,99344.32999999999
2025-07-21 14:05:00,99344.32999999999
2025-07-21 14:10:00,99344.32999999999
2025-07-21 14:15:00,99344.32999999999
2025-07-21 14:20:00,99344.32999999999
2025-07-21 14:25:00,99344.32999999999
2025-07-21 14:30:00,99344.32999999999
2025-07-21 14:35:00,99344.32999999999
2025-07-21 14:40:00,99344.32999999999
2025-07-21 14:45:00,99344.32999999999
2025-07-21 14:50:00,99344.32999999999
2025-07-21 14:55:00,99344.32999999999
2025-07-21 15:00:00,99344.32999999999
2025-07-21 15:05:00,99344.32999999999
2025-07-21 15:10:00,99344.32999999999
2025-07-21 15:15:00,99344.32999999999
2025-07-21 15:20:00,99344.32999999999
2025-07-21 15:25:00,99344.32999999999
2025-07-21 15:30:00,99344.32999999999
2025-07-22 09:15:00,99344.32999999999
2025-07-22 09:20:00,99344.32999999999
2025-07-22 09:25:00,99344.32999999999
2025-07-22 09:30:00,99344.32999999999
2025-07-22 09:35:00,99344.32999999999
2025-07-22 09:40:00,99344.32999999999
2025-07-22 09:45:00,99344.32999999999
2025-07-22 09:50:00,99344.32999999999
2025-07-22 09:55:00,99344.32999999999
2025-07-22 10:00:00,99344.32999999999
2025-07-22 10:05:00,99344.32999999999
2025-07-22 10:10:00,99344.32999999999
2025-07-22 10:15:00,99344.32999999999
2025-07-22 10:20:00,99344.32999999999
2025-07-22 10:25:00,99344.32999999999
2025-07-22 10:30:00,99344.32999999999
2025-07-22 10:35:00,99344.32999999999
2025-07-22 10:40:00,99344.32999999999
2025-07-22 10:45:00,99344.32999999999
2025-07-22 10:50:00,99344.32999999999
2025-07-22 10:55:00,99344.32999999999
2025-07-22 11:00:00,99344.32999999999
2025-07-22 11:05:00,99344.32999999999
2025-07-22 11:10:00,99344.32999999999
2025-07-22 11:15:00,99344.32999999999
2025-07-22 11:20:00,99344.32999999999
2025-07-22 11:25:00,99344.32999999999
2025-07-22 11:30:00,99344.32999999999
2025-07-22 11:35:00,99344.32999999999
2025-07-22 11:40:00,99344.32999999999
2025-07-22 11:45:00,99344.32999999999
2025-07-22 11:50:00,99344.32999999999
2025-07-22 11:55:00,99484.52999999998
2025-07-22 12:00:00,99484.52999999998
2025-07-22 12:05:00,99484.52999999998
2025-07-22 12:10:00,99484.52999999998
2025-07-22 12:15:00,99484.52999999998
2025-07-22 12:20:00,99484.52999999998
2025-07-22 12:25:00,99484.52999999998
2025-07-22 12:30:00,99484.52999999998
2025-07-22 12:35:00,99484.52999999998
2025-07-22 12:40:00,99484.52999999998
2025-07-22 12:45:00,99484.52999999998
2025-07-22 12:50:00,99484.52999999998
2025-07-22 12:55:00,99484.52999999998
2025-07-22 13:00:00,99484.52999999998
2025-07-22 13:05:00,99446.37999999999
2025-07-22 13:10:00,99446.37999999999
2025-07-22 13:15:00,99418.22999999998
2025-07-22 13:20:00,99418.22999999998
2025-07-22 13:25:00,99418.22999999998
2025-07-22 13:30:00,99418.22999999998
2025-07-22 13:35:00,99418.22999999998
2025-07-22 13:40:00,99418.22999999998
2025-07-22 13:45:00,99418.22999999998
2025-07-22 13:50:00,99418.22999999998
2025-07-22 13:55:00,99418.22999999998
2025-07-22 14:00:00,99418.22999999998
2025-07-22 14:05:00,99418.22999999998
2025-07-22 14:10:00,99418.22999999998
2025-07-22 14:15:00,99418.22999999998
2025-07-22 14:20:00,99418.22999999998
2025-07-22 14:25:00,99418.22999999998
2025-07-22 14:30:00,99389.90999999999
2025-07-22 14:35:00,99389.90999999999
2025-07-22 14:40:00,99389.90999999999
2025-07-22 14:45:00,99389.90999999999
2025-07-22 14:50:00,99389.90999999999
2025-07-22 14:55:00,99389.90999999999
2025-07-22 15:00:00,99389.90999999999
2025-07-22 15:05:00,99389.90999999999
2025-07-22 15:10:00,99389.90999999999
2025-07-22 15:15:00,99389.90999999999
2025-07-22 15:20:00,99389.90999999999
2025-07-22 15:25:00,99372.97999999998
2025-07-22 15:30:00,99372.97999999998
2025-07-23 09:15:00,99372.97999999998
2025-07-23 09:20:00,99372.97999999998
2025-07-23 09:25:00,99372.97999999998
2025-07-23 09:30:00,99372.97999999998
2025-07-23 09:35:00,99372.97999999998
2025-07-23 09:40:00,99372.97999999998
2025-07-23 09:45:00,99372.97999999998
2025-07-23 09:50:00,99372.97999999998
2025-07-23 09:55:00,99372.97999999998
2025-07-23 10:00:00,99372.97999999998
2025-07-23 10:05:00,99372.97999999998
2025-07-23 10:10:00,99372.97999999998
2025-07-23 10:15:00,99372.97999999998
2025-07-23 10:20:00,99372.97999999998
2025-07-23 10:25:00,99372.97999999998
2025-07-23 10:30:00,99372.97999999998
2025-07-23 10:35:00,99372.97999999998
2025-07-23 10:40:00,99372.97999999998
2025-07-23 10:45:00,99372.97999999998
2025-07-23 10:50:00,99372.97999999998
2025-07-23 10:55:00,99372.97999999998
2025-07-23 11:00:00,99372.97999999998
2025-07-23 11:05:00,99372.97999999998
2025-07-23 11:10:00,99372.97999999998
2025-07-23 11:15:00,99372.97999999998
2025-07-23 11:20:00,99372.97999999998
2025-07-23 11:25:00,99372.97999999998
2025-07-23 11:30:00,99372.97999999998
2025-07-23 11:35:00,99372.97999999998
2025-07-23 11:40:00,99372.97999999998
2025-07-23 11:45:00,99372.97999999998
2025-07-23 11:50:00,99372.97999999998
2025-07-23 11:55:00,99429.72999999998
2025-07-23 12:00:00,99429.72999999998
2025-07-23 12:05:00,99429.72999999998
2025-07-23 12:10:00,99429.72999999998
2025-07-23 12:15:00,99429.72999999998
2025-07-23 12:20:00,99429.72999999998
2025-07-23 12:25:00,99429.72999999998
2025-07-23 12:30:00,99429.72999999998
2025-07-23 12:35:00,99429.72999999998
2025-07-23 12:40:00,99429.72999999998
2025-07-23 12:45:00,99429.72999999998
2025-07-23 12:50:00,99429.72999999998
2025-07-23 12:55:00,99429.72999999998
2025-07-23 13:00:00,99429.72999999998
2025-07-23 13:05:00,99429.72999999998
2025-07-23 13:10:00,99429.72999999998
2025-07-23 13:15:00,99429.72999999998
2025-07-23 13:20:00,99429.72999999998
2025-07-23 13:25:00,99429.72999999998
2025-07-23 13:30:00,99429.72999999998
2025-07-23 13:35:00,99429.72999999998
2025-07-23 13:40:00,99429.72999999998
2025-07-23 13:45:00,99429.72999999998
2025-07-23 13:50:00,99429.72999999998
2025-07-23 13:55:00,99429.72999999998
2025-07-23 14:00:00,99429.72999999998
2025-07-23 14:05:00,99429.72999999998
2025-07-23 14:10:00,99429.72999999998
2025-07-23 14:15:00,99429.72999999998
2025-07-23 14:20:00,99429.72999999998
2025-07-23 14:25:00,99429.72999999998
2025-07-23 14:30:00,99429.72999999998
2025-07-23 14:35:00,99429.72999999998
2025-07-23 14:40:00,99429.72999999998
2025-07-23 14:45:00,99429.72999999998
2025-07-23 14:50:00,99429.72999999998
2025-07-23 14:55:00,99429.72999999998
2025-07-23 15:00:00,99429.72999999998
2025-07-23 15:05:00,99429.72999999998
2025-07-23 15:10:00,99429.72999999998
2025-07-23 15:15:00,99429.72999999998
2025-07-23 15:20:00,99429.72999999998
2025-07-23 15:25:00,99429.72999999998
2025-07-23 15:30:00,99429.72999999998
2025-07-24 09:15:00,99429.72999999998
2025-07-24 09:20:00,99429.72999999998
2025-07-24 09:25:00,99429.72999999998
2025-07-24 09:30:00,99429.72999999998
2025-07-24 09:35:00,99429.72999999998
2025-07-24 09:40:00,99429.72999999998
2025-07-24 09:45:00,99487.18999999999
2025-07-24 09:50:00,99487.18999999999
2025-07-24 09:55:00,99487.18999999999
2025-07-24 10:00:00,99487.18999999999
2025-07-24 10:05:00,99487.18999999999
2025-07-24 10:10:00,99487.18999999999
2025-07-24 10:15:00,99487.18999999999
2025-07-24 10:20:00,99487.18999999999
2025-07-24 10:25:00,99487.18999999999
2025-07-24 10:30:00,99487.18999999999
2025-07-24 10:35:00,99458.26999999999
2025-07-24 10:40:00,99458.26999999999
2025-07-24 10:45:00,99458.26999999999
2025-07-24 10:50:00,99458.26999999999
2025-07-24 10:55:00,99458.26999999999
2025-07-24 11:00:00,99458.26999999999
2025-07-24 11:05:00,99458.26999999999
2025-07-24 11:10:00,99458.26999999999
2025-07-24 11:15:00,99419.71999999999
2025-07-24 11:20:00,99419.71999999999
2025-07-24 11:25:00,99419.71999999999
2025-07-24 11:30:00,99419.71999999999
2025-07-24 11:35:00,99419.71999999999
2025-07-24 11:40:00,99419.71999999999
2025-07-24 11:45:00,99419.71999999999
2025-07-24 11:50:00,99419.71999999999
2025-07-24 11:55:00,99419.71999999999
2025-07-24 12:00:00,99419.71999999999
2025-07-24 12:05:00,99419.71999999999
2025-07-24 12:10:00,99419.71999999999
2025-07-24 12:15:00,99419.71999999999
2025-07-24 12:20:00,99419.71999999999
2025-07-24 12:25:00,99419.71999999999
2025-07-24 12:30:00,99419.71999999999
2025-07-24 12:35:00,99419.71999999999
2025-07-24 12:40:00,99419.71999999999
2025-07-24 12:45:00,99419.71999999999
2025-07-24 12:50:00,99419.71999999999
2025-07-24 12:55:00,99419.71999999999
2025-07-24 13:00:00,99419.71999999999
2025-07-24 13:05:00,99419.71999999999
2025-07-24 13:10:00,99419.71999999999
2025-07-24 13:15:00,99419.71999999999
2025-07-24 13:20:00,99419.71999999999
2025-07-24 13:25:00,99419.71999999999
2025-07-24 13:30:00,99419.71999999999
2025-07-24 13:35:00,99419.71999999999
2025-07-24 13:40:00,99419.71999999999
2025-07-24 13:45:00,99419.71999999999
2025-07-24 13:50:00,99419.71999999999
2025-07-24 13:55:00,99419.71999999999
2025-07-24 14:00:00,99419.71999999999
2025-07-24 14:05:00,99419.71999999999
2025-07-24 14:10:00,99419.71999999999
2025-07-24 14:15:00,99419.71999999999
2025-07-24 14:20:00,99419.71999999999
2025-07-24 14:25:00,99419.71999999999
2025-07-24 14:30:00,99419.71999999999
2025-07-24 14:35:00,99419.71999999999
2025-07-24 14:40:00,99430.41999999998
2025-07-24 14:45:00,99430.41999999998
2025-07-24 14:50:00,99430.41999999998
2025-07-24 14:55:00,99430.41999999998
2025-07-24 15:00:00,99430.41999999998
2025-07-24 15:05:00,99430.41999999998
2025-07-24 15:10:00,99430.41999999998
2025-07-24 15:15:00,99430.41999999998
2025-07-24 15:20:00,99430.41999999998
2025-07-24 15:25:00,99430.41999999998
2025-07-24 15:30:00,99430.41999999998
2025-07-25 09:15:00,99430.41999999998
2025-07-25 09:20:00,99430.41999999998
2025-07-25 09:25:00,99430.41999999998
2025-07-25 09:30:00,99430.41999999998
2025-07-25 09:35:00,99427.45999999999
2025-07-25 09:40:00,99427.45999999999
2025-07-25 09:45:00,99427.45999999999
2025-07-25 09:50:00,99427.45999999999
2025-07-25 09:55:00,99427.45999999999
2025-07-25 10:00:00,99427.45999999999
2025-07-25 10:05:00,99427.45999999999
2025-07-25 10:10:00,99427.45999999999
2025-07-25 10:15:00,99427.45999999999
2025-07-25 10:20:00,99427.45999999999
2025-07-25 10:25:00,99427.45999999999
2025-07-25 10:30:00,99427.45999999999
2025-07-25 10:35:00,99427.45999999999
2025-07-25 10:40:00,99427.45999999999
2025-07-25 10:45:00,99427.45999999999
2025-07-25 10:50:00,99427.45999999999
2025-07-25 10:55:00,99427.45999999999
2025-07-25 11:00:00,99427.45999999999
2025-07-25 11:05:00,99427.45999999999
2025-07-25 11:10:00,99427.45999999999
2025-07-25 11:15:00,99427.45999999999
2025-07-25 11:20:00,99427.45999999999
2025-07-25 11:25:00,99441.57999999999
2025-07-25 11:30:00,99441.57999999999
2025-07-25 11:35:00,99441.57999999999
2025-07-25 11:40:00,99441.57999999999
2025-07-25 11:45:00,99415.00999999998
2025-07-25 11:50:00,99415.00999999998
2025-07-25 11:55:00,99415.00999999998
2025-07-25 12:00:00,99415.00999999998
2025-07-25 12:05:00,99415.00999999998
2025-07-25 12:10:00,99415.00999999998
2025-07-25 12:15:00,99415.00999999998
2025-07-25 12:20:00,99415.00999999998
2025-07-25 12:25:00,99415.00999999998
2025-07-25 12:30:00,99415.00999999998
2025-07-25 12:35:00,99415.00999999998
2025-07-25 12:40:00,99415.00999999998
2025-07-25 12:45:00,99415.00999999998
2025-07-25 12:50:00,99415.00999999998
2025-07-25 12:55:00,99389.62999999999
2025-07-25 13:00:00,99389.62999999999
2025-07-25 13:05:00,99389.62999999999
2025-07-25 13:10:00,99389.62999999999
2025-07-25 13:15:00,99389.62999999999
2025-07-25 13:20:00,99389.62999999999
2025-07-25 13:25:00,99389.62999999999
2025-07-25 13:30:00,99389.62999999999
2025-07-25 13:35:00,99333.62
2025-07-25 13:40:00,99333.62
2025-07-25 13:45:00,99333.62
2025-07-25 13:50:00,99333.62
2025-07-25 13:55:00,99333.62
2025-07-25 14:00:00,99333.62
2025-07-25 14:05:00,99333.62
2025-07-25 14:10:00,99333.62
2025-07-25 14:15:00,99333.62
2025-07-25 14:20:00,99333.62
2025-07-25 14:25:00,99333.62
2025-07-25 14:30:00,99333.62
2025-07-25 14:35:00,99292.66999999998
2025-07-25 14:40:00,99292.66999999998
2025-07-25 14:45:00,99292.66999999998
2025-07-25 14:50:00,99292.66999999998
2025-07-25 14:55:00,99292.66999999998
2025-07-25 15:00:00,99292.66999999998
2025-07-25 15:05:00,99292.66999999998
2025-07-25 15:10:00,99292.66999999998
2025-07-25 15:15:00,99292.66999999998
2025-07-25 15:20:00,99292.66999999998
2025-07-25 15:25:00,99292.66999999998
2025-07-25 15:30:00,99292.66999999998
2025-07-28 09:15:00,99292.66999999998
2025-07-28 09:20:00,99292.66999999998
2025-07-28 09:25:00,99292.66999999998
2025-07-28 09:30:00,99292.66999999998
2025-07-28 09:35:00,99279.50999999998
2025-07-28 09:40:00,99279.50999999998
2025-07-28 09:45:00,99279.50999999998
2025-07-28 09:50:00,99279.50999999998
2025-07-28 09:55:00,99279.50999999998
2025-07-28 10:00:00,99279.50999999998
2025-07-28 10:05:00,99279.50999999998
2025-07-28 10:10:00,99279.50999999998
2025-07-28 10:15:00,99279.50999999998
2025-07-28 10:20:00,99279.50999999998
2025-07-28 10:25:00,99279.50999999998
2025-07-28 10:30:00,99258.85999999999
2025-07-28 10:35:00,99258.85999999999
2025-07-28 10:40:00,99258.85999999999
2025-07-28 10:45:00,99258.85999999999
2025-07-28 10:50:00,99258.85999999999
2025-07-28 10:55:00,99258.85999999999
2025-07-28 11:00:00,99258.85999999999
2025-07-28 11:05:00,99258.85999999999
2025-07-28 11:10:00,99258.85999999999
2025-07-28 11:15:00,99258.85999999999
2025-07-28 11:20:00,99258.85999999999
2025-07-28 11:25:00,99258.85999999999
2025-07-28 11:30:00,99258.85999999999
2025-07-28 11:35:00,99258.85999999999
2025-07-28 11:40:00,99258.85999999999
2025-07-28 11:45:00,99258.85999999999
2025-07-28 11:50:00,99258.85999999999
2025-07-28 11:55:00,99258.85999999999
2025-07-28 12:00:00,99258.85999999999
2025-07-28 12:05:00,99258.85999999999
2025-07-28 12:10:00,99258.85999999999
2025-07-28 12:15:00,99258.85999999999
2025-07-28 12:20:00,99258.85999999999
2025-07-28 12:25:00,99258.85999999999
2025-07-28 12:30:00,99258.85999999999
2025-07-28 12:35:00,99258.85999999999
2025-07-28 12:40:00,99258.85999999999
2025-07-28 12:45:00,99258.85999999999
2025-07-28 12:50:00,99258.85999999999
2025-07-28 12:55:00,99258.85999999999
2025-07-28 13:00:00,99258.85999999999
2025-07-28 13:05:00,99270.04999999999
2025-07-28 13:10:00,99270.04999999999
2025-07-28 13:15:00,99270.04999999999
2025-07-28 13:20:00,99270.04999999999
2025-07-28 13:25:00,99270.04999999999
2025-07-28 13:30:00,99270.04999999999
2025-07-28 13:35:00,99270.04999999999
2025-07-28 13:40:00,99270.04999999999
2025-07-28 13:45:00,99270.04999999999
2025-07-28 13:50:00,99270.04999999999
2025-07-28 13:55:00,99270.04999999999
2025-07-28 14:00:00,99270.04999999999
2025-07-28 14:05:00,99270.04999999999
2025-07-28 14:10:00,99270.04999999999
2025-07-28 14:15:00,99270.04999999999
2025-07-28 14:20:00,99270.04999999999
2025-07-28 14:25:00,99270.04999999999
2025-07-28 14:30:00,99270.04999999999
2025-07-28 14:35:00,99270.04999999999
2025-07-28 14:40:00,99270.04999999999
2025-07-28 14:45:00,99270.04999999999
2025-07-28 14:50:00,99270.04999999999
2025-07-28 14:55:00,99270.04999999999
2025-07-28 15:00:00,99270.04999999999
2025-07-28 15:05:00,99270.04999999999
2025-07-28 15:10:00,99270.04999999999
2025-07-28 15:15:00,99270.04999999999
2025-07-28 15:20:00,99270.04999999999
2025-07-28 15:25:00,99270.04999999999
2025-07-28 15:30:00,99270.04999999999
2025-07-29 09:15:00,99270.04999999999
2025-07-29 09:20:00,99270.04999999999
2025-07-29 09:25:00,99270.04999999999
2025-07-29 09:30:00,99381.43999999999
2025-07-29 09:35:00,99381.43999999999
2025-07-29 09:40:00,99381.43999999999
2025-07-29 09:45:00,99381.43999999999
2025-07-29 09:50:00,99381.43999999999
2025-07-29 09:55:00,99381.43999999999
2025-07-29 10:00:00,99381.43999999999
2025-07-29 10:05:00,99381.43999999999
2025-07-29 10:10:00,99381.43999999999
2025-07-29 10:15:00,99381.43999999999
2025-07-29 10:20:00,99381.43999999999
2025-07-29 10:25:00,99381.43999999999
2025-07-29 10:30:00,99381.43999999999
2025-07-29 10:35:00,99381.43999999999
2025-07-29 10:40:00,99381.43999999999
2025-07-29 10:45:00,99381.43999999999
2025-07-29 10:50:00,99381.43999999999
2025-07-29 10:55:00,99381.43999999999
2025-07-29 11:00:00,99381.43999999999
2025-07-29 11:05:00,99381.43999999999
2025-07-29 11:10:00,99381.43999999999
2025-07-29 11:15:00,99381.43999999999
2025-07-29 11:20:00,99381.43999999999
2025-07-29 11:25:00,99381.43999999999
2025-07-29 11:30:00,99381.43999999999
2025-07-29 11:35:00,99381.43999999999
2025-07-29 11:40:00,99381.43999999999
2025-07-29 11:45:00,99381.43999999999
2025-07-29 11:50:00,99381.43999999999
2025-07-29 11:55:00,99381.43999999999
2025-07-29 12:00:00,99381.43999999999
2025-07-29 12:05:00,99404.20999999999
2025-07-29 12:10:00,99404.20999999999
2025-07-29 12:15:00,99404.20999999999
2025-07-29 12:20:00,99404.20999999999
2025-07-29 12:25:00,99404.20999999999
2025-07-29 12:30:00,99404.20999999999
2025-07-29 12:35:00,99404.20999999999
2025-07-29 12:40:00,99404.20999999999
2025-07-29 12:45:00,99404.20999999999
2025-07-29 12:50:00,99404.20999999999
2025-07-29 12:55:00,99404.20999999999
2025-07-29 13:00:00,99404.20999999999
2025-07-29 13:05:00,99404.20999999999
2025-07-29 13:10:00,99404.20999999999
2025-07-29 13:15:00,99404.20999999999
2025-07-29 13:20:00,99342.66999999998
2025-07-29 13:25:00,99342.66999999998
2025-07-29 13:30:00,99342.66999999998
2025-07-29 13:35:00,99342.66999999998
2025-07-29 13:40:00,99342.66999999998
2025-07-29 13:45:00,99342.66999999998
2025-07-29 13:50:00,99342.66999999998
2025-07-29 13:55:00,99342.66999999998
2025-07-29 14:00:00,99342.66999999998
2025-07-29 14:05:00,99342.66999999998
2025-07-29 14:10:00,99342.66999999998
2025-07-29 14:15:00,99342.66999999998
2025-07-29 14:20:00,99342.66999999998
2025-07-29 14:25:00,99342.66999999998
2025-07-29 14:30:00,99342.66999999998
2025-07-29 14:35:00,99342.66999999998
2025-07-29 14:40:00,99342.66999999998
2025-07-29 14:45:00,99342.66999999998
2025-07-29 14:50:00,99342.66999999998
2025-07-29 14:55:00,99342.66999999998
2025-07-29 15:00:00,99342.66999999998
2025-07-29 15:05:00,99342.66999999998
2025-07-29 15:10:00,99342.66999999998
2025-07-29 15:15:00,99342.66999999998
2025-07-29 15:20:00,99342.66999999998
2025-07-29 15:25:00,99342.66999999998
2025-07-29 15:30:00,99342.66999999998
2025-07-30 09:15:00,99342.66999999998
2025-07-30 09:20:00,99342.66999999998
2025-07-30 09:25:00,99342.66999999998
2025-07-30 09:30:00,99342.66999999998
2025-07-30 09:35:00,99342.66999999998
2025-07-30 09:40:00,99342.66999999998
2025-07-30 09:45:00,99342.66999999998
2025-07-30 09:50:00,99342.66999999998
2025-07-30 09:55:00,99297.52999999998
2025-07-30 10:00:00,99297.52999999998
2025-07-30 10:05:00,99297.52999999998
2025-07-30 10:10:00,99297.52999999998
2025-07-30 10:15:00,99297.52999999998
2025-07-30 10:20:00,99297.52999999998
2025-07-30 10:25:00,99297.52999999998
2025-07-30 10:30:00,99297.52999999998
2025-07-30 10:35:00,99297.52999999998
2025-07-30 10:40:00,99297.52999999998
2025-07-30 10:45:00,99297.52999999998
2025-07-30 10:50:00,99297.52999999998
2025-07-30 10:55:00,99297.52999999998
2025-07-30 11:00:00,99297.52999999998
2025-07-30 11:05:00,99281.46999999999
2025-07-30 11:10:00,99281.46999999999
2025-07-30 11:15:00,99281.46999999999
2025-07-30 11:20:00,99281.46999999999
2025-07-30 11:25:00,99281.46999999999
2025-07-30 11:30:00,99281.46999999999
2025-07-30 11:35:00,99281.46999999999
2025-07-30 11:40:00,99281.46999999999
2025-07-30 11:45:00,99281.46999999999
2025-07-30 11:50:00,99281.46999999999
2025-07-30 11:55:00,99281.46999999999
2025-07-30 12:00:00,99281.46999999999
2025-07-30 12:05:00,99281.46999999999
2025-07-30 12:10:00,99281.46999999999
2025-07-30 12:15:00,99281.46999999999
2025-07-30 12:20:00,99281.46999999999
2025-07-30 12:25:00,99281.46999999999
2025-07-30 12:30:00,99281.46999999999
2025-07-30 12:35:00,99281.46999999999
2025-07-30 12:40:00,99281.46999999999
2025-07-30 12:45:00,99281.46999999999
2025-07-30 12:50:00,99281.46999999999
2025-07-30 12:55:00,99281.46999999999
2025-07-30 13:00:00,99281.46999999999
2025-07-30 13:05:00,99281.46999999999
2025-07-30 13:10:00,99281.46999999999
2025-07-30 13:15:00,99281.46999999999
2025-07-30 13:20:00,99281.46999999999
2025-07-30 13:25:00,99281.46999999999
2025-07-30 13:30:00,99281.46999999999
2025-07-30 13:35:00,99281.46999999999
2025-07-30 13:40:00,99281.46999999999
2025-07-30 13:45:00,99281.46999999999
2025-07-30 13:50:00,99281.46999999999
2025-07-30 13:55:00,99281.46999999999
2025-07-30 14:00:00,99287.12
2025-07-30 14:05:00,99287.12
2025-07-30 14:10:00,99287.12
2025-07-30 14:15:00,99287.12
2025-07-30 14:20:00,99287.12
2025-07-30 14:25:00,99287.12
2025-07-30 14:30:00,99287.12
2025-07-30 14:35:00,99287.12
2025-07-30 14:40:00,99287.12
2025-07-30 14:45:00,99287.12
2025-07-30 14:50:00,99287.12
2025-07-30 14:55:00,99287.12
2025-07-30 15:00:00,99287.12
2025-07-30 15:05:00,99287.12
2025-07-30 15:10:00,99266.78999999998
2025-07-30 15:15:00,99266.78999999998
2025-07-30 15:20:00,99266.78999999998
2025-07-30 15:25:00,99266.78999999998
2025-07-30 15:30:00,99266.78999999998
2025-07-31 09:15:00,99266.78999999998
2025-07-31 09:20:00,99266.78999999998
2025-07-31 09:25:00,99266.78999999998
2025-07-31 09:30:00,99266.78999999998
2025-07-31 09:35:00,99266.78999999998
2025-07-31 09:40:00,99266.78999999998
2025-07-31 09:45:00,99266.78999999998
2025-07-31 09:50:00,99266.78999999998
2025-07-31 09:55:00,99266.78999999998
2025-07-31 10:00:00,99266.78999999998
2025-07-31 10:05:00,99266.78999999998
2025-07-31 10:10:00,99266.78999999998
2025-07-31 10:15:00,99266.78999999998
2025-07-31 10:20:00,99266.78999999998
2025-07-31 10:25:00,99266.78999999998
2025-07-31 10:30:00,99266.78999999998
2025-07-31 10:35:00,99266.78999999998
2025-07-31 10:40:00,99266.78999999998
2025-07-31 10:45:00,99266.78999999998
2025-07-31 10:50:00,99266.78999999998
2025-07-31 10:55:00,99266.78999999998
2025-07-31 11:00:00,99266.78999999998
2025-07-31 11:05:00,99266.78999999998
2025-07-31 11:10:00,99266.78999999998
2025-07-31 11:15:00,99266.78999999998
2025-07-31 11:20:00,99266.78999999998
2025-07-31 11:25:00,99266.78999999998
2025-07-31 11:30:00,99266.78999999998
2025-07-31 11:35:00,99266.78999999998
2025-07-31 11:40:00,99266.78999999998
2025-07-31 11:45:00,99266.78999999998
2025-07-31 11:50:00,99266.78999999998
2025-07-31 11:55:00,99266.78999999998
2025-07-31 12:00:00,99266.78999999998
2025-07-31 12:05:00,99266.78999999998
2025-07-31 12:10:00,99266.78999999998
2025-07-31 12:15:00,99266.78999999998
2025-07-31 12:20:00,99266.78999999998
2025-07-31 12:25:00,99266.78999999998
2025-07-31 12:30:00,99266.78999999998
2025-07-31 12:35:00,99266.78999999998
2025-07-31 12:40:00,99266.78999999998
2025-07-31 12:45:00,99266.78999999998
2025-07-31 12:50:00,99266.78999999998
2025-07-31 12:55:00,99266.78999999998
2025-07-31 13:00:00,99266.78999999998
2025-07-31 13:05:00,99266.78999999998
2025-07-31 13:10:00,99266.78999999998
2025-07-31 13:15:00,99266.78999999998
2025-07-31 13:20:00,99266.78999999998
2025-07-31 13:25:00,99554.26999999999
2025-07-31 13:30:00,99554.26999999999
2025-07-31 13:35:00,99554.26999999999
2025-07-31 13:40:00,99554.26999999999
2025-07-31 13:45:00,99554.26999999999
2025-07-31 13:50:00,99554.26999999999
2025-07-31 13:55:00,99554.26999999999
2025-07-31 14:00:00,99554.26999999999
2025-07-31 14:05:00,99554.26999999999
2025-07-31 14:10:00,99554.26999999999
2025-07-31 14:15:00,99554.26999999999
2025-07-31 14:20:00,99554.26999999999
2025-07-31 14:25:00,99554.26999999999
2025-07-31 14:30:00,99554.26999999999
2025-07-31 14:35:00,99554.26999999999
2025-07-31 14:40:00,99554.26999999999
2025-07-31 14:45:00,99554.26999999999
2025-07-31 14:50:00,99554.26999999999
2025-07-31 14:55:00,99554.26999999999
2025-07-31 15:00:00,99554.26999999999
2025-07-31 15:05:00,99554.26999999999
2025-07-31 15:10:00,99554.26999999999
2025-07-31 15:15:00,99554.26999999999
2025-07-31 15:20:00,99554.26999999999
2025-07-31 15:25:00,99554.26999999999
2025-07-31 15:30:00,99554.26999999999
2025-08-01 09:15:00,99554.26999999999
2025-08-01 09:20:00,99554.26999999999
2025-08-01 09:25:00,99554.26999999999
2025-08-01 09:30:00,99554.26999999999
2025-08-01 09:35:00,99554.26999999999
2025-08-01 09:40:00,99554.26999999999
2025-08-01 09:45:00,99554.26999999999
2025-08-01 09:50:00,99554.26999999999
2025-08-01 09:55:00,99554.26999999999
2025-08-01 10:00:00,99554.26999999999
2025-08-01 10:05:00,99554.26999999999
2025-08-01 10:10:00,99554.26999999999
2025-08-01 10:15:00,99554.26999999999
2025-08-01 10:20:00,99517.94999999998
2025-08-01 10:25:00,99517.94999999998
2025-08-01 10:30:00,99517.94999999998
2025-08-01 10:35:00,99517.94999999998
2025-08-01 10:40:00,99517.94999999998
2025-08-01 10:45:00,99517.94999999998
2025-08-01 10:50:00,99517.94999999998
2025-08-01 10:55:00,99517.94999999998
2025-08-01 11:00:00,99517.94999999998
2025-08-01 11:05:00,99517.94999999998
2025-08-01 11:10:00,99517.94999999998
2025-08-01 11:15:00,99517.94999999998
2025-08-01 11:20:00,99517.94999999998
2025-08-01 11:25:00,99517.94999999998
2025-08-01 11:30:00,99517.94999999998
2025-08-01 11:35:00,99517.94999999998
2025-08-01 11:40:00,99517.94999999998
2025-08-01 11:45:00,99517.94999999998
2025-08-01 11:50:00,99517.94999999998
2025-08-01 11:55:00,99517.94999999998
2025-08-01 12:00:00,99517.94999999998
2025-08-01 12:05:00,99517.94999999998
2025-08-01 12:10:00,99517.94999999998
2025-08-01 12:15:00,99517.94999999998
2025-08-01 12:20:00,99517.94999999998
2025-08-01 12:25:00,99517.94999999998
2025-08-01 12:30:00,99517.94999999998
2025-08-01 12:35:00,99517.94999999998
2025-08-01 12:40:00,99517.94999999998
2025-08-01 12:45:00,99517.94999999998
2025-08-01 12:50:00,99517.94999999998
2025-08-01 12:55:00,99517.94999999998
2025-08-01 13:00:00,99517.94999999998
2025-08-01 13:05:00,99517.94999999998
2025-08-01 13:10:00,99517.94999999998
2025-08-01 13:15:00,99517.94999999998
2025-08-01 13:20:00,99517.94999999998
2025-08-01 13:25:00,99517.94999999998
2025-08-01 13:30:00,99517.94999999998
2025-08-01 13:35:00,99517.94999999998
2025-08-01 13:40:00,99517.94999999998
2025-08-01 13:45:00,99517.94999999998
2025-08-01 13:50:00,99517.94999999998
2025-08-01 13:55:00,99517.94999999998
2025-08-01 14:00:00,99517.94999999998
2025-08-01 14:05:00,99517.94999999998
2025-08-01 14:10:00,99517.94999999998
2025-08-01 14:15:00,99517.94999999998
2025-08-01 14:20:00,99517.94999999998
2025-08-01 14:25:00,99517.94999999998
2025-08-01 14:30:00,99517.94999999998
2025-08-01 14:35:00,99517.94999999998
2025-08-01 14:40:00,99517.94999999998
2025-08-01 14:45:00,99517.94999999998
2025-08-01 14:50:00,99517.94999999998
2025-08-01 14:55:00,99517.94999999998
2025-08-01 15:00:00,99517.94999999998
2025-08-01 15:05:00,99517.94999999998
2025-08-01 15:10:00,99517.94999999998
2025-08-01 15:15:00,99517.94999999998
2025-08-01 15:20:00,99517.94999999998
2025-08-01 15:25:00,99517.94999999998
2025-08-01 15:30:00,99517.94999999998
2025-08-04 09:15:00,99517.94999999998
2025-08-04 09:20:00,99517.94999999998
2025-08-04 09:25:00,99517.94999999998
2025-08-04 09:30:00,99517.94999999998
2025-08-04 09:35:00,99517.94999999998
2025-08-04 09:40:00,99517.94999999998
2025-08-04 09:45:00,99517.94999999998
2025-08-04 09:50:00,99517.94999999998
2025-08-04 09:55:00,99517.94999999998
2025-08-04 10:00:00,99517.94999999998
2025-08-04 10:05:00,99517.94999999998
2025-08-04 10:10:00,99517.94999999998
2025-08-04 10:15:00,99517.94999999998
2025-08-04 10:20:00,99517.94999999998
2025-08-04 10:25:00,99517.94999999998
2025-08-04 10:30:00,99517.94999999998
2025-08-04 10:35:00,99517.94999999998
2025-08-04 10:40:00,99517.94999999998
2025-08-04 10:45:00,99517.94999999998
2025-08-04 10:50:00,99517.94999999998
2025-08-04 10:55:00,99517.94999999998
2025-08-04 11:00:00,99517.94999999998
2025-08-04 11:05:00,99517.94999999998
2025-08-04 11:10:00,99517.94999999998
2025-08-04 11:15:00,99517.94999999998
2025-08-04 11:20:00,99517.94999999998
2025-08-04 11:25:00,99517.94999999998
2025-08-04 11:30:00,99517.94999999998
2025-08-04 11:35:00,99517.94999999998
2025-08-04 11:40:00,99517.94999999998
2025-08-04 11:45:00,99517.94999999998
2025-08-04 11:50:00,99517.94999999998
2025-08-04 11:55:00,99517.94999999998
2025-08-04 12:00:00,99517.94999999998
2025-08-04 12:05:00,99517.94999999998
2025-08-04 12:10:00,99517.94999999998
2025-08-04 12:15:00,99517.94999999998
2025-08-04 12:20:00,99517.94999999998
2025-08-04 12:25:00,99517.94999999998
2025-08-04 12:30:00,99517.94999999998
2025-08-04 12:35:00,99517.94999999998
2025-08-04 12:40:00,99517.94999999998
2025-08-04 12:45:00,99517.94999999998
2025-08-04 12:50:00,99517.94999999998
2025-08-04 12:55:00,99517.94999999998
2025-08-04 13:00:00,99517.94999999998
2025-08-04 13:05:00,99517.94999999998
2025-08-04 13:10:00,99517.94999999998
2025-08-04 13:15:00,99517.94999999998
2025-08-04 13:20:00,99517.94999999998
2025-08-04 13:25:00,99517.94999999998
2025-08-04 13:30:00,99517.94999999998
2025-08-04 13:35:00,99517.94999999998
2025-08-04 13:40:00,99517.94999999998
2025-08-04 13:45:00,99517.94999999998
2025-08-04 13:50:00,99517.94999999998
2025-08-04 13:55:00,99517.94999999998
2025-08-04 14:00:00,99517.94999999998
2025-08-04 14:05:00,99517.94999999998
2025-08-04 14:10:00,99517.94999999998
2025-08-04 14:15:00,99517.94999999998
2025-08-04 14:20:00,99517.94999999998
2025-08-04 14:25:00,99517.94999999998
2025-08-04 14:30:00,99517.94999999998
2025-08-04 14:35:00,99517.94999999998
2025-08-04 14:40:00,99517.94999999998
2025-08-04 14:45:00,99517.94999999998
2025-08-04 14:50:00,99517.94999999998
2025-08-04 14:55:00,99517.94999999998
2025-08-04 15:00:00,99517.94999999998
2025-08-04 15:05:00,99517.94999999998
2025-08-04 15:10:00,99517.94999999998
2025-08-04 15:15:00,99517.94999999998
2025-08-04 15:20:00,99517.94999999998
2025-08-04 15:25:00,99517.94999999998
2025-08-04 15:30:00,99517.94999999998
2025-08-05 09:15:00,99517.94999999998
2025-08-05 09:20:00,99517.94999999998
2025-08-05 09:25:00,99517.94999999998
2025-08-05 09:30:00,99517.94999999998
2025-08-05 09:35:00,99517.94999999998
2025-08-05 09:40:00,99517.94999999998
2025-08-05 09:45:00,99517.94999999998
2025-08-05 09:50:00,99517.94999999998
2025-08-05 09:55:00,99517.94999999998
2025-08-05 10:00:00,99517.94999999998
2025-08-05 10:05:00,99517.94999999998
2025-08-05 10:10:00,99517.94999999998
2025-08-05 10:15:00,99517.94999999998
2025-08-05 10:20:00,99517.94999999998
2025-08-05 10:25:00,99517.94999999998
2025-08-05 10:30:00,99517.94999999998
2025-08-05 10:35:00,99517.94999999998
2025-08-05 10:40:00,99517.94999999998
2025-08-05 10:45:00,99517.94999999998
2025-08-05 10:50:00,99517.94999999998
2025-08-05 10:55:00,99517.94999999998
2025-08-05 11:00:00,99517.94999999998
2025-08-05 11:05:00,99517.94999999998
2025-08-05 11:10:00,99517.94999999998
2025-08-05 11:15:00,99517.94999999998
2025-08-05 11:20:00,99517.94999999998
2025-08-05 11:25:00,99517.94999999998
2025-08-05 11:30:00,99517.94999999998
2025-08-05 11:35:00,99517.94999999998
2025-08-05 11:40:00,99517.94999999998
2025-08-05 11:45:00,99517.94999999998
2025-08-05 11:50:00,99517.94999999998
2025-08-05 11:55:00,99517.94999999998
2025-08-05 12:00:00,99517.94999999998
2025-08-05 12:05:00,99517.94999999998
2025-08-05 12:10:00,99517.94999999998
2025-08-05 12:15:00,99517.94999999998
2025-08-05 12:20:00,99517.94999999998
2025-08-05 12:25:00,99517.94999999998
2025-08-05 12:30:00,99517.94999999998
2025-08-05 12:35:00,99517.94999999998
2025-08-05 12:40:00,99517.94999999998
2025-08-05 12:45:00,99517.94999999998
2025-08-05 12:50:00,99517.94999999998
2025-08-05 12:55:00,99517.94999999998
2025-08-05 13:00:00,99517.94999999998
2025-08-05 13:05:00,99517.94999999998
2025-08-05 13:10:00,99517.94999999998
2025-08-05 13:15:00,99517.94999999998
2025-08-05 13:20:00,99517.94999999998
2025-08-05 13:25:00,99517.94999999998
2025-08-05 13:30:00,99517.94999999998
2025-08-05 13:35:00,99517.94999999998
2025-08-05 13:40:00,99517.94999999998
2025-08-05 13:45:00,99517.94999999998
2025-08-05 13:50:00,99517.94999999998
2025-08-05 13:55:00,99517.94999999998
2025-08-05 14:00:00,99517.94999999998
2025-08-05 14:05:00,99517.94999999998
2025-08-05 14:10:00,99517.94999999998
2025-08-05 14:15:00,99517.94999999998
2025-08-05 14:20:00,99517.94999999998
2025-08-05 14:25:00,99517.94999999998
2025-08-05 14:30:00,99517.94999999998
2025-08-05 14:35:00,99517.94999999998
2025-08-05 14:40:00,99517.94999999998
2025-08-05 14:45:00,99517.94999999998
2025-08-05 14:50:00,99517.94999999998
2025-08-05 14:55:00,99517.94999999998
2025-08-05 15:00:00,99517.94999999998
2025-08-05 15:05:00,99517.94999999998
2025-08-05 15:10:00,99517.94999999998
2025-08-05 15:15:00,99517.94999999998
2025-08-05 15:20:00,99517.94999999998
2025-08-05 15:25:00,99517.94999999998
2025-08-05 15:30:00,99517.94999999998
2025-08-06 09:15:00,99517.94999999998
2025-08-06 09:20:00,99517.94999999998
2025-08-06 09:25:00,99517.94999999998
2025-08-06 09:30:00,99517.94999999998
2025-08-06 09:35:00,99517.94999999998
2025-08-06 09:40:00,99517.94999999998
2025-08-06 09:45:00,99517.94999999998
2025-08-06 09:50:00,99517.94999999998
2025-08-06 09:55:00,99517.94999999998
2025-08-06 10:00:00,99517.94999999998
2025-08-06 10:05:00,99517.94999999998
2025-08-06 10:10:00,99517.94999999998
2025-08-06 10:15:00,99517.94999999998
2025-08-06 10:20:00,99517.94999999998
2025-08-06 10:25:00,99517.94999999998
2025-08-06 10:30:00,99517.94999999998
2025-08-06 10:35:00,99517.94999999998
2025-08-06 10:40:00,99517.94999999998
2025-08-06 10:45:00,99517.94999999998
2025-08-06 10:50:00,99517.94999999998
2025-08-06 10:55:00,99517.94999999998
2025-08-06 11:00:00,99517.94999999998
2025-08-06 11:05:00,99517.94999999998
2025-08-06 11:10:00,99517.94999999998
2025-08-06 11:15:00,99517.94999999998
2025-08-06 11:20:00,99517.94999999998
2025-08-06 11:25:00,99517.94999999998
2025-08-06 11:30:00,99517.94999999998
2025-08-06 11:35:00,99517.94999999998
2025-08-06 11:40:00,99517.94999999998
2025-08-06 11:45:00,99517.94999999998
2025-08-06 11:50:00,99517.94999999998
2025-08-06 11:55:00,99517.94999999998
2025-08-06 12:00:00,99517.94999999998
2025-08-06 12:05:00,99517.94999999998
2025-08-06 12:10:00,99517.94999999998
2025-08-06 12:15:00,99517.94999999998
2025-08-06 12:20:00,99517.94999999998
2025-08-06 12:25:00,99517.94999999998
2025-08-06 12:30:00,99517.94999999998
2025-08-06 12:35:00,99517.94999999998
2025-08-06 12:40:00,99517.94999999998
2025-08-06 12:45:00,99517.94999999998
2025-08-06 12:50:00,99517.94999999998
2025-08-06 12:55:00,99517.94999999998
2025-08-06 13:00:00,99517.94999999998
2025-08-06 13:05:00,99517.94999999998
2025-08-06 13:10:00,99517.94999999998
2025-08-06 13:15:00,99517.94999999998
2025-08-06 13:20:00,99517.94999999998
2025-08-06 13:25:00,99517.94999999998
2025-08-06 13:30:00,99517.94999999998
2025-08-06 13:35:00,99517.94999999998
2025-08-06 13:40:00,99517.94999999998
2025-08-06 13:45:00,99517.94999999998
2025-08-06 13:50:00,99517.94999999998
2025-08-06 13:55:00,99517.94999999998
2025-08-06 14:00:00,99517.94999999998
2025-08-06 14:05:00,99517.94999999998
2025-08-06 14:10:00,99517.94999999998
2025-08-06 14:15:00,99517.94999999998
2025-08-06 14:20:00,99517.94999999998
2025-08-06 14:25:00,99517.94999999998
2025-08-06 14:30:00,99517.94999999998
2025-08-06 14:35:00,99517.94999999998
2025-08-06 14:40:00,99517.94999999998
2025-08-06 14:45:00,99517.94999999998
2025-08-06 14:50:00,99517.94999999998
2025-08-06 14:55:00,99517.94999999998
2025-08-06 15:00:00,99517.94999999998
2025-08-06 15:05:00,99517.94999999998
2025-08-06 15:10:00,99517.94999999998
2025-08-06 15:15:00,99517.94999999998
2025-08-06 15:20:00,99517.94999999998
2025-08-06 15:25:00,99517.94999999998
2025-08-06 15:30:00,99517.94999999998
2025-08-07 09:15:00,99517.94999999998
2025-08-07 09:20:00,99517.94999999998
2025-08-07 09:25:00,99517.94999999998
2025-08-07 09:30:00,99517.94999999998
2025-08-07 09:35:00,99517.94999999998
2025-08-07 09:40:00,99517.94999999998
2025-08-07 09:45:00,99517.94999999998
2025-08-07 09:50:00,99517.94999999998
2025-08-07 09:55:00,99517.94999999998
2025-08-07 10:00:00,99517.94999999998
2025-08-07 10:05:00,99517.94999999998
2025-08-07 10:10:00,99517.94999999998
2025-08-07 10:15:00,99517.94999999998
2025-08-07 10:20:00,99517.94999999998
2025-08-07 10:25:00,99517.94999999998
2025-08-07 10:30:00,99517.94999999998
2025-08-07 10:35:00,99517.94999999998
2025-08-07 10:40:00,99517.94999999998
2025-08-07 10:45:00,99517.94999999998
2025-08-07 10:50:00,99517.94999999998
2025-08-07 10:55:00,99517.94999999998
2025-08-07 11:00:00,99517.94999999998
2025-08-07 11:05:00,99517.94999999998
2025-08-07 11:10:00,99517.94999999998
2025-08-07 11:15:00,99517.94999999998
2025-08-07 11:20:00,99517.94999999998
2025-08-07 11:25:00,99517.94999999998
2025-08-07 11:30:00,99517.94999999998
2025-08-07 11:35:00,99517.94999999998
2025-08-07 11:40:00,99517.94999999998
2025-08-07 11:45:00,99517.94999999998
2025-08-07 11:50:00,99517.94999999998
2025-08-07 11:55:00,99517.94999999998
2025-08-07 12:00:00,99517.94999999998
2025-08-07 12:05:00,99517.94999999998
2025-08-07 12:10:00,99517.94999999998
2025-08-07 12:15:00,99517.94999999998
2025-08-07 12:20:00,99517.94999999998
2025-08-07 12:25:00,99517.94999999998
2025-08-07 12:30:00,99517.94999999998
2025-08-07 12:35:00,99517.94999999998
2025-08-07 12:40:00,99517.94999999998
2025-08-07 12:45:00,99517.94999999998
2025-08-07 12:50:00,99517.94999999998
2025-08-07 12:55:00,99517.94999999998
2025-08-07 13:00:00,99517.94999999998
2025-08-07 13:05:00,99517.94999999998
2025-08-07 13:10:00,99517.94999999998
2025-08-07 13:15:00,99517.94999999998
2025-08-07 13:20:00,99517.94999999998
2025-08-07 13:25:00,99517.94999999998
2025-08-07 13:30:00,99517.94999999998
2025-08-07 13:35:00,99517.94999999998
2025-08-07 13:40:00,99517.94999999998
2025-08-07 13:45:00,99517.94999999998
2025-08-07 13:50:00,99517.94999999998
2025-08-07 13:55:00,99517.94999999998
2025-08-07 14:00:00,99517.94999999998
2025-08-07 14:05:00,99517.94999999998
2025-08-07 14:10:00,99517.94999999998
2025-08-07 14:15:00,99517.94999999998
2025-08-07 14:20:00,99517.94999999998
2025-08-07 14:25:00,99517.94999999998
2025-08-07 14:30:00,99517.94999999998
2025-08-07 14:35:00,99517.94999999998
2025-08-07 14:40:00,99517.94999999998
2025-08-07 14:45:00,99517.94999999998
2025-08-07 14:50:00,99517.94999999998
2025-08-07 14:55:00,99517.94999999998
2025-08-07 15:00:00,99517.94999999998
2025-08-07 15:05:00,99517.94999999998
2025-08-07 15:10:00,99517.94999999998
2025-08-07 15:15:00,99517.94999999998
2025-08-07 15:20:00,99517.94999999998
2025-08-07 15:25:00,99517.94999999998
2025-08-07 15:30:00,99517.94999999998
2025-08-08 09:15:00,99517.94999999998
2025-08-08 09:20:00,99517.94999999998
2025-08-08 09:25:00,99517.94999999998
2025-08-08 09:30:00,99517.94999999998
2025-08-08 09:35:00,99517.94999999998
2025-08-08 09:40:00,99517.94999999998
2025-08-08 09:45:00,99517.94999999998
2025-08-08 09:50:00,99517.94999999998
2025-08-08 09:55:00,99517.94999999998
2025-08-08 10:00:00,99517.94999999998
2025-08-08 10:05:00,99517.94999999998
2025-08-08 10:10:00,99517.94999999998
2025-08-08 10:15:00,99517.94999999998
2025-08-08 10:20:00,99517.94999999998
2025-08-08 10:25:00,99517.94999999998
2025-08-08 10:30:00,99517.94999999998
2025-08-08 10:35:00,99517.94999999998
2025-08-08 10:40:00,99517.94999999998
2025-08-08 10:45:00,99517.94999999998
2025-08-08 10:50:00,99517.94999999998
2025-08-08 10:55:00,99517.94999999998
2025-08-08 11:00:00,99517.94999999998
2025-08-08 11:05:00,99517.94999999998
2025-08-08 11:10:00,99517.94999999998
2025-08-08 11:15:00,99517.94999999998
2025-08-08 11:20:00,99517.94999999998
2025-08-08 11:25:00,99517.94999999998
2025-08-08 11:30:00,99517.94999999998
2025-08-08 11:35:00,99517.94999999998
2025-08-08 11:40:00,99517.94999999998
2025-08-08 11:45:00,99517.94999999998
2025-08-08 11:50:00,99517.94999999998
2025-08-08 11:55:00,99517.94999999998
2025-08-08 12:00:00,99517.94999999998
2025-08-08 12:05:00,99517.94999999998
2025-08-08 12:10:00,99517.94999999998
2025-08-08 12:15:00,99517.94999999998
2025-08-08 12:20:00,99517.94999999998
2025-08-08 12:25:00,99517.94999999998
2025-08-08 12:30:00,99517.94999999998
2025-08-08 12:35:00,99517.94999999998
2025-08-08 12:40:00,99517.94999999998
2025-08-08 12:45:00,99517.94999999998
2025-08-08 12:50:00,99517.94999999998
2025-08-08 12:55:00,99517.94999999998
2025-08-08 13:00:00,99517.94999999998
2025-08-08 13:05:00,99517.94999999998
2025-08-08 13:10:00,99517.94999999998
2025-08-08 13:15:00,99517.94999999998
2025-08-08 13:20:00,99517.94999999998
2025-08-08 13:25:00,99517.94999999998
2025-08-08 13:30:00,99517.94999999998
2025-08-08 13:35:00,99517.94999999998
2025-08-08 13:40:00,99517.94999999998
2025-08-08 13:45:00,99517.94999999998
2025-08-08 13:50:00,99517.94999999998
2025-08-08 13:55:00,99517.94999999998
2025-08-08 14:00:00,99517.94999999998
2025-08-08 14:05:00,99517.94999999998
2025-08-08 14:10:00,99517.94999999998
2025-08-08 14:15:00,99517.94999999998
2025-08-08 14:20:00,99517.94999999998
2025-08-08 14:25:00,99517.94999999998
2025-08-08 14:30:00,99517.94999999998
2025-08-08 14:35:00,99517.94999999998
2025-08-08 14:40:00,99517.94999999998
2025-08-08 14:45:00,99517.94999999998
2025-08-08 14:50:00,99517.94999999998
2025-08-08 14:55:00,99517.94999999998
2025-08-08 15:00:00,99517.94999999998
2025-08-08 15:05:00,99517.94999999998
2025-08-08 15:10:00,99517.94999999998
2025-08-08 15:15:00,99517.94999999998
2025-08-08 15:20:00,99517.94999999998
2025-08-08 15:25:00,99517.94999999998
2025-08-08 15:30:00,99517.94999999998
2025-08-11 09:15:00,99517.94999999998
2025-08-11 09:20:00,99517.94999999998
2025-08-11 09:25:00,99517.94999999998
2025-08-11 09:30:00,99517.94999999998
2025-08-11 09:35:00,99517.94999999998
2025-08-11 09:40:00,99517.94999999998
2025-08-11 09:45:00,99517.94999999998
2025-08-11 09:50:00,99517.94999999998
2025-08-11 09:55:00,99517.94999999998
2025-08-11 10:00:00,99517.94999999998
2025-08-11 10:05:00,99517.94999999998
2025-08-11 10:10:00,99517.94999999998
2025-08-11 10:15:00,99517.94999999998
2025-08-11 10:20:00,99517.94999999998
2025-08-11 10:25:00,99517.94999999998
2025-08-11 10:30:00,99517.94999999998
2025-08-11 10:35:00,99517.94999999998
2025-08-11 10:40:00,99517.94999999998
2025-08-11 10:45:00,99517.94999999998
2025-08-11 10:50:00,99517.94999999998
2025-08-11 10:55:00,99517.94999999998
2025-08-11 11:00:00,99517.94999999998
2025-08-11 11:05:00,99517.94999999998
2025-08-11 11:10:00,99517.94999999998
2025-08-11 11:15:00,99517.94999999998
2025-08-11 11:20:00,99517.94999999998
2025-08-11 11:25:00,99517.94999999998
2025-08-11 11:30:00,99517.94999999998
2025-08-11 11:35:00,99517.94999999998
2025-08-11 11:40:00,99517.94999999998
2025-08-11 11:45:00,99517.94999999998
2025-08-11 11:50:00,99517.94999999998
2025-08-11 11:55:00,99517.94999999998
2025-08-11 12:00:00,99517.94999999998
2025-08-11 12:05:00,99517.94999999998
2025-08-11 12:10:00,99517.94999999998
2025-08-11 12:15:00,99517.94999999998
2025-08-11 12:20:00,99517.94999999998
2025-08-11 12:25:00,99517.94999999998
2025-08-11 12:30:00,99517.94999999998
2025-08-11 12:35:00,99517.94999999998
2025-08-11 12:40:00,99517.94999999998
2025-08-11 12:45:00,99517.94999999998
2025-08-11 12:50:00,99517.94999999998
2025-08-11 12:55:00,99517.94999999998
2025-08-11 13:00:00,99517.94999999998
2025-08-11 13:05:00,99517.94999999998
2025-08-11 13:10:00,99517.94999999998
2025-08-11 13:15:00,99517.94999999998
2025-08-11 13:20:00,99517.94999999998
2025-08-11 13:25:00,99517.94999999998
2025-08-11 13:30:00,99517.94999999998
2025-08-11 13:35:00,99517.94999999998
2025-08-11 13:40:00,99517.94999999998
2025-08-11 13:45:00,99517.94999999998
2025-08-11 13:50:00,99517.94999999998
2025-08-11 13:55:00,99517.94999999998
2025-08-11 14:00:00,99517.94999999998
2025-08-11 14:05:00,99517.94999999998
2025-08-11 14:10:00,99517.94999999998
2025-08-11 14:15:00,99517.94999999998
2025-08-11 14:20:00,99517.94999999998
2025-08-11 14:25:00,99517.94999999998
2025-08-11 14:30:00,99517.94999999998
2025-08-11 14:35:00,99517.94999999998
2025-08-11 14:40:00,99517.94999999998
2025-08-11 14:45:00,99517.94999999998
2025-08-11 14:50:00,99517.94999999998
2025-08-11 14:55:00,99517.94999999998
2025-08-11 15:00:00,99517.94999999998
2025-08-11 15:05:00,99517.94999999998
2025-08-11 15:10:00,99517.94999999998
2025-08-11 15:15:00,99517.94999999998
2025-08-11 15:20:00,99517.94999999998
2025-08-11 15:25:00,99517.94999999998
2025-08-11 15:30:00,99517.94999999998
2025-08-12 09:15:00,99517.94999999998
2025-08-12 09:20:00,99517.94999999998
2025-08-12 09:25:00,99517.94999999998
2025-08-12 09:30:00,99517.94999999998
2025-08-12 09:35:00,99517.94999999998
2025-08-12 09:40:00,99517.94999999998
2025-08-12 09:45:00,99517.94999999998
2025-08-12 09:50:00,99517.94999999998
2025-08-12 09:55:00,99517.94999999998
2025-08-12 10:00:00,99517.94999999998
2025-08-12 10:05:00,99517.94999999998
2025-08-12 10:10:00,99517.94999999998
2025-08-12 10:15:00,99517.94999999998
2025-08-12 10:20:00,99517.94999999998
2025-08-12 10:25:00,99517.94999999998
2025-08-12 10:30:00,99517.94999999998
2025-08-12 10:35:00,99517.94999999998
2025-08-12 10:40:00,99517.94999999998
2025-08-12 10:45:00,99517.94999999998
2025-08-12 10:50:00,99517.94999999998
2025-08-12 10:55:00,99517.94999999998
2025-08-12 11:00:00,99517.94999999998
2025-08-12 11:05:00,99517.94999999998
2025-08-12 11:10:00,99517.94999999998
2025-08-12 11:15:00,99517.94999999998
2025-08-12 11:20:00,99517.94999999998
2025-08-12 11:25:00,99517.94999999998
2025-08-12 11:30:00,99517.94999999998
2025-08-12 11:35:00,99517.94999999998
2025-08-12 11:40:00,99517.94999999998
2025-08-12 11:45:00,99517.94999999998
2025-08-12 11:50:00,99517.94999999998
2025-08-12 11:55:00,99517.94999999998
2025-08-12 12:00:00,99517.94999999998
2025-08-12 12:05:00,99517.94999999998
2025-08-12 12:10:00,99517.94999999998
2025-08-12 12:15:00,99517.94999999998
2025-08-12 12:20:00,99517.94999999998
2025-08-12 12:25:00,99517.94999999998
2025-08-12 12:30:00,99517.94999999998
2025-08-12 12:35:00,99517.94999999998
2025-08-12 12:40:00,99517.94999999998
2025-08-12 12:45:00,99517.94999999998
2025-08-12 12:50:00,99517.94999999998
2025-08-12 12:55:00,99517.94999999998
2025-08-12 13:00:00,99517.94999999998
2025-08-12 13:05:00,99517.94999999998
2025-08-12 13:10:00,99517.94999999998
2025-08-12 13:15:00,99517.94999999998
2025-08-12 13:20:00,99517.94999999998
2025-08-12 13:25:00,99517.94999999998
2025-08-12 13:30:00,99517.94999999998
2025-08-12 13:35:00,99517.94999999998
2025-08-12 13:40:00,99517.94999999998
2025-08-12 13:45:00,99517.94999999998
2025-08-12 13:50:00,99517.94999999998
2025-08-12 13:55:00,99517.94999999998
2025-08-12 14:00:00,99517.94999999998
2025-08-12 14:05:00,99517.94999999998
2025-08-12 14:10:00,99517.94999999998
2025-08-12 14:15:00,99517.94999999998
2025-08-12 14:20:00,99517.94999999998
2025-08-12 14:25:00,99517.94999999998
2025-08-12 14:30:00,99517.94999999998
2025-08-12 14:35:00,99517.94999999998
2025-08-12 14:40:00,99517.94999999998
2025-08-12 14:45:00,99517.94999999998
2025-08-12 14:50:00,99517.94999999998
2025-08-12 14:55:00,99517.94999999998
2025-08-12 15:00:00,99517.94999999998
2025-08-12 15:05:00,99517.94999999998
2025-08-12 15:10:00,99517.94999999998
2025-08-12 15:15:00,99517.94999999998
2025-08-12 15:20:00,99517.94999999998
2025-08-12 15:25:00,99517.94999999998
2025-08-12 15:30:00,99517.94999999998
2025-08-13 09:15:00,99517.94999999998
2025-08-13 09:20:00,99517.94999999998
2025-08-13 09:25:00,99517.94999999998
2025-08-13 09:30:00,99517.94999999998
2025-08-13 09:35:00,99517.94999999998
2025-08-13 09:40:00,99517.94999999998
2025-08-13 09:45:00,99517.94999999998
2025-08-13 09:50:00,99517.94999999998
2025-08-13 09:55:00,99517.94999999998
2025-08-13 10:00:00,99517.94999999998
2025-08-13 10:05:00,99517.94999999998
2025-08-13 10:10:00,99517.94999999998
2025-08-13 10:15:00,99517.94999999998
2025-08-13 10:20:00,99517.94999999998
2025-08-13 10:25:00,99517.94999999998
2025-08-13 10:30:00,99517.94999999998
2025-08-13 10:35:00,99517.94999999998
2025-08-13 10:40:00,99517.94999999998
2025-08-13 10:45:00,99517.94999999998
2025-08-13 10:50:00,99517.94999999998
2025-08-13 10:55:00,99517.94999999998
2025-08-13 11:00:00,99517.94999999998
2025-08-13 11:05:00,99517.94999999998
2025-08-13 11:10:00,99517.94999999998
2025-08-13 11:15:00,99517.94999999998
2025-08-13 11:20:00,99517.94999999998
2025-08-13 11:25:00,99517.94999999998
2025-08-13 11:30:00,99517.94999999998
2025-08-13 11:35:00,99517.94999999998
2025-08-13 11:40:00,99517.94999999998
2025-08-13 11:45:00,99517.94999999998
2025-08-13 11:50:00,99517.94999999998
2025-08-13 11:55:00,99517.94999999998
2025-08-13 12:00:00,99517.94999999998
2025-08-13 12:05:00,99517.94999999998
2025-08-13 12:10:00,99517.94999999998
2025-08-13 12:15:00,99517.94999999998
2025-08-13 12:20:00,99517.94999999998
2025-08-13 12:25:00,99517.94999999998
2025-08-13 12:30:00,99517.94999999998
2025-08-13 12:35:00,99517.94999999998
2025-08-13 12:40:00,99517.94999999998
2025-08-13 12:45:00,99517.94999999998
2025-08-13 12:50:00,99517.94999999998
2025-08-13 12:55:00,99517.94999999998
2025-08-13 13:00:00,99517.94999999998
2025-08-13 13:05:00,99517.94999999998
2025-08-13 13:10:00,99517.94999999998
2025-08-13 13:15:00,99517.94999999998
2025-08-13 13:20:00,99517.94999999998
2025-08-13 13:25:00,99517.94999999998
2025-08-13 13:30:00,99517.94999999998
2025-08-13 13:35:00,99517.94999999998
2025-08-13 13:40:00,99517.94999999998
2025-08-13 13:45:00,99517.94999999998
2025-08-13 13:50:00,99517.94999999998
2025-08-13 13:55:00,99517.94999999998
2025-08-13 14:00:00,99517.94999999998
2025-08-13 14:05:00,99517.94999999998
2025-08-13 14:10:00,99517.94999999998
2025-08-13 14:15:00,99517.94999999998
2025-08-13 14:20:00,99517.94999999998
2025-08-13 14:25:00,99517.94999999998
2025-08-13 14:30:00,99517.94999999998
2025-08-13 14:35:00,99517.94999999998
2025-08-13 14:40:00,99517.94999999998
2025-08-13 14:45:00,99517.94999999998
2025-08-13 14:50:00,99517.94999999998
2025-08-13 14:55:00,99517.94999999998
2025-08-13 15:00:00,99517.94999999998
2025-08-13 15:05:00,99517.94999999998
2025-08-13 15:10:00,99517.94999999998
2025-08-13 15:15:00,99517.94999999998
2025-08-13 15:20:00,99517.94999999998
2025-08-13 15:25:00,99517.94999999998
2025-08-13 15:30:00,99517.94999999998
2025-08-14 09:15:00,99517.94999999998
2025-08-14 09:20:00,99517.94999999998
2025-08-14 09:25:00,99517.94999999998
2025-08-14 09:30:00,99517.94999999998
2025-08-14 09:35:00,99517.94999999998
2025-08-14 09:40:00,99517.94999999998
2025-08-14 09:45:00,99517.94999999998
2025-08-14 09:50:00,99517.94999999998
2025-08-14 09:55:00,99517.94999999998
2025-08-14 10:00:00,99517.94999999998
2025-08-14 10:05:00,99517.94999999998
2025-08-14 10:10:00,99517.94999999998
2025-08-14 10:15:00,99517.94999999998
2025-08-14 10:20:00,99517.94999999998
2025-08-14 10:25:00,99517.94999999998
2025-08-14 10:30:00,99517.94999999998
2025-08-14 10:35:00,99517.94999999998
2025-08-14 10:40:00,99517.94999999998
2025-08-14 10:45:00,99517.94999999998
2025-08-14 10:50:00,99517.94999999998
2025-08-14 10:55:00,99517.94999999998
2025-08-14 11:00:00,99517.94999999998
2025-08-14 11:05:00,99517.94999999998
2025-08-14 11:10:00,99517.94999999998
2025-08-14 11:15:00,99517.94999999998
2025-08-14 11:20:00,99517.94999999998
2025-08-14 11:25:00,99517.94999999998
2025-08-14 11:30:00,99517.94999999998
2025-08-14 11:35:00,99517.94999999998
2025-08-14 11:40:00,99517.94999999998
2025-08-14 11:45:00,99517.94999999998
2025-08-14 11:50:00,99517.94999999998
2025-08-14 11:55:00,99517.94999999998
2025-08-14 12:00:00,99517.94999999998
2025-08-14 12:05:00,99517.94999999998
2025-08-14 12:10:00,99517.94999999998
2025-08-14 12:15:00,99517.94999999998
2025-08-14 12:20:00,99517.94999999998
2025-08-14 12:25:00,99517.94999999998
2025-08-14 12:30:00,99517.94999999998
2025-08-14 12:35:00,99517.94999999998
2025-08-14 12:40:00,99517.94999999998
2025-08-14 12:45:00,99517.94999999998
2025-08-14 12:50:00,99517.94999999998
2025-08-14 12:55:00,99517.94999999998
2025-08-14 13:00:00,99517.94999999998
2025-08-14 13:05:00,99517.94999999998
2025-08-14 13:10:00,99517.94999999998
2025-08-14 13:15:00,99581.29999999999
2025-08-14 13:20:00,99581.29999999999
2025-08-14 13:25:00,99581.29999999999
2025-08-14 13:30:00,99581.29999999999
2025-08-14 13:35:00,99581.29999999999
2025-08-14 13:40:00,99581.29999999999
2025-08-14 13:45:00,99581.29999999999
2025-08-14 13:50:00,99581.29999999999
2025-08-14 13:55:00,99581.29999999999
2025-08-14 14:00:00,99581.29999999999
2025-08-14 14:05:00,99581.29999999999
2025-08-14 14:10:00,99581.29999999999
2025-08-14 14:15:00,99581.29999999999
2025-08-14 14:20:00,99581.29999999999
2025-08-14 14:25:00,99581.29999999999
2025-08-14 14:30:00,99581.29999999999
2025-08-14 14:35:00,99581.29999999999
2025-08-14 14:40:00,99581.29999999999
2025-08-14 14:45:00,99581.29999999999
2025-08-14 14:50:00,99581.29999999999
2025-08-14 14:55:00,99581.29999999999
2025-08-14 15:00:00,99581.29999999999
2025-08-14 15:05:00,99581.29999999999
2025-08-14 15:10:00,99581.29999999999
2025-08-14 15:15:00,99581.29999999999
2025-08-14 15:20:00,99581.29999999999
2025-08-14 15:25:00,99581.29999999999
2025-08-14 15:30:00,99581.29999999999
2025-08-15 09:15:00,99581.29999999999
2025-08-15 09:20:00,99581.29999999999
2025-08-15 09:25:00,99581.29999999999
2025-08-15 09:30:00,99581.29999999999
2025-08-15 09:35:00,99581.29999999999
2025-08-15 09:40:00,99581.29999999999
2025-08-15 09:45:00,99581.29999999999
2025-08-15 09:50:00,99581.29999999999
2025-08-15 09:55:00,99581.29999999999
2025-08-15 10:00:00,99581.29999999999
2025-08-15 10:05:00,99581.29999999999
2025-08-15 10:10:00,99663.90999999999
2025-08-15 10:15:00,99663.90999999999
2025-08-15 10:20:00,99663.90999999999
2025-08-15 10:25:00,99663.90999999999
2025-08-15 10:30:00,99663.90999999999
2025-08-15 10:35:00,99663.90999999999
2025-08-15 10:40:00,99663.90999999999
2025-08-15 10:45:00,99663.90999999999
2025-08-15 10:50:00,99663.90999999999
2025-08-15 10:55:00,99663.90999999999
2025-08-15 11:00:00,99663.90999999999
2025-08-15 11:05:00,99663.90999999999
2025-08-15 11:10:00,99663.90999999999
2025-08-15 11:15:00,99663.90999999999
2025-08-15 11:20:00,99663.90999999999
2025-08-15 11:25:00,99663.90999999999
2025-08-15 11:30:00,99663.90999999999
2025-08-15 11:35:00,99663.90999999999
2025-08-15 11:40:00,99663.90999999999
2025-08-15 11:45:00,99663.90999999999
2025-08-15 11:50:00,99663.90999999999
2025-08-15 11:55:00,99663.90999999999
2025-08-15 12:00:00,99663.90999999999
2025-08-15 12:05:00,99663.90999999999
2025-08-15 12:10:00,99663.90999999999
2025-08-15 12:15:00,99663.90999999999
2025-08-15 12:20:00,99663.90999999999
2025-08-15 12:25:00,99661.31999999999
2025-08-15 12:30:00,99661.31999999999
2025-08-15 12:35:00,99661.31999999999
2025-08-15 12:40:00,99661.31999999999
2025-08-15 12:45:00,99661.31999999999
2025-08-15 12:50:00,99661.31999999999
2025-08-15 12:55:00,99661.31999999999
2025-08-15 13:00:00,99661.31999999999
2025-08-15 13:05:00,99661.31999999999
2025-08-15 13:10:00,99661.31999999999
2025-08-15 13:15:00,99661.31999999999
2025-08-15 13:20:00,99661.31999999999
2025-08-15 13:25:00,99661.31999999999
2025-08-15 13:30:00,99661.31999999999
2025-08-15 13:35:00,99634.69999999998
2025-08-15 13:40:00,99634.69999999998
2025-08-15 13:45:00,99634.69999999998
2025-08-15 13:50:00,99634.69999999998
2025-08-15 13:55:00,99634.69999999998
2025-08-15 14:00:00,99634.69999999998
2025-08-15 14:05:00,99634.69999999998
2025-08-15 14:10:00,99634.69999999998
2025-08-15 14:15:00,99634.69999999998
2025-08-15 14:20:00,99634.69999999998
2025-08-15 14:25:00,99634.69999999998
2025-08-15 14:30:00,99634.69999999998
2025-08-15 14:35:00,99634.69999999998
2025-08-15 14:40:00,99634.69999999998
2025-08-15 14:45:00,99634.69999999998
2025-08-15 14:50:00,99634.69999999998
2025-08-15 14:55:00,99634.69999999998
2025-08-15 15:00:00,99634.69999999998
2025-08-15 15:05:00,99634.69999999998
2025-08-15 15:10:00,99634.69999999998
2025-08-15 15:15:00,99634.69999999998
2025-08-15 15:20:00,99634.69999999998
2025-08-15 15:25:00,99634.69999999998
2025-08-15 15:30:00,99634.69999999998
2025-08-18 09:15:00,99604.51999999999
2025-08-18 09:20:00,99604.51999999999
2025-08-18 09:25:00,99604.51999999999
2025-08-18 09:30:00,99604.51999999999
2025-08-18 09:35:00,99604.51999999999
2025-08-18 09:40:00,99604.51999999999
2025-08-18 09:45:00,99604.51999999999
2025-08-18 09:50:00,99604.51999999999
2025-08-18 09:55:00,99604.51999999999
2025-08-18 10:00:00,99604.51999999999
2025-08-18 10:05:00,99604.51999999999
2025-08-18 10:10:00,99604.51999999999
2025-08-18 10:15:00,99604.51999999999
2025-08-18 10:20:00,99604.51999999999
2025-08-18 10:25:00,99604.51999999999
2025-08-18 10:30:00,99604.51999999999
2025-08-18 10:35:00,99604.51999999999
2025-08-18 10:40:00,99604.51999999999
2025-08-18 10:45:00,99604.51999999999
2025-08-18 10:50:00,99604.51999999999
2025-08-18 10:55:00,99604.51999999999
2025-08-18 11:00:00,99604.51999999999
2025-08-18 11:05:00,99604.51999999999
2025-08-18 11:10:00,99604.51999999999
2025-08-18 11:15:00,99604.51999999999
2025-08-18 11:20:00,99604.51999999999
2025-08-18 11:25:00,99604.51999999999
2025-08-18 11:30:00,99604.51999999999
2025-08-18 11:35:00,99604.51999999999
2025-08-18 11:40:00,99604.51999999999
2025-08-18 11:45:00,99604.51999999999
2025-08-18 11:50:00,99604.51999999999
2025-08-18 11:55:00,99604.51999999999
2025-08-18 12:00:00,99604.51999999999
2025-08-18 12:05:00,99604.51999999999
2025-08-18 12:10:00,99604.51999999999
2025-08-18 12:15:00,99604.51999999999
2025-08-18 12:20:00,99604.51999999999
2025-08-18 12:25:00,99604.51999999999
2025-08-18 12:30:00,99604.51999999999
2025-08-18 12:35:00,99604.51999999999
2025-08-18 12:40:00,99604.51999999999
2025-08-18 12:45:00,99821.78999999998
2025-08-18 12:50:00,99821.78999999998
2025-08-18 12:55:00,99821.78999999998
2025-08-18 13:00:00,99821.78999999998
2025-08-18 13:05:00,99821.78999999998
2025-08-18 13:10:00,99821.78999999998
2025-08-18 13:15:00,99821.78999999998
2025-08-18 13:20:00,99821.78999999998
2025-08-18 13:25:00,99821.78999999998
2025-08-18 13:30:00,99821.78999999998
2025-08-18 13:35:00,99821.78999999998
2025-08-18 13:40:00,99821.78999999998
2025-08-18 13:45:00,99821.78999999998
2025-08-18 13:50:00,99821.78999999998
2025-08-18 13:55:00,99821.78999999998
2025-08-18 14:00:00,99821.78999999998
2025-08-18 14:05:00,99821.78999999998
2025-08-18 14:10:00,99821.78999999998
2025-08-18 14:15:00,99821.78999999998
2025-08-18 14:20:00,99821.78999999998
2025-08-18 14:25:00,99821.78999999998
2025-08-18 14:30:00,99821.78999999998
2025-08-18 14:35:00,99821.78999999998
2025-08-18 14:40:00,99821.78999999998
2025-08-18 14:45:00,99821.78999999998
2025-08-18 14:50:00,99821.78999999998
2025-08-18 14:55:00,99821.78999999998
2025-08-18 15:00:00,99821.78999999998
2025-08-18 15:05:00,99736.75999999998
2025-08-18 15:10:00,99736.75999999998
2025-08-18 15:15:00,99736.75999999998
2025-08-18 15:20:00,99736.75999999998
2025-08-18 15:25:00,99736.75999999998
2025-08-18 15:30:00,99736.75999999998
2025-08-19 09:15:00,99736.75999999998
2025-08-19 09:20:00,99736.75999999998
2025-08-19 09:25:00,99736.75999999998
2025-08-19 09:30:00,99736.75999999998
2025-08-19 09:35:00,99736.75999999998
2025-08-19 09:40:00,99736.75999999998
2025-08-19 09:45:00,99736.75999999998
2025-08-19 09:50:00,99736.75999999998
2025-08-19 09:55:00,99736.75999999998
2025-08-19 10:00:00,99736.75999999998
2025-08-19 10:05:00,99736.75999999998
2025-08-19 10:10:00,99736.75999999998
2025-08-19 10:15:00,99736.75999999998
2025-08-19 10:20:00,99736.75999999998
2025-08-19 10:25:00,99736.75999999998
2025-08-19 10:30:00,99736.75999999998
2025-08-19 10:35:00,99736.75999999998
2025-08-19 10:40:00,99736.75999999998
2025-08-19 10:45:00,99736.75999999998
2025-08-19 10:50:00,99736.75999999998
2025-08-19 10:55:00,99767.03999999998
2025-08-19 11:00:00,99767.03999999998
2025-08-19 11:05:00,99767.03999999998
2025-08-19 11:10:00,99767.03999999998
2025-08-19 11:15:00,99767.03999999998
2025-08-19 11:20:00,99767.03999999998
2025-08-19 11:25:00,99767.03999999998
2025-08-19 11:30:00,99767.03999999998
2025-08-19 11:35:00,99767.03999999998
2025-08-19 11:40:00,99767.03999999998
2025-08-19 11:45:00,99767.03999999998
2025-08-19 11:50:00,99767.03999999998
2025-08-19 11:55:00,99767.03999999998
2025-08-19 12:00:00,99767.03999999998
2025-08-19 12:05:00,99767.03999999998
2025-08-19 12:10:00,99767.03999999998
2025-08-19 12:15:00,99767.03999999998
2025-08-19 12:20:00,99767.03999999998
2025-08-19 12:25:00,99767.03999999998
2025-08-19 12:30:00,99767.03999999998
2025-08-19 12:35:00,99767.03999999998
2025-08-19 12:40:00,99767.03999999998
2025-08-19 12:45:00,99767.03999999998
2025-08-19 12:50:00,99767.03999999998
2025-08-19 12:55:00,99767.03999999998
2025-08-19 13:00:00,99767.03999999998
2025-08-19 13:05:00,99754.48999999999
2025-08-19 13:10:00,99754.48999999999
2025-08-19 13:15:00,99754.48999999999
2025-08-19 13:20:00,99754.48999999999
2025-08-19 13:25:00,99754.48999999999
2025-08-19 13:30:00,99754.48999999999
2025-08-19 13:35:00,99754.48999999999
2025-08-19 13:40:00,99754.48999999999
2025-08-19 13:45:00,99754.48999999999
2025-08-19 13:50:00,99754.48999999999
2025-08-19 13:55:00,99754.48999999999
2025-08-19 14:00:00,99754.48999999999
2025-08-19 14:05:00,99754.48999999999
2025-08-19 14:10:00,99754.48999999999
2025-08-19 14:15:00,99754.48999999999
2025-08-19 14:20:00,99754.48999999999
2025-08-19 14:25:00,99754.48999999999
2025-08-19 14:30:00,99754.48999999999
2025-08-19 14:35:00,99754.48999999999
2025-08-19 14:40:00,99754.48999999999
2025-08-19 14:45:00,99724.40999999997
2025-08-19 14:50:00,99724.40999999997
2025-08-19 14:55:00,99724.40999999997
2025-08-19 15:00:00,99724.40999999997
2025-08-19 15:05:00,99724.40999999997
2025-08-19 15:10:00,99724.40999999997
2025-08-19 15:15:00,99724.40999999997
2025-08-19 15:20:00,99724.40999999997
2025-08-19 15:25:00,99724.40999999997
2025-08-19 15:30:00,99724.40999999997
2025-08-20 09:15:00,99724.40999999997
2025-08-20 09:20:00,99724.40999999997
2025-08-20 09:25:00,99724.40999999997
2025-08-20 09:30:00,99724.40999999997
2025-08-20 09:35:00,99724.40999999997
2025-08-20 09:40:00,99724.40999999997
2025-08-20 09:45:00,99724.40999999997
2025-08-20 09:50:00,99724.40999999997
2025-08-20 09:55:00,99724.40999999997
2025-08-20 10:00:00,99724.40999999997
2025-08-20 10:05:00,99724.40999999997
2025-08-20 10:10:00,99724.40999999997
2025-08-20 10:15:00,99724.40999999997
2025-08-20 10:20:00,99724.40999999997
2025-08-20 10:25:00,99724.40999999997
2025-08-20 10:30:00,99724.40999999997
2025-08-20 10:35:00,99724.40999999997
2025-08-20 10:40:00,99724.40999999997
2025-08-20 10:45:00,99724.40999999997
2025-08-20 10:50:00,99724.40999999997
2025-08-20 10:55:00,99724.40999999997
2025-08-20 11:00:00,99692.04999999999
2025-08-20 11:05:00,99692.04999999999
2025-08-20 11:10:00,99692.04999999999
2025-08-20 11:15:00,99692.04999999999
2025-08-20 11:20:00,99692.04999999999
2025-08-20 11:25:00,99692.04999999999
2025-08-20 11:30:00,99692.04999999999
2025-08-20 11:35:00,99692.04999999999
2025-08-20 11:40:00,99692.04999999999
2025-08-20 11:45:00,99692.04999999999
2025-08-20 11:50:00,99692.04999999999
2025-08-20 11:55:00,99692.04999999999
2025-08-20 12:00:00,99692.04999999999
2025-08-20 12:05:00,99692.04999999999
2025-08-20 12:10:00,99692.04999999999
2025-08-20 12:15:00,99692.04999999999
2025-08-20 12:20:00,99692.04999999999
2025-08-20 12:25:00,99692.04999999999
2025-08-20 12:30:00,99692.04999999999
2025-08-20 12:35:00,99692.04999999999
2025-08-20 12:40:00,99692.04999999999
2025-08-20 12:45:00,99692.04999999999
2025-08-20 12:50:00,99692.04999999999
2025-08-20 12:55:00,99692.04999999999
2025-08-20 13:00:00,99692.04999999999
2025-08-20 13:05:00,99692.04999999999
2025-08-20 13:10:00,99692.04999999999
2025-08-20 13:15:00,99692.04999999999
2025-08-20 13:20:00,99692.04999999999
2025-08-20 13:25:00,99692.04999999999
2025-08-20 13:30:00,99692.04999999999
2025-08-20 13:35:00,99692.04999999999
2025-08-20 13:40:00,99692.04999999999
2025-08-20 13:45:00,99692.04999999999
2025-08-20 13:50:00,99675.42999999998
2025-08-20 13:55:00,99675.42999999998
2025-08-20 14:00:00,99675.42999999998
2025-08-20 14:05:00,99675.42999999998
2025-08-20 14:10:00,99675.42999999998
2025-08-20 14:15:00,99675.42999999998
2025-08-20 14:20:00,99675.42999999998
2025-08-20 14:25:00,99675.42999999998
2025-08-20 14:30:00,99675.42999999998
2025-08-20 14:35:00,99675.42999999998
2025-08-20 14:40:00,99675.42999999998
2025-08-20 14:45:00,99675.42999999998
2025-08-20 14:50:00,99675.42999999998
2025-08-20 14:55:00,99675.42999999998
2025-08-20 15:00:00,99616.00999999998
2025-08-20 15:05:00,99616.00999999998
2025-08-20 15:10:00,99616.00999999998
2025-08-20 15:15:00,99616.00999999998
2025-08-20 15:20:00,99616.00999999998
2025-08-20 15:25:00,99616.00999999998
2025-08-20 15:30:00,99616.00999999998
2025-08-21 09:15:00,99616.00999999998
2025-08-21 09:20:00,99616.00999999998
2025-08-21 09:25:00,99616.00999999998
2025-08-21 09:30:00,99616.00999999998
2025-08-21 09:35:00,99616.00999999998
2025-08-21 09:40:00,99616.00999999998
2025-08-21 09:45:00,99616.00999999998
2025-08-21 09:50:00,99616.00999999998
2025-08-21 09:55:00,99616.00999999998
2025-08-21 10:00:00,99616.00999999998
2025-08-21 10:05:00,99595.26999999999
2025-08-21 10:10:00,99595.26999999999
2025-08-21 10:15:00,99595.26999999999
2025-08-21 10:20:00,99595.26999999999
2025-08-21 10:25:00,99595.26999999999
2025-08-21 10:30:00,99595.26999999999
2025-08-21 10:35:00,99595.26999999999
2025-08-21 10:40:00,99595.26999999999
2025-08-21 10:45:00,99578.02999999998
2025-08-21 10:50:00,99578.02999999998
2025-08-21 10:55:00,99578.02999999998
2025-08-21 11:00:00,99578.02999999998
2025-08-21 11:05:00,99578.02999999998
2025-08-21 11:10:00,99578.02999999998
2025-08-21 11:15:00,99578.02999999998
2025-08-21 11:20:00,99578.02999999998
2025-08-21 11:25:00,99578.02999999998
2025-08-21 11:30:00,99578.02999999998
2025-08-21 11:35:00,99578.02999999998
2025-08-21 11:40:00,99578.02999999998
2025-08-21 11:45:00,99578.02999999998
2025-08-21 11:50:00,99578.02999999998
2025-08-21 11:55:00,99578.02999999998
2025-08-21 12:00:00,99578.02999999998
2025-08-21 12:05:00,99578.02999999998
2025-08-21 12:10:00,99578.02999999998
2025-08-21 12:15:00,99578.02999999998
2025-08-21 12:20:00,99578.02999999998
2025-08-21 12:25:00,99578.02999999998
2025-08-21 12:30:00,99578.02999999998
2025-08-21 12:35:00,99578.02999999998
2025-08-21 12:40:00,99578.02999999998
2025-08-21 12:45:00,99578.02999999998
2025-08-21 12:50:00,99578.02999999998
2025-08-21 12:55:00,99578.02999999998
2025-08-21 13:00:00,99578.02999999998
2025-08-21 13:05:00,99578.02999999998
2025-08-21 13:10:00,99578.02999999998
2025-08-21 13:15:00,99578.02999999998
2025-08-21 13:20:00,99578.02999999998
2025-08-21 13:25:00,99578.02999999998
2025-08-21 13:30:00,99578.02999999998
2025-08-21 13:35:00,99578.02999999998
2025-08-21 13:40:00,99578.02999999998
2025-08-21 13:45:00,99578.02999999998
2025-08-21 13:50:00,99578.02999999998
2025-08-21 13:55:00,99578.02999999998
2025-08-21 14:00:00,99578.02999999998
2025-08-21 14:05:00,99578.02999999998
2025-08-21 14:10:00,99578.02999999998
2025-08-21 14:15:00,99578.02999999998
2025-08-21 14:20:00,99578.02999999998
2025-08-21 14:25:00,99578.02999999998
2025-08-21 14:30:00,99578.02999999998
2025-08-21 14:35:00,99578.02999999998
2025-08-21 14:40:00,99578.02999999998
2025-08-21 14:45:00,99578.02999999998
2025-08-21 14:50:00,99578.02999999998
2025-08-21 14:55:00,99567.41999999998
2025-08-21 15:00:00,99567.41999999998
2025-08-21 15:05:00,99567.41999999998
2025-08-21 15:10:00,99567.41999999998
2025-08-21 15:15:00,99567.41999999998
2025-08-21 15:20:00,99567.41999999998
2025-08-21 15:25:00,99567.41999999998
2025-08-21 15:30:00,99567.41999999998
2025-08-22 09:15:00,99567.41999999998
2025-08-22 09:20:00,99567.41999999998
2025-08-22 09:25:00,99567.41999999998
2025-08-22 09:30:00,99567.41999999998
2025-08-22 09:35:00,99567.41999999998
2025-08-22 09:40:00,99567.41999999998
2025-08-22 09:45:00,99567.41999999998
2025-08-22 09:50:00,99567.41999999998
2025-08-22 09:55:00,99567.41999999998
2025-08-22 10:00:00,99567.41999999998
2025-08-22 10:05:00,99567.41999999998
2025-08-22 10:10:00,99567.41999999998
2025-08-22 10:15:00,99567.41999999998
2025-08-22 10:20:00,99567.41999999998
2025-08-22 10:25:00,99567.41999999998
2025-08-22 10:30:00,99567.41999999998
2025-08-22 10:35:00,99567.41999999998
2025-08-22 10:40:00,99567.41999999998
2025-08-22 10:45:00,99567.41999999998
2025-08-22 10:50:00,99567.41999999998
2025-08-22 10:55:00,99567.41999999998
2025-08-22 11:00:00,99617.90999999997
2025-08-22 11:05:00,99617.90999999997
2025-08-22 11:10:00,99617.90999999997
2025-08-22 11:15:00,99617.90999999997
2025-08-22 11:20:00,99617.90999999997
2025-08-22 11:25:00,99617.90999999997
2025-08-22 11:30:00,99617.90999999997
2025-08-22 11:35:00,99617.90999999997
2025-08-22 11:40:00,99617.90999999997
2025-08-22 11:45:00,99617.90999999997
2025-08-22 11:50:00,99617.90999999997
2025-08-22 11:55:00,99617.90999999997
2025-08-22 12:00:00,99617.90999999997
2025-08-22 12:05:00,99617.90999999997
2025-08-22 12:10:00,99617.90999999997
2025-08-22 12:15:00,99617.90999999997
2025-08-22 12:20:00,99617.90999999997
2025-08-22 12:25:00,99617.90999999997
2025-08-22 12:30:00,99617.90999999997
2025-08-22 12:35:00,99617.90999999997
2025-08-22 12:40:00,99617.90999999997
2025-08-22 12:45:00,99617.90999999997
2025-08-22 12:50:00,99617.90999999997
2025-08-22 12:55:00,99617.90999999997
2025-08-22 13:00:00,99617.90999999997
2025-08-22 13:05:00,99617.90999999997
2025-08-22 13:10:00,99617.90999999997
2025-08-22 13:15:00,99617.90999999997
2025-08-22 13:20:00,99617.90999999997
2025-08-22 13:25:00,99617.90999999997
2025-08-22 13:30:00,99617.90999999997
2025-08-22 13:35:00,99617.90999999997
2025-08-22 13:40:00,99617.90999999997
2025-08-22 13:45:00,99617.90999999997
2025-08-22 13:50:00,99617.90999999997
2025-08-22 13:55:00,99617.90999999997
2025-08-22 14:00:00,99617.90999999997
2025-08-22 14:05:00,99617.90999999997
2025-08-22 14:10:00,99617.90999999997
2025-08-22 14:15:00,99617.90999999997
2025-08-22 14:20:00,99617.90999999997
2025-08-22 14:25:00,99617.90999999997
2025-08-22 14:30:00,99617.90999999997
2025-08-22 14:35:00,99527.45999999998
2025-08-22 14:40:00,99527.45999999998
2025-08-22 14:45:00,99527.45999999998
2025-08-22 14:50:00,99527.45999999998
2025-08-22 14:55:00,99527.45999999998
2025-08-22 15:00:00,99527.45999999998
2025-08-22 15:05:00,99527.45999999998
2025-08-22 15:10:00,99527.45999999998
2025-08-22 15:15:00,99527.45999999998
2025-08-22 15:20:00,99527.45999999998
2025-08-22 15:25:00,99527.45999999998
2025-08-22 15:30:00,99527.45999999998
2025-08-25 09:15:00,99527.45999999998
2025-08-25 09:20:00,99527.45999999998
2025-08-25 09:25:00,99527.45999999998
2025-08-25 09:30:00,99527.45999999998
2025-08-25 09:35:00,99527.45999999998
2025-08-25 09:40:00,99527.45999999998
2025-08-25 09:45:00,99527.45999999998
2025-08-25 09:50:00,99527.45999999998
2025-08-25 09:55:00,99527.45999999998
2025-08-25 10:00:00,99527.45999999998
2025-08-25 10:05:00,99527.45999999998
2025-08-25 10:10:00,99527.45999999998
2025-08-25 10:15:00,99527.45999999998
2025-08-25 10:20:00,99527.45999999998
2025-08-25 10:25:00,99527.45999999998
2025-08-25 10:30:00,99527.45999999998
2025-08-25 10:35:00,99527.45999999998
2025-08-25 10:40:00,99527.45999999998
2025-08-25 10:45:00,99527.45999999998
2025-08-25 10:50:00,99527.45999999998
2025-08-25 10:55:00,99527.45999999998
2025-08-25 11:00:00,99527.45999999998
2025-08-25 11:05:00,99527.45999999998
2025-08-25 11:10:00,99527.45999999998
2025-08-25 11:15:00,99527.45999999998
2025-08-25 11:20:00,99527.45999999998
2025-08-25 11:25:00,99527.45999999998
2025-08-25 11:30:00,99527.45999999998
2025-08-25 11:35:00,99527.45999999998
2025-08-25 11:40:00,99527.45999999998
2025-08-25 11:45:00,99527.45999999998
2025-08-25 11:50:00,99490.18999999997
2025-08-25 11:55:00,99490.18999999997
2025-08-25 12:00:00,99490.18999999997
2025-08-25 12:05:00,99490.18999999997
2025-08-25 12:10:00,99490.18999999997
2025-08-25 12:15:00,99490.18999999997
2025-08-25 12:20:00,99440.15999999997
2025-08-25 12:25:00,99440.15999999997
2025-08-25 12:30:00,99440.15999999997
2025-08-25 12:35:00,99440.15999999997
2025-08-25 12:40:00,99440.15999999997
2025-08-25 12:45:00,99440.15999999997
2025-08-25 12:50:00,99440.15999999997
2025-08-25 12:55:00,99440.15999999997
2025-08-25 13:00:00,99440.15999999997
2025-08-25 13:05:00,99440.15999999997
2025-08-25 13:10:00,99440.15999999997
2025-08-25 13:15:00,99440.15999999997
2025-08-25 13:20:00,99440.15999999997
2025-08-25 13:25:00,99440.15999999997
2025-08-25 13:30:00,99440.15999999997
2025-08-25 13:35:00,99440.15999999997
2025-08-25 13:40:00,99440.15999999997
2025-08-25 13:45:00,99440.15999999997
2025-08-25 13:50:00,99440.15999999997
2025-08-25 13:55:00,99440.15999999997
2025-08-25 14:00:00,99440.15999999997
2025-08-25 14:05:00,99440.15999999997
2025-08-25 14:10:00,99440.15999999997
2025-08-25 14:15:00,99440.15999999997
2025-08-25 14:20:00,99440.15999999997
2025-08-25 14:25:00,99440.15999999997
2025-08-25 14:30:00,99440.15999999997
2025-08-25 14:35:00,99440.15999999997
2025-08-25 14:40:00,99440.15999999997
2025-08-25 14:45:00,99440.15999999997
2025-08-25 14:50:00,99440.15999999997
2025-08-25 14:55:00,99440.15999999997
2025-08-25 15:00:00,99440.15999999997
2025-08-25 15:05:00,99440.15999999997
2025-08-25 15:10:00,99440.15999999997
2025-08-25 15:15:00,99440.15999999997
2025-08-25 15:20:00,99440.15999999997
2025-08-25 15:25:00,99440.15999999997
2025-08-25 15:30:00,99440.15999999997
2025-08-26 09:15:00,99440.15999999997
2025-08-26 09:20:00,99440.15999999997
2025-08-26 09:25:00,99440.15999999997
2025-08-26 09:30:00,99440.15999999997
2025-08-26 09:35:00,99440.15999999997
2025-08-26 09:40:00,99440.15999999997
2025-08-26 09:45:00,99440.15999999997
2025-08-26 09:50:00,99440.15999999997
2025-08-26 09:55:00,99440.15999999997
2025-08-26 10:00:00,99440.15999999997
2025-08-26 10:05:00,99440.15999999997
2025-08-26 10:10:00,99440.15999999997
2025-08-26 10:15:00,99440.15999999997
2025-08-26 10:20:00,99440.15999999997
2025-08-26 10:25:00,99440.15999999997
2025-08-26 10:30:00,99440.15999999997
2025-08-26 10:35:00,99440.15999999997
2025-08-26 10:40:00,99440.15999999997
2025-08-26 10:45:00,99440.15999999997
2025-08-26 10:50:00,99440.15999999997
2025-08-26 10:55:00,99440.15999999997
2025-08-26 11:00:00,99411.62999999998
2025-08-26 11:05:00,99411.62999999998
2025-08-26 11:10:00,99411.62999999998
2025-08-26 11:15:00,99377.33999999997
2025-08-26 11:20:00,99377.33999999997
2025-08-26 11:25:00,99377.33999999997
2025-08-26 11:30:00,99377.33999999997
2025-08-26 11:35:00,99377.33999999997
2025-08-26 11:40:00,99377.33999999997
2025-08-26 11:45:00,99377.33999999997
2025-08-26 11:50:00,99377.33999999997
2025-08-26 11:55:00,99377.33999999997
2025-08-26 12:00:00,99377.33999999997
2025-08-26 12:05:00,99377.33999999997
2025-08-26 12:10:00,99377.33999999997
2025-08-26 12:15:00,99377.33999999997
2025-08-26 12:20:00,99377.33999999997
2025-08-26 12:25:00,99377.33999999997
2025-08-26 12:30:00,99377.33999999997
2025-08-26 12:35:00,99377.33999999997
2025-08-26 12:40:00,99377.33999999997
2025-08-26 12:45:00,99377.33999999997
2025-08-26 12:50:00,99377.33999999997
2025-08-26 12:55:00,99377.33999999997
2025-08-26 13:00:00,99377.33999999997
2025-08-26 13:05:00,99377.33999999997
2025-08-26 13:10:00,99377.33999999997
2025-08-26 13:15:00,99377.33999999997
2025-08-26 13:20:00,99377.33999999997
2025-08-26 13:25:00,99377.33999999997
2025-08-26 13:30:00,99377.33999999997
2025-08-26 13:35:00,99377.33999999997
2025-08-26 13:40:00,99377.33999999997
2025-08-26 13:45:00,99377.33999999997
2025-08-26 13:50:00,99377.33999999997
2025-08-26 13:55:00,99377.33999999997
2025-08-26 14:00:00,99377.33999999997
2025-08-26 14:05:00,99377.33999999997
2025-08-26 14:10:00,99377.33999999997
2025-08-26 14:15:00,99334.99999999997
2025-08-26 14:20:00,99334.99999999997
2025-08-26 14:25:00,99334.99999999997
2025-08-26 14:30:00,99334.99999999997
2025-08-26 14:35:00,99334.99999999997
2025-08-26 14:40:00,99334.99999999997
2025-08-26 14:45:00,99334.99999999997
2025-08-26 14:50:00,99334.99999999997
2025-08-26 14:55:00,99334.99999999997
2025-08-26 15:00:00,99334.99999999997
2025-08-26 15:05:00,99334.99999999997
2025-08-26 15:10:00,99334.99999999997
2025-08-26 15:15:00,99334.99999999997
2025-08-26 15:20:00,99334.99999999997
2025-08-26 15:25:00,99334.99999999997
2025-08-26 15:30:00,99334.99999999997
2025-08-27 09:15:00,99334.99999999997
2025-08-27 09:20:00,99334.99999999997
2025-08-27 09:25:00,99334.99999999997
2025-08-27 09:30:00,99334.99999999997
2025-08-27 09:35:00,99334.99999999997
2025-08-27 09:40:00,99293.91999999997
2025-08-27 09:45:00,99293.91999999997
2025-08-27 09:50:00,99293.91999999997
2025-08-27 09:55:00,99293.91999999997
2025-08-27 10:00:00,99293.91999999997
2025-08-27 10:05:00,99293.91999999997
2025-08-27 10:10:00,99293.91999999997
2025-08-27 10:15:00,99293.91999999997
2025-08-27 10:20:00,99293.91999999997
2025-08-27 10:25:00,99293.91999999997
2025-08-27 10:30:00,99293.91999999997
2025-08-27 10:35:00,99293.91999999997
2025-08-27 10:40:00,99293.91999999997
2025-08-27 10:45:00,99293.91999999997
2025-08-27 10:50:00,99293.91999999997
2025-08-27 10:55:00,99293.91999999997
2025-08-27 11:00:00,99293.91999999997
2025-08-27 11:05:00,99293.91999999997
2025-08-27 11:10:00,99293.91999999997
2025-08-27 11:15:00,99293.91999999997
2025-08-27 11:20:00,99293.91999999997
2025-08-27 11:25:00,99293.91999999997
2025-08-27 11:30:00,99293.91999999997
2025-08-27 11:35:00,99293.91999999997
2025-08-27 11:40:00,99293.91999999997
2025-08-27 11:45:00,99293.91999999997
2025-08-27 11:50:00,99293.91999999997
2025-08-27 11:55:00,99293.91999999997
2025-08-27 12:00:00,99293.91999999997
2025-08-27 12:05:00,99293.91999999997
2025-08-27 12:10:00,99337.42999999996
2025-08-27 12:15:00,99337.42999999996
2025-08-27 12:20:00,99337.42999999996
2025-08-27 12:25:00,99337.42999999996
2025-08-27 12:30:00,99337.42999999996
2025-08-27 12:35:00,99337.42999999996
2025-08-27 12:40:00,99337.42999999996
2025-08-27 12:45:00,99337.42999999996
2025-08-27 12:50:00,99337.42999999996
2025-08-27 12:55:00,99337.42999999996
2025-08-27 13:00:00,99337.42999999996
2025-08-27 13:05:00,99337.42999999996
2025-08-27 13:10:00,99337.42999999996
2025-08-27 13:15:00,99337.42999999996
2025-08-27 13:20:00,99337.42999999996
2025-08-27 13:25:00,99337.42999999996
2025-08-27 13:30:00,99337.42999999996
2025-08-27 13:35:00,99337.42999999996
2025-08-27 13:40:00,99337.42999999996
2025-08-27 13:45:00,99337.42999999996
2025-08-27 13:50:00,99337.42999999996
2025-08-27 13:55:00,99337.42999999996
2025-08-27 14:00:00,99337.42999999996
2025-08-27 14:05:00,99337.42999999996
2025-08-27 14:10:00,99337.42999999996
2025-08-27 14:15:00,99337.42999999996
2025-08-27 14:20:00,99337.42999999996
2025-08-27 14:25:00,99337.42999999996
2025-08-27 14:30:00,99337.42999999996
2025-08-27 14:35:00,99337.42999999996
2025-08-27 14:40:00,99337.42999999996
2025-08-27 14:45:00,99337.42999999996
2025-08-27 14:50:00,99337.42999999996
2025-08-27 14:55:00,99337.42999999996
2025-08-27 15:00:00,99337.42999999996
2025-08-27 15:05:00,99337.42999999996
2025-08-27 15:10:00,99337.42999999996
2025-08-27 15:15:00,99337.42999999996
2025-08-27 15:20:00,99337.42999999996
2025-08-27 15:25:00,99337.42999999996
2025-08-27 15:30:00,99337.42999999996
2025-08-28 09:15:00,99337.42999999996
2025-08-28 09:20:00,99299.81999999998
2025-08-28 09:25:00,99299.81999999998
2025-08-28 09:30:00,99299.81999999998
2025-08-28 09:35:00,99299.81999999998
2025-08-28 09:40:00,99299.81999999998
2025-08-28 09:45:00,99299.81999999998
2025-08-28 09:50:00,99299.81999999998
2025-08-28 09:55:00,99299.81999999998
2025-08-28 10:00:00,99299.81999999998
2025-08-28 10:05:00,99299.81999999998
2025-08-28 10:10:00,99299.81999999998
2025-08-28 10:15:00,99299.81999999998
2025-08-28 10:20:00,99299.81999999998
2025-08-28 10:25:00,99299.81999999998
2025-08-28 10:30:00,99299.81999999998
2025-08-28 10:35:00,99299.81999999998
2025-08-28 10:40:00,99299.81999999998
2025-08-28 10:45:00,99299.81999999998
2025-08-28 10:50:00,99299.81999999998
2025-08-28 10:55:00,99299.81999999998
2025-08-28 11:00:00,99299.81999999998
2025-08-28 11:05:00,99299.81999999998
2025-08-28 11:10:00,99299.81999999998
2025-08-28 11:15:00,99299.81999999998
2025-08-28 11:20:00,99299.81999999998
2025-08-28 11:25:00,99299.81999999998
2025-08-28 11:30:00,99299.81999999998
2025-08-28 11:35:00,99299.81999999998
2025-08-28 11:40:00,99299.81999999998
2025-08-28 11:45:00,99299.81999999998
2025-08-28 11:50:00,99299.81999999998
2025-08-28 11:55:00,99299.81999999998
2025-08-28 12:00:00,99299.81999999998
2025-08-28 12:05:00,99299.81999999998
2025-08-28 12:10:00,99299.81999999998
2025-08-28 12:15:00,99299.81999999998
2025-08-28 12:20:00,99299.81999999998
2025-08-28 12:25:00,99299.81999999998
2025-08-28 12:30:00,99299.81999999998
2025-08-28 12:35:00,99299.81999999998
2025-08-28 12:40:00,99299.81999999998
2025-08-28 12:45:00,99299.81999999998
2025-08-28 12:50:00,99299.81999999998
2025-08-28 12:55:00,99299.81999999998
2025-08-28 13:00:00,99299.81999999998
2025-08-28 13:05:00,99299.81999999998
2025-08-28 13:10:00,99299.81999999998
2025-08-28 13:15:00,99324.12999999998
2025-08-28 13:20:00,99324.12999999998
2025-08-28 13:25:00,99324.12999999998
2025-08-28 13:30:00,99324.12999999998
2025-08-28 13:35:00,99324.12999999998
2025-08-28 13:40:00,99324.12999999998
2025-08-28 13:45:00,99324.12999999998
2025-08-28 13:50:00,99324.12999999998
2025-08-28 13:55:00,99324.12999999998
2025-08-28 14:00:00,99324.12999999998
2025-08-28 14:05:00,99324.12999999998
2025-08-28 14:10:00,99284.19999999997
2025-08-28 14:15:00,99284.19999999997
2025-08-28 14:20:00,99284.19999999997
2025-08-28 14:25:00,99284.19999999997
2025-08-28 14:30:00,99284.19999999997
2025-08-28 14:35:00,99284.19999999997
2025-08-28 14:40:00,99284.19999999997
2025-08-28 14:45:00,99284.19999999997
2025-08-28 14:50:00,99284.19999999997
2025-08-28 14:55:00,99284.19999999997
2025-08-28 15:00:00,99284.19999999997
2025-08-28 15:05:00,99284.19999999997
2025-08-28 15:10:00,99284.19999999997
2025-08-28 15:15:00,99284.19999999997
2025-08-28 15:20:00,99284.19999999997
2025-08-28 15:25:00,99284.19999999997
2025-08-28 15:30:00,99284.19999999997
2025-08-29 09:15:00,99284.19999999997
2025-08-29 09:20:00,99284.19999999997
2025-08-29 09:25:00,99284.19999999997
2025-08-29 09:30:00,99284.19999999997
2025-08-29 09:35:00,99284.19999999997
2025-08-29 09:40:00,99284.19999999997
2025-08-29 09:45:00,99284.19999999997
2025-08-29 09:50:00,99284.19999999997
2025-08-29 09:55:00,99284.19999999997
2025-08-29 10:00:00,99284.19999999997
2025-08-29 10:05:00,99284.19999999997
2025-08-29 10:10:00,99284.19999999997
2025-08-29 10:15:00,99284.19999999997
2025-08-29 10:20:00,99284.19999999997
2025-08-29 10:25:00,99284.19999999997
2025-08-29 10:30:00,99284.19999999997
2025-08-29 10:35:00,99284.19999999997
2025-08-29 10:40:00,99284.19999999997
2025-08-29 10:45:00,99284.19999999997
2025-08-29 10:50:00,99284.19999999997
2025-08-29 10:55:00,99284.19999999997
2025-08-29 11:00:00,99284.19999999997
2025-08-29 11:05:00,99284.19999999997
2025-08-29 11:10:00,99284.19999999997
2025-08-29 11:15:00,99284.19999999997
2025-08-29 11:20:00,99284.19999999997
2025-08-29 11:25:00,99284.19999999997
2025-08-29 11:30:00,99284.19999999997
2025-08-29 11:35:00,99284.19999999997
2025-08-29 11:40:00,99284.19999999997
2025-08-29 11:45:00,99284.19999999997
2025-08-29 11:50:00,99284.19999999997
2025-08-29 11:55:00,99284.19999999997
2025-08-29 12:00:00,99284.19999999997
2025-08-29 12:05:00,99284.19999999997
2025-08-29 12:10:00,99284.19999999997
2025-08-29 12:15:00,99284.19999999997
2025-08-29 12:20:00,99284.19999999997
2025-08-29 12:25:00,99284.19999999997
2025-08-29 12:30:00,99284.19999999997
2025-08-29 12:35:00,99284.19999999997
2025-08-29 12:40:00,99284.19999999997
2025-08-29 12:45:00,99284.19999999997
2025-08-29 12:50:00,99284.19999999997
2025-08-29 12:55:00,99284.19999999997
2025-08-29 13:00:00,99284.19999999997
2025-08-29 13:05:00,99284.19999999997
2025-08-29 13:10:00,99284.19999999997
2025-08-29 13:15:00,99284.19999999997
2025-08-29 13:20:00,99284.19999999997
2025-08-29 13:25:00,99284.19999999997
2025-08-29 13:30:00,99284.19999999997
2025-08-29 13:35:00,99284.19999999997
2025-08-29 13:40:00,99284.19999999997
2025-08-29 13:45:00,99284.19999999997
2025-08-29 13:50:00,99284.19999999997
2025-08-29 13:55:00,99284.19999999997
2025-08-29 14:00:00,99284.19999999997
2025-08-29 14:05:00,99284.19999999997
2025-08-29 14:10:00,99284.19999999997
2025-08-29 14:15:00,99284.19999999997
2025-08-29 14:20:00,99284.19999999997
2025-08-29 14:25:00,99284.19999999997
2025-08-29 14:30:00,99284.19999999997
2025-08-29 14:35:00,99284.19999999997
2025-08-29 14:40:00,99284.19999999997
2025-08-29 14:45:00,99284.19999999997
2025-08-29 14:50:00,99284.19999999997
2025-08-29 14:55:00,99284.19999999997
2025-08-29 15:00:00,99284.19999999997
2025-08-29 15:05:00,99284.19999999997
2025-08-29 15:10:00,99284.19999999997
2025-08-29 15:15:00,99284.19999999997
2025-08-29 15:20:00,99284.19999999997
2025-08-29 15:25:00,99284.19999999997
2025-08-29 15:30:00,99284.19999999997
2025-09-01 09:15:00,99284.19999999997
2025-09-01 09:20:00,99284.19999999997
2025-09-01 09:25:00,99284.19999999997
2025-09-01 09:30:00,99284.19999999997
2025-09-01 09:35:00,99284.19999999997
2025-09-01 09:40:00,99284.19999999997
2025-09-01 09:45:00,99284.19999999997
2025-09-01 09:50:00,99284.19999999997
2025-09-01 09:55:00,99284.19999999997
2025-09-01 10:00:00,99284.19999999997
2025-09-01 10:05:00,99284.19999999997
2025-09-01 10:10:00,99284.19999999997
2025-09-01 10:15:00,99284.19999999997
2025-09-01 10:20:00,99284.19999999997
2025-09-01 10:25:00,99284.19999999997
2025-09-01 10:30:00,99284.19999999997
2025-09-01 10:35:00,99284.19999999997
2025-09-01 10:40:00,99284.19999999997
2025-09-01 10:45:00,99284.19999999997
2025-09-01 10:50:00,99284.19999999997
2025-09-01 10:55:00,99284.19999999997
2025-09-01 11:00:00,99284.19999999997
2025-09-01 11:05:00,99284.19999999997
2025-09-01 11:10:00,99284.19999999997
2025-09-01 11:15:00,99284.19999999997
2025-09-01 11:20:00,99284.19999999997
2025-09-01 11:25:00,99284.19999999997
2025-09-01 11:30:00,99284.19999999997
2025-09-01 11:35:00,99284.19999999997
2025-09-01 11:40:00,99284.19999999997
2025-09-01 11:45:00,99284.19999999997
2025-09-01 11:50:00,99284.19999999997
2025-09-01 11:55:00,99284.19999999997
2025-09-01 12:00:00,99284.19999999997
2025-09-01 12:05:00,99284.19999999997
2025-09-01 12:10:00,99284.19999999997
2025-09-01 12:15:00,99284.19999999997
2025-09-01 12:20:00,99284.19999999997
2025-09-01 12:25:00,99284.19999999997
2025-09-01 12:30:00,99284.19999999997
2025-09-01 12:35:00,99284.19999999997
2025-09-01 12:40:00,99284.19999999997
2025-09-01 12:45:00,99284.19999999997
2025-09-01 12:50:00,99284.19999999997
2025-09-01 12:55:00,99284.19999999997
2025-09-01 13:00:00,99284.19999999997
2025-09-01 13:05:00,99284.19999999997
2025-09-01 13:10:00,99284.19999999997
2025-09-01 13:15:00,99284.19999999997
2025-09-01 13:20:00,99284.19999999997
2025-09-01 13:25:00,99284.19999999997
2025-09-01 13:30:00,99284.19999999997
2025-09-01 13:35:00,99284.19999999997
2025-09-01 13:40:00,99284.19999999997
2025-09-01 13:45:00,99284.19999999997
2025-09-01 13:50:00,99284.19999999997
2025-09-01 13:55:00,99284.19999999997
2025-09-01 14:00:00,99284.19999999997
2025-09-01 14:05:00,99284.19999999997
2025-09-01 14:10:00,99284.19999999997
2025-09-01 14:15:00,99284.19999999997
2025-09-01 14:20:00,99284.19999999997
2025-09-01 14:25:00,99284.19999999997
2025-09-01 14:30:00,99284.19999999997
2025-09-01 14:35:00,99284.19999999997
2025-09-01 14:40:00,99284.19999999997
2025-09-01 14:45:00,99284.19999999997
2025-09-01 14:50:00,99284.19999999997
2025-09-01 14:55:00,99284.19999999997
2025-09-01 15:00:00,99284.19999999997
2025-09-01 15:05:00,99284.19999999997
2025-09-01 15:10:00,99284.19999999997
2025-09-01 15:15:00,99284.19999999997
2025-09-01 15:20:00,99284.19999999997
2025-09-01 15:25:00,99284.19999999997
2025-09-01 15:30:00,99284.19999999997
2025-09-02 09:15:00,99284.19999999997
2025-09-02 09:20:00,99284.19999999997
2025-09-02 09:25:00,99284.19999999997
2025-09-02 09:30:00,99284.19999999997
2025-09-02 09:35:00,99284.19999999997
2025-09-02 09:40:00,99284.19999999997
2025-09-02 09:45:00,99284.19999999997
2025-09-02 09:50:00,99284.19999999997
2025-09-02 09:55:00,99284.19999999997
2025-09-02 10:00:00,99284.19999999997
2025-09-02 10:05:00,99284.19999999997
2025-09-02 10:10:00,99284.19999999997
2025-09-02 10:15:00,99284.19999999997
2025-09-02 10:20:00,99284.19999999997
2025-09-02 10:25:00,99284.19999999997
2025-09-02 10:30:00,99284.19999999997
2025-09-02 10:35:00,99284.19999999997
2025-09-02 10:40:00,99284.19999999997
2025-09-02 10:45:00,99284.19999999997
2025-09-02 10:50:00,99284.19999999997
2025-09-02 10:55:00,99284.19999999997
2025-09-02 11:00:00,99284.19999999997
2025-09-02 11:05:00,99284.19999999997
2025-09-02 11:10:00,99284.19999999997
2025-09-02 11:15:00,99284.19999999997
2025-09-02 11:20:00,99284.19999999997
2025-09-02 11:25:00,99284.19999999997
2025-09-02 11:30:00,99284.19999999997
2025-09-02 11:35:00,99284.19999999997
2025-09-02 11:40:00,99284.19999999997
2025-09-02 11:45:00,99284.19999999997
2025-09-02 11:50:00,99284.19999999997
2025-09-02 11:55:00,99284.19999999997
2025-09-02 12:00:00,99284.19999999997
2025-09-02 12:05:00,99284.19999999997
2025-09-02 12:10:00,99284.19999999997
2025-09-02 12:15:00,99284.19999999997
2025-09-02 12:20:00,99284.19999999997
2025-09-02 12:25:00,99284.19999999997
2025-09-02 12:30:00,99284.19999999997
2025-09-02 12:35:00,99284.19999999997
2025-09-02 12:40:00,99284.19999999997
2025-09-02 12:45:00,99284.19999999997
2025-09-02 12:50:00,99284.19999999997
2025-09-02 12:55:00,99284.19999999997
2025-09-02 13:00:00,99284.19999999997
2025-09-02 13:05:00,99284.19999999997
2025-09-02 13:10:00,99284.19999999997
2025-09-02 13:15:00,99284.19999999997
2025-09-02 13:20:00,99284.19999999997
2025-09-02 13:25:00,99284.19999999997
2025-09-02 13:30:00,99284.19999999997
2025-09-02 13:35:00,99284.19999999997
2025-09-02 13:40:00,99284.19999999997
2025-09-02 13:45:00,99284.19999999997
2025-09-02 13:50:00,99284.19999999997
2025-09-02 13:55:00,99284.19999999997
2025-09-02 14:00:00,99284.19999999997
2025-09-02 14:05:00,99284.19999999997
2025-09-02 14:10:00,99284.19999999997
2025-09-02 14:15:00,99284.19999999997
2025-09-02 14:20:00,99284.19999999997
2025-09-02 14:25:00,99284.19999999997
2025-09-02 14:30:00,99284.19999999997
2025-09-02 14:35:00,99284.19999999997
2025-09-02 14:40:00,99284.19999999997
2025-09-02 14:45:00,99284.19999999997
2025-09-02 14:50:00,99284.19999999997
2025-09-02 14:55:00,99284.19999999997
2025-09-02 15:00:00,99284.19999999997
2025-09-02 15:05:00,99284.19999999997
2025-09-02 15:10:00,99284.19999999997
2025-09-02 15:15:00,99284.19999999997
2025-09-02 15:20:00,99284.19999999997
2025-09-02 15:25:00,99284.19999999997
2025-09-02 15:30:00,99284.19999999997
2025-09-03 09:15:00,99284.19999999997
2025-09-03 09:20:00,99284.19999999997
2025-09-03 09:25:00,99284.19999999997
2025-09-03 09:30:00,99284.19999999997
2025-09-03 09:35:00,99284.19999999997
2025-09-03 09:40:00,99284.19999999997
2025-09-03 09:45:00,99284.19999999997
2025-09-03 09:50:00,99284.19999999997
2025-09-03 09:55:00,99284.19999999997
2025-09-03 10:00:00,99284.19999999997
2025-09-03 10:05:00,99284.19999999997
2025-09-03 10:10:00,99284.19999999997
2025-09-03 10:15:00,99284.19999999997
2025-09-03 10:20:00,99284.19999999997
2025-09-03 10:25:00,99284.19999999997
2025-09-03 10:30:00,99284.19999999997
2025-09-03 10:35:00,99284.19999999997
2025-09-03 10:40:00,99284.19999999997
2025-09-03 10:45:00,99284.19999999997
2025-09-03 10:50:00,99284.19999999997
2025-09-03 10:55:00,99284.19999999997
2025-09-03 11:00:00,99284.19999999997
2025-09-03 11:05:00,99284.19999999997
2025-09-03 11:10:00,99284.19999999997
2025-09-03 11:15:00,99284.19999999997
2025-09-03 11:20:00,99284.19999999997
2025-09-03 11:25:00,99284.19999999997
2025-09-03 11:30:00,99284.19999999997
2025-09-03 11:35:00,99284.19999999997
2025-09-03 11:40:00,99284.19999999997
2025-09-03 11:45:00,99284.19999999997
2025-09-03 11:50:00,99284.19999999997
2025-09-03 11:55:00,99284.19999999997
2025-09-03 12:00:00,99284.19999999997
2025-09-03 12:05:00,99284.19999999997
2025-09-03 12:10:00,99284.19999999997
2025-09-03 12:15:00,99284.19999999997
2025-09-03 12:20:00,99284.19999999997
2025-09-03 12:25:00,99284.19999999997
2025-09-03 12:30:00,99284.19999999997
2025-09-03 12:35:00,99284.19999999997
2025-09-03 12:40:00,99284.19999999997
2025-09-03 12:45:00,99284.19999999997
2025-09-03 12:50:00,99284.19999999997
2025-09-03 12:55:00,99284.19999999997
2025-09-03 13:00:00,99284.19999999997
2025-09-03 13:05:00,99284.19999999997
2025-09-03 13:10:00,99284.19999999997
2025-09-03 13:15:00,99284.19999999997
2025-09-03 13:20:00,99284.19999999997
2025-09-03 13:25:00,99284.19999999997
2025-09-03 13:30:00,99284.19999999997
2025-09-03 13:35:00,99284.19999999997
2025-09-03 13:40:00,99284.19999999997
2025-09-03 13:45:00,99284.19999999997
2025-09-03 13:50:00,99284.19999999997
2025-09-03 13:55:00,99284.19999999997
2025-09-03 14:00:00,99284.19999999997
2025-09-03 14:05:00,99284.19999999997
2025-09-03 14:10:00,99284.19999999997
2025-09-03 14:15:00,99284.19999999997
2025-09-03 14:20:00,99284.19999999997
2025-09-03 14:25:00,99284.19999999997
2025-09-03 14:30:00,99284.19999999997
2025-09-03 14:35:00,99284.19999999997
2025-09-03 14:40:00,99284.19999999997
2025-09-03 14:45:00,99284.19999999997
2025-09-03 14:50:00,99284.19999999997
2025-09-03 14:55:00,99284.19999999997
2025-09-03 15:00:00,99284.19999999997
2025-09-03 15:05:00,99284.19999999997
2025-09-03 15:10:00,99284.19999999997
2025-09-03 15:15:00,99284.19999999997
2025-09-03 15:20:00,99284.19999999997
2025-09-03 15:25:00,99284.19999999997
2025-09-03 15:30:00,99284.19999999997
2025-09-04 09:15:00,99284.19999999997
2025-09-04 09:20:00,99284.19999999997
2025-09-04 09:25:00,99284.19999999997
2025-09-04 09:30:00,99284.19999999997
2025-09-04 09:35:00,99284.19999999997
2025-09-04 09:40:00,99284.19999999997
2025-09-04 09:45:00,99284.19999999997
2025-09-04 09:50:00,99284.19999999997
2025-09-04 09:55:00,99284.19999999997
2025-09-04 10:00:00,99284.19999999997
2025-09-04 10:05:00,99284.19999999997
2025-09-04 10:10:00,99284.19999999997
2025-09-04 10:15:00,99284.19999999997
2025-09-04 10:20:00,99284.19999999997
2025-09-04 10:25:00,99284.19999999997
2025-09-04 10:30:00,99284.19999999997
2025-09-04 10:35:00,99284.19999999997
2025-09-04 10:40:00,99284.19999999997
2025-09-04 10:45:00,99284.19999999997
2025-09-04 10:50:00,99284.19999999997
2025-09-04 10:55:00,99284.19999999997
2025-09-04 11:00:00,99284.19999999997
2025-09-04 11:05:00,99284.19999999997
2025-09-04 11:10:00,99284.19999999997
2025-09-04 11:15:00,99284.19999999997
2025-09-04 11:20:00,99284.19999999997
2025-09-04 11:25:00,99284.19999999997
2025-09-04 11:30:00,99284.19999999997
2025-09-04 11:35:00,99284.19999999997
2025-09-04 11:40:00,99284.19999999997
2025-09-04 11:45:00,99284.19999999997
2025-09-04 11:50:00,99284.19999999997
2025-09-04 11:55:00,99284.19999999997
2025-09-04 12:00:00,99284.19999999997
2025-09-04 12:05:00,99284.19999999997
2025-09-04 12:10:00,99284.19999999997
2025-09-04 12:15:00,99284.19999999997
2025-09-04 12:20:00,99284.19999999997
2025-09-04 12:25:00,99284.19999999997
2025-09-04 12:30:00,99284.19999999997
2025-09-04 12:35:00,99284.19999999997
2025-09-04 12:40:00,99284.19999999997
2025-09-04 12:45:00,99284.19999999997
2025-09-04 12:50:00,99284.19999999997
2025-09-04 12:55:00,99284.19999999997
2025-09-04 13:00:00,99284.19999999997
2025-09-04 13:05:00,99284.19999999997
2025-09-04 13:10:00,99284.19999999997
2025-09-04 13:15:00,99284.19999999997
2025-09-04 13:20:00,99284.19999999997
2025-09-04 13:25:00,99284.19999999997
2025-09-04 13:30:00,99284.19999999997
2025-09-04 13:35:00,99284.19999999997
2025-09-04 13:40:00,99284.19999999997
2025-09-04 13:45:00,99284.19999999997
2025-09-04 13:50:00,99284.19999999997
2025-09-04 13:55:00,99284.19999999997
2025-09-04 14:00:00,99284.19999999997
2025-09-04 14:05:00,99284.19999999997
2025-09-04 14:10:00,99284.19999999997
2025-09-04 14:15:00,99284.19999999997
2025-09-04 14:20:00,99284.19999999997
2025-09-04 14:25:00,99284.19999999997
2025-09-04 14:30:00,99284.19999999997
2025-09-04 14:35:00,99284.19999999997
2025-09-04 14:40:00,99284.19999999997
2025-09-04 14:45:00,99284.19999999997
2025-09-04 14:50:00,99284.19999999997
2025-09-04 14:55:00,99284.19999999997
2025-09-04 15:00:00,99284.19999999997
2025-09-04 15:05:00,99284.19999999997
2025-09-04 15:10:00,99284.19999999997
2025-09-04 15:15:00,99284.19999999997
2025-09-04 15:20:00,99284.19999999997
2025-09-04 15:25:00,99284.19999999997
2025-09-04 15:30:00,99284.19999999997
2025-09-05 09:15:00,99284.19999999997
2025-09-05 09:20:00,99284.19999999997
2025-09-05 09:25:00,99284.19999999997
2025-09-05 09:30:00,99284.19999999997
2025-09-05 09:35:00,99284.19999999997
2025-09-05 09:40:00,99284.19999999997
2025-09-05 09:45:00,99284.19999999997
2025-09-05 09:50:00,99284.19999999997
2025-09-05 09:55:00,99284.19999999997
2025-09-05 10:00:00,99284.19999999997
2025-09-05 10:05:00,99284.19999999997
2025-09-05 10:10:00,99284.19999999997
2025-09-05 10:15:00,99284.19999999997
2025-09-05 10:20:00,99284.19999999997
2025-09-05 10:25:00,99284.19999999997
2025-09-05 10:30:00,99284.19999999997
2025-09-05 10:35:00,99284.19999999997
2025-09-05 10:40:00,99284.19999999997
2025-09-05 10:45:00,99284.19999999997
2025-09-05 10:50:00,99284.19999999997
2025-09-05 10:55:00,99284.19999999997
2025-09-05 11:00:00,99284.19999999997
2025-09-05 11:05:00,99284.19999999997
2025-09-05 11:10:00,99284.19999999997
2025-09-05 11:15:00,99284.19999999997
2025-09-05 11:20:00,99284.19999999997
2025-09-05 11:25:00,99284.19999999997
2025-09-05 11:30:00,99284.19999999997
2025-09-05 11:35:00,99284.19999999997
2025-09-05 11:40:00,99284.19999999997
2025-09-05 11:45:00,99284.19999999997
2025-09-05 11:50:00,99284.19999999997
2025-09-05 11:55:00,99284.19999999997
2025-09-05 12:00:00,99284.19999999997
2025-09-05 12:05:00,99284.19999999997
2025-09-05 12:10:00,99284.19999999997
2025-09-05 12:15:00,99284.19999999997
2025-09-05 12:20:00,99284.19999999997
2025-09-05 12:25:00,99284.19999999997
2025-09-05 12:30:00,99284.19999999997
2025-09-05 12:35:00,99284.19999999997
2025-09-05 12:40:00,99284.19999999997
2025-09-05 12:45:00,99284.19999999997
2025-09-05 12:50:00,99284.19999999997
2025-09-05 12:55:00,99284.19999999997
2025-09-05 13:00:00,99284.19999999997
2025-09-05 13:05:00,99284.19999999997
2025-09-05 13:10:00,99284.19999999997
2025-09-05 13:15:00,99284.19999999997
2025-09-05 13:20:00,99284.19999999997
2025-09-05 13:25:00,99284.19999999997
2025-09-05 13:30:00,99284.19999999997
2025-09-05 13:35:00,99284.19999999997
2025-09-05 13:40:00,99284.19999999997
2025-09-05 13:45:00,99284.19999999997
2025-09-05 13:50:00,99284.19999999997
2025-09-05 13:55:00,99284.19999999997
2025-09-05 14:00:00,99284.19999999997
2025-09-05 14:05:00,99284.19999999997
2025-09-05 14:10:00,99284.19999999997
2025-09-05 14:15:00,99284.19999999997
2025-09-05 14:20:00,99284.19999999997
2025-09-05 14:25:00,99284.19999999997
2025-09-05 14:30:00,99284.19999999997
2025-09-05 14:35:00,99284.19999999997
2025-09-05 14:40:00,99284.19999999997
2025-09-05 14:45:00,99284.19999999997
2025-09-05 14:50:00,99284.19999999997
2025-09-05 14:55:00,99284.19999999997
2025-09-05 15:00:00,99284.19999999997
2025-09-05 15:05:00,99284.19999999997
2025-09-05 15:10:00,99284.19999999997
2025-09-05 15:15:00,99284.19999999997
2025-09-05 15:20:00,99284.19999999997
2025-09-05 15:25:00,99284.19999999997
2025-09-05 15:30:00,99284.19999999997
2025-09-08 09:15:00,99284.19999999997
2025-09-08 09:20:00,99284.19999999997
2025-09-08 09:25:00,99284.19999999997
2025-09-08 09:30:00,99284.19999999997
2025-09-08 09:35:00,99284.19999999997
2025-09-08 09:40:00,99284.19999999997
2025-09-08 09:45:00,99284.19999999997
2025-09-08 09:50:00,99284.19999999997
2025-09-08 09:55:00,99284.19999999997
2025-09-08 10:00:00,99284.19999999997
2025-09-08 10:05:00,99284.19999999997
2025-09-08 10:10:00,99284.19999999997
2025-09-08 10:15:00,99284.19999999997
2025-09-08 10:20:00,99284.19999999997
2025-09-08 10:25:00,99284.19999999997
2025-09-08 10:30:00,99284.19999999997
2025-09-08 10:35:00,99284.19999999997
2025-09-08 10:40:00,99284.19999999997
2025-09-08 10:45:00,99284.19999999997
2025-09-08 10:50:00,99284.19999999997
2025-09-08 10:55:00,99284.19999999997
2025-09-08 11:00:00,99284.19999999997
2025-09-08 11:05:00,99284.19999999997
2025-09-08 11:10:00,99284.19999999997
2025-09-08 11:15:00,99284.19999999997
2025-09-08 11:20:00,99284.19999999997
2025-09-08 11:25:00,99284.19999999997
2025-09-08 11:30:00,99284.19999999997
2025-09-08 11:35:00,99284.19999999997
2025-09-08 11:40:00,99284.19999999997
2025-09-08 11:45:00,99284.19999999997
2025-09-08 11:50:00,99284.19999999997
2025-09-08 11:55:00,99284.19999999997
2025-09-08 12:00:00,99284.19999999997
2025-09-08 12:05:00,99284.19999999997
2025-09-08 12:10:00,99284.19999999997
2025-09-08 12:15:00,99284.19999999997
2025-09-08 12:20:00,99284.19999999997
2025-09-08 12:25:00,99284.19999999997
2025-09-08 12:30:00,99284.19999999997
2025-09-08 12:35:00,99284.19999999997
2025-09-08 12:40:00,99284.19999999997
2025-09-08 12:45:00,99284.19999999997
2025-09-08 12:50:00,99284.19999999997
2025-09-08 12:55:00,99284.19999999997
2025-09-08 13:00:00,99284.19999999997
2025-09-08 13:05:00,99284.19999999997
2025-09-08 13:10:00,99284.19999999997
2025-09-08 13:15:00,99284.19999999997
2025-09-08 13:20:00,99284.19999999997
2025-09-08 13:25:00,99284.19999999997
2025-09-08 13:30:00,99284.19999999997
2025-09-08 13:35:00,99284.19999999997
2025-09-08 13:40:00,99284.19999999997
2025-09-08 13:45:00,99284.19999999997
2025-09-08 13:50:00,99284.19999999997
2025-09-08 13:55:00,99284.19999999997
2025-09-08 14:00:00,99284.19999999997
2025-09-08 14:05:00,99284.19999999997
2025-09-08 14:10:00,99284.19999999997
2025-09-08 14:15:00,99284.19999999997
2025-09-08 14:20:00,99284.19999999997
2025-09-08 14:25:00,99284.19999999997
2025-09-08 14:30:00,99284.19999999997
2025-09-08 14:35:00,99284.19999999997
2025-09-08 14:40:00,99284.19999999997
2025-09-08 14:45:00,99284.19999999997
2025-09-08 14:50:00,99284.19999999997
2025-09-08 14:55:00,99284.19999999997
2025-09-08 15:00:00,99284.19999999997
2025-09-08 15:05:00,99284.19999999997
2025-09-08 15:10:00,99284.19999999997
2025-09-08 15:15:00,99284.19999999997
2025-09-08 15:20:00,99284.19999999997
2025-09-08 15:25:00,99284.19999999997
2025-09-08 15:30:00,99284.19999999997
2025-09-09 09:15:00,99284.19999999997
2025-09-09 09:20:00,99284.19999999997
2025-09-09 09:25:00,99284.19999999997
2025-09-09 09:30:00,99284.19999999997
2025-09-09 09:35:00,99284.19999999997
2025-09-09 09:40:00,99284.19999999997
2025-09-09 09:45:00,99284.19999999997
2025-09-09 09:50:00,99284.19999999997
2025-09-09 09:55:00,99284.19999999997
2025-09-09 10:00:00,99284.19999999997
2025-09-09 10:05:00,99284.19999999997
2025-09-09 10:10:00,99284.19999999997
2025-09-09 10:15:00,99284.19999999997
2025-09-09 10:20:00,99284.19999999997
2025-09-09 10:25:00,99284.19999999997
2025-09-09 10:30:00,99284.19999999997
2025-09-09 10:35:00,99284.19999999997
2025-09-09 10:40:00,99284.19999999997
2025-09-09 10:45:00,99284.19999999997
2025-09-09 10:50:00,99284.19999999997
2025-09-09 10:55:00,99284.19999999997
2025-09-09 11:00:00,99284.19999999997
2025-09-09 11:05:00,99284.19999999997
2025-09-09 11:10:00,99284.19999999997
2025-09-09 11:15:00,99284.19999999997
2025-09-09 11:20:00,99284.19999999997
2025-09-09 11:25:00,99284.19999999997
2025-09-09 11:30:00,99284.19999999997
2025-09-09 11:35:00,99284.19999999997
2025-09-09 11:40:00,99284.19999999997
2025-09-09 11:45:00,99284.19999999997
2025-09-09 11:50:00,99284.19999999997
2025-09-09 11:55:00,99284.19999999997
2025-09-09 12:00:00,99284.19999999997
2025-09-09 12:05:00,99284.19999999997
2025-09-09 12:10:00,99284.19999999997
2025-09-09 12:15:00,99284.19999999997
2025-09-09 12:20:00,99284.19999999997
2025-09-09 12:25:00,99284.19999999997
2025-09-09 12:30:00,99284.19999999997
2025-09-09 12:35:00,99284.19999999997
2025-09-09 12:40:00,99284.19999999997
2025-09-09 12:45:00,99284.19999999997
2025-09-09 12:50:00,99284.19999999997
2025-09-09 12:55:00,99284.19999999997
2025-09-09 13:00:00,99284.19999999997
2025-09-09 13:05:00,99284.19999999997
2025-09-09 13:10:00,99284.19999999997
2025-09-09 13:15:00,99284.19999999997
2025-09-09 13:20:00,99284.19999999997
2025-09-09 13:25:00,99284.19999999997
2025-09-09 13:30:00,99284.19999999997
2025-09-09 13:35:00,99284.19999999997
2025-09-09 13:40:00,99284.19999999997
2025-09-09 13:45:00,99284.19999999997
2025-09-09 13:50:00,99284.19999999997
2025-09-09 13:55:00,99284.19999999997
2025-09-09 14:00:00,99284.19999999997
2025-09-09 14:05:00,99284.19999999997
2025-09-09 14:10:00,99284.19999999997
2025-09-09 14:15:00,99284.19999999997
2025-09-09 14:20:00,99284.19999999997
2025-09-09 14:25:00,99284.19999999997
2025-09-09 14:30:00,99284.19999999997
2025-09-09 14:35:00,99284.19999999997
2025-09-09 14:40:00,99284.19999999997
2025-09-09 14:45:00,99284.19999999997
2025-09-09 14:50:00,99284.19999999997
2025-09-09 14:55:00,99284.19999999997
2025-09-09 15:00:00,99284.19999999997
2025-09-09 15:05:00,99284.19999999997
2025-09-09 15:10:00,99284.19999999997
2025-09-09 15:15:00,99284.19999999997
2025-09-09 15:20:00,99284.19999999997
2025-09-09 15:25:00,99284.19999999997
2025-09-09 15:30:00,99284.19999999997
2025-09-10 09:15:00,99284.19999999997
2025-09-10 09:20:00,99284.19999999997
2025-09-10 09:25:00,99284.19999999997
2025-09-10 09:30:00,99284.19999999997
2025-09-10 09:35:00,99284.19999999997
2025-09-10 09:40:00,99284.19999999997
2025-09-10 09:45:00,99284.19999999997
2025-09-10 09:50:00,99284.19999999997
2025-09-10 09:55:00,99284.19999999997
2025-09-10 10:00:00,99284.19999999997
2025-09-10 10:05:00,99284.19999999997
2025-09-10 10:10:00,99284.19999999997
2025-09-10 10:15:00,99284.19999999997
2025-09-10 10:20:00,99284.19999999997
2025-09-10 10:25:00,99284.19999999997
2025-09-10 10:30:00,99284.19999999997
2025-09-10 10:35:00,99284.19999999997
2025-09-10 10:40:00,99284.19999999997
2025-09-10 10:45:00,99284.19999999997
2025-09-10 10:50:00,99284.19999999997
2025-09-10 10:55:00,99284.19999999997
2025-09-10 11:00:00,99284.19999999997
2025-09-10 11:05:00,99284.19999999997
2025-09-10 11:10:00,99284.19999999997
2025-09-10 11:15:00,99284.19999999997
2025-09-10 11:20:00,99284.19999999997
2025-09-10 11:25:00,99284.19999999997
2025-09-10 11:30:00,99284.19999999997
2025-09-10 11:35:00,99284.19999999997
2025-09-10 11:40:00,99284.19999999997
2025-09-10 11:45:00,99284.19999999997
2025-09-10 11:50:00,99284.19999999997
2025-09-10 11:55:00,99284.19999999997
2025-09-10 12:00:00,99284.19999999997
2025-09-10 12:05:00,99284.19999999997
2025-09-10 12:10:00,99284.19999999997
2025-09-10 12:15:00,99284.19999999997
2025-09-10 12:20:00,99284.19999999997
2025-09-10 12:25:00,99284.19999999997
2025-09-10 12:30:00,99284.19999999997
2025-09-10 12:35:00,99284.19999999997
2025-09-10 12:40:00,99284.19999999997
2025-09-10 12:45:00,99284.19999999997
2025-09-10 12:50:00,99284.19999999997
2025-09-10 12:55:00,99284.19999999997
2025-09-10 13:00:00,99284.19999999997
2025-09-10 13:05:00,99284.19999999997
2025-09-10 13:10:00,99284.19999999997
2025-09-10 13:15:00,99284.19999999997
2025-09-10 13:20:00,99284.19999999997
2025-09-10 13:25:00,99284.19999999997
2025-09-10 13:30:00,99284.19999999997
2025-09-10 13:35:00,99284.19999999997
2025-09-10 13:40:00,99284.19999999997
2025-09-10 13:45:00,99284.19999999997
2025-09-10 13:50:00,99284.19999999997
2025-09-10 13:55:00,99284.19999999997
2025-09-10 14:00:00,99284.19999999997
2025-09-10 14:05:00,99284.19999999997
2025-09-10 14:10:00,99284.19999999997
2025-09-10 14:15:00,99284.19999999997
2025-09-10 14:20:00,99284.19999999997
2025-09-10 14:25:00,99284.19999999997
2025-09-10 14:30:00,99284.19999999997
2025-09-10 14:35:00,99284.19999999997
2025-09-10 14:40:00,99284.19999999997
2025-09-10 14:45:00,99284.19999999997
2025-09-10 14:50:00,99284.19999999997
2025-09-10 14:55:00,99284.19999999997
2025-09-10 15:00:00,99284.19999999997
2025-09-10 15:05:00,99284.19999999997
2025-09-10 15:10:00,99284.19999999997
2025-09-10 15:15:00,99284.19999999997
2025-09-10 15:20:00,99284.19999999997
2025-09-10 15:25:00,99284.19999999997
2025-09-10 15:30:00,99284.19999999997
2025-09-11 09:15:00,99284.19999999997
2025-09-11 09:20:00,99284.19999999997
2025-09-11 09:25:00,99284.19999999997
2025-09-11 09:30:00,99284.19999999997
2025-09-11 09:35:00,99284.19999999997
2025-09-11 09:40:00,99284.19999999997
2025-09-11 09:45:00,99284.19999999997
2025-09-11 09:50:00,99284.19999999997
2025-09-11 09:55:00,99284.19999999997
2025-09-11 10:00:00,99284.19999999997
2025-09-11 10:05:00,99284.19999999997
2025-09-11 10:10:00,99284.19999999997
2025-09-11 10:15:00,99284.19999999997
2025-09-11 10:20:00,99284.19999999997
2025-09-11 10:25:00,99284.19999999997
2025-09-11 10:30:00,99284.19999999997
2025-09-11 10:35:00,99284.19999999997
2025-09-11 10:40:00,99284.19999999997
2025-09-11 10:45:00,99284.19999999997
2025-09-11 10:50:00,99284.19999999997
2025-09-11 10:55:00,99284.19999999997
2025-09-11 11:00:00,99284.19999999997
2025-09-11 11:05:00,99284.19999999997
2025-09-11 11:10:00,99284.19999999997
2025-09-11 11:15:00,99284.19999999997
2025-09-11 11:20:00,99284.19999999997
2025-09-11 11:25:00,99284.19999999997
2025-09-11 11:30:00,99284.19999999997
2025-09-11 11:35:00,99284.19999999997
2025-09-11 11:40:00,99284.19999999997
2025-09-11 11:45:00,99284.19999999997
2025-09-11 11:50:00,99284.19999999997
2025-09-11 11:55:00,99284.19999999997
2025-09-11 12:00:00,99284.19999999997
2025-09-11 12:05:00,99284.19999999997
2025-09-11 12:10:00,99284.19999999997
2025-09-11 12:15:00,99284.19999999997
2025-09-11 12:20:00,99284.19999999997
2025-09-11 12:25:00,99284.19999999997
2025-09-11 12:30:00,99284.19999999997
2025-09-11 12:35:00,99284.19999999997
2025-09-11 12:40:00,99284.19999999997
2025-09-11 12:45:00,99284.19999999997
2025-09-11 12:50:00,99284.19999999997
2025-09-11 12:55:00,99284.19999999997
2025-09-11 13:00:00,99284.19999999997
2025-09-11 13:05:00,99284.19999999997
2025-09-11 13:10:00,99284.19999999997
2025-09-11 13:15:00,99284.19999999997
2025-09-11 13:20:00,99284.19999999997
2025-09-11 13:25:00,99284.19999999997
2025-09-11 13:30:00,99284.19999999997
2025-09-11 13:35:00,99284.19999999997
2025-09-11 13:40:00,99284.19999999997
2025-09-11 13:45:00,99284.19999999997
2025-09-11 13:50:00,99284.19999999997
2025-09-11 13:55:00,99284.19999999997
2025-09-11 14:00:00,99284.19999999997
2025-09-11 14:05:00,99284.19999999997
2025-09-11 14:10:00,99284.19999999997
2025-09-11 14:15:00,99284.19999999997
2025-09-11 14:20:00,99284.19999999997
2025-09-11 14:25:00,99284.19999999997
2025-09-11 14:30:00,99284.19999999997
2025-09-11 14:35:00,99284.19999999997
2025-09-11 14:40:00,99284.19999999997
2025-09-11 14:45:00,99284.19999999997
2025-09-11 14:50:00,99284.19999999997
2025-09-11 14:55:00,99284.19999999997
2025-09-11 15:00:00,99284.19999999997
2025-09-11 15:05:00,99284.19999999997
2025-09-11 15:10:00,99284.19999999997
2025-09-11 15:15:00,99284.19999999997
2025-09-11 15:20:00,99284.19999999997
2025-09-11 15:25:00,99284.19999999997
2025-09-11 15:30:00,99284.19999999997
2025-09-12 09:15:00,99284.19999999997
2025-09-12 09:20:00,99284.19999999997
2025-09-12 09:25:00,99284.19999999997
2025-09-12 09:30:00,99284.19999999997
2025-09-12 09:35:00,99284.19999999997
2025-09-12 09:40:00,99284.19999999997
2025-09-12 09:45:00,99284.19999999997
2025-09-12 09:50:00,99284.19999999997
2025-09-12 09:55:00,99284.19999999997
2025-09-12 10:00:00,99284.19999999997
2025-09-12 10:05:00,99284.19999999997
2025-09-12 10:10:00,99284.19999999997
2025-09-12 10:15:00,99284.19999999997
2025-09-12 10:20:00,99284.19999999997
2025-09-12 10:25:00,99284.19999999997
2025-09-12 10:30:00,99284.19999999997
2025-09-12 10:35:00,99284.19999999997
2025-09-12 10:40:00,99284.19999999997
2025-09-12 10:45:00,99284.19999999997
2025-09-12 10:50:00,99284.19999999997
2025-09-12 10:55:00,99284.19999999997
2025-09-12 11:00:00,99284.19999999997
2025-09-12 11:05:00,99284.19999999997
2025-09-12 11:10:00,99284.19999999997
2025-09-12 11:15:00,99284.19999999997
2025-09-12 11:20:00,99284.19999999997
2025-09-12 11:25:00,99284.19999999997
2025-09-12 11:30:00,99284.19999999997
2025-09-12 11:35:00,99284.19999999997
2025-09-12 11:40:00,99284.19999999997
2025-09-12 11:45:00,99284.19999999997
2025-09-12 11:50:00,99284.19999999997
2025-09-12 11:55:00,99284.19999999997
2025-09-12 12:00:00,99284.19999999997
2025-09-12 12:05:00,99284.19999999997
2025-09-12 12:10:00,99284.19999999997
2025-09-12 12:15:00,99284.19999999997
2025-09-12 12:20:00,99284.19999999997
2025-09-12 12:25:00,99284.19999999997
2025-09-12 12:30:00,99284.19999999997
2025-09-12 12:35:00,99284.19999999997
2025-09-12 12:40:00,99284.19999999997
2025-09-12 12:45:00,99284.19999999997
2025-09-12 12:50:00,99284.19999999997
2025-09-12 12:55:00,99284.19999999997
2025-09-12 13:00:00,99284.19999999997
2025-09-12 13:05:00,99284.19999999997
2025-09-12 13:10:00,99284.19999999997
2025-09-12 13:15:00,99284.19999999997
2025-09-12 13:20:00,99284.19999999997
2025-09-12 13:25:00,99284.19999999997
2025-09-12 13:30:00,99284.19999999997
2025-09-12 13:35:00,99284.19999999997
2025-09-12 13:40:00,99284.19999999997
2025-09-12 13:45:00,99284.19999999997
2025-09-12 13:50:00,99284.19999999997
2025-09-12 13:55:00,99284.19999999997
2025-09-12 14:00:00,99284.19999999997
2025-09-12 14:05:00,99284.19999999997
2025-09-12 14:10:00,99284.19999999997
2025-09-12 14:15:00,99284.19999999997
2025-09-12 14:20:00,99284.19999999997
2025-09-12 14:25:00,99284.19999999997
2025-09-12 14:30:00,99284.19999999997
2025-09-12 14:35:00,99284.19999999997
2025-09-12 14:40:00,99284.19999999997
2025-09-12 14:45:00,99284.19999999997
2025-09-12 14:50:00,99284.19999999997
2025-09-12 14:55:00,99284.19999999997
2025-09-12 15:00:00,99284.19999999997
2025-09-12 15:05:00,99284.19999999997
2025-09-12 15:10:00,99284.19999999997
2025-09-12 15:15:00,99284.19999999997
2025-09-12 15:20:00,99284.19999999997
2025-09-12 15:25:00,99284.19999999997
2025-09-12 15:30:00,99284.19999999997
2025-09-15 09:15:00,99284.19999999997
2025-09-15 09:20:00,99284.19999999997
2025-09-15 09:25:00,99284.19999999997
2025-09-15 09:30:00,99284.19999999997
2025-09-15 09:35:00,99284.19999999997
2025-09-15 09:40:00,99284.19999999997
2025-09-15 09:45:00,99284.19999999997
2025-09-15 09:50:00,99284.19999999997
2025-09-15 09:55:00,99284.19999999997
2025-09-15 10:00:00,99284.19999999997
2025-09-15 10:05:00,99284.19999999997
2025-09-15 10:10:00,99255.82999999997
2025-09-15 10:15:00,99255.82999999997
2025-09-15 10:20:00,99255.82999999997
2025-09-15 10:25:00,99255.82999999997
2025-09-15 10:30:00,99255.82999999997
2025-09-15 10:35:00,99255.82999999997
2025-09-15 10:40:00,99255.82999999997
2025-09-15 10:45:00,99228.82999999997
2025-09-15 10:50:00,99228.82999999997
2025-09-15 10:55:00,99228.82999999997
2025-09-15 11:00:00,99228.82999999997
2025-09-15 11:05:00,99228.82999999997
2025-09-15 11:10:00,99228.82999999997
2025-09-15 11:15:00,99228.82999999997
2025-09-15 11:20:00,99228.82999999997
2025-09-15 11:25:00,99228.82999999997
2025-09-15 11:30:00,99228.82999999997
2025-09-15 11:35:00,99228.82999999997
2025-09-15 11:40:00,99228.82999999997
2025-09-15 11:45:00,99228.82999999997
2025-09-15 11:50:00,99228.82999999997
2025-09-15 11:55:00,99228.82999999997
2025-09-15 12:00:00,99228.82999999997
2025-09-15 12:05:00,99228.82999999997
2025-09-15 12:10:00,99228.82999999997
2025-09-15 12:15:00,99228.82999999997
2025-09-15 12:20:00,99228.82999999997
2025-09-15 12:25:00,99228.82999999997
2025-09-15 12:30:00,99228.82999999997
2025-09-15 12:35:00,99228.82999999997
2025-09-15 12:40:00,99228.82999999997
2025-09-15 12:45:00,99228.82999999997
2025-09-15 12:50:00,99228.82999999997
2025-09-15 12:55:00,99228.82999999997
2025-09-15 13:00:00,99228.82999999997
2025-09-15 13:05:00,99228.82999999997
2025-09-15 13:10:00,99245.08999999997
2025-09-15 13:15:00,99245.08999999997
2025-09-15 13:20:00,99245.08999999997
2025-09-15 13:25:00,99245.08999999997
2025-09-15 13:30:00,99245.08999999997
2025-09-15 13:35:00,99245.08999999997
2025-09-15 13:40:00,99245.08999999997
2025-09-15 13:45:00,99245.08999999997
2025-09-15 13:50:00,99245.08999999997
2025-09-15 13:55:00,99245.08999999997
2025-09-15 14:00:00,99245.08999999997
2025-09-15 14:05:00,99245.08999999997
2025-09-15 14:10:00,99245.08999999997
2025-09-15 14:15:00,99245.08999999997
2025-09-15 14:20:00,99245.08999999997
2025-09-15 14:25:00,99245.08999999997
2025-09-15 14:30:00,99245.08999999997
2025-09-15 14:35:00,99245.08999999997
2025-09-15 14:40:00,99245.08999999997
2025-09-15 14:45:00,99245.08999999997
2025-09-15 14:50:00,99245.08999999997
2025-09-15 14:55:00,99245.08999999997
2025-09-15 15:00:00,99245.08999999997
2025-09-15 15:05:00,99245.08999999997
2025-09-15 15:10:00,99245.08999999997
2025-09-15 15:15:00,99245.08999999997
2025-09-15 15:20:00,99245.08999999997
2025-09-15 15:25:00,99245.08999999997
2025-09-15 15:30:00,99245.08999999997
2025-09-16 09:15:00,99245.08999999997
2025-09-16 09:20:00,99245.08999999997
2025-09-16 09:25:00,99245.08999999997
2025-09-16 09:30:00,99245.08999999997
2025-09-16 09:35:00,99245.08999999997
2025-09-16 09:40:00,99245.08999999997
2025-09-16 09:45:00,99245.08999999997
2025-09-16 09:50:00,99245.08999999997
2025-09-16 09:55:00,99245.08999999997
2025-09-16 10:00:00,99245.08999999997
2025-09-16 10:05:00,99245.08999999997
2025-09-16 10:10:00,99245.08999999997
2025-09-16 10:15:00,99245.08999999997
2025-09-16 10:20:00,99245.08999999997
2025-09-16 10:25:00,99245.08999999997
2025-09-16 10:30:00,99245.08999999997
2025-09-16 10:35:00,99245.08999999997
2025-09-16 10:40:00,99245.08999999997
2025-09-16 10:45:00,99245.08999999997
2025-09-16 10:50:00,99245.08999999997
2025-09-16 10:55:00,99374.32999999997
2025-09-16 11:00:00,99374.32999999997
2025-09-16 11:05:00,99374.32999999997
2025-09-16 11:10:00,99374.32999999997
2025-09-16 11:15:00,99374.32999999997
2025-09-16 11:20:00,99374.32999999997
2025-09-16 11:25:00,99374.32999999997
2025-09-16 11:30:00,99374.32999999997
2025-09-16 11:35:00,99374.32999999997
2025-09-16 11:40:00,99374.32999999997
2025-09-16 11:45:00,99374.32999999997
2025-09-16 11:50:00,99374.32999999997
2025-09-16 11:55:00,99374.32999999997
2025-09-16 12:00:00,99374.32999999997
2025-09-16 12:05:00,99374.32999999997
2025-09-16 12:10:00,99374.32999999997
2025-09-16 12:15:00,99374.32999999997
2025-09-16 12:20:00,99374.32999999997
2025-09-16 12:25:00,99374.32999999997
2025-09-16 12:30:00,99374.32999999997
2025-09-16 12:35:00,99374.32999999997
2025-09-16 12:40:00,99374.32999999997
2025-09-16 12:45:00,99374.32999999997
2025-09-16 12:50:00,99374.32999999997
2025-09-16 12:55:00,99374.32999999997
2025-09-16 13:00:00,99374.32999999997
2025-09-16 13:05:00,99374.32999999997
2025-09-16 13:10:00,99374.32999999997
2025-09-16 13:15:00,99374.32999999997
2025-09-16 13:20:00,99374.32999999997
2025-09-16 13:25:00,99374.32999999997
2025-09-16 13:30:00,99374.32999999997
2025-09-16 13:35:00,99374.32999999997
2025-09-16 13:40:00,99374.32999999997
2025-09-16 13:45:00,99374.32999999997
2025-09-16 13:50:00,99395.19999999997
2025-09-16 13:55:00,99395.19999999997
2025-09-16 14:00:00,99395.19999999997
2025-09-16 14:05:00,99395.19999999997
2025-09-16 14:10:00,99395.19999999997
2025-09-16 14:15:00,99395.19999999997
2025-09-16 14:20:00,99395.19999999997
2025-09-16 14:25:00,99395.19999999997
2025-09-16 14:30:00,99395.19999999997
2025-09-16 14:35:00,99395.19999999997
2025-09-16 14:40:00,99395.19999999997
2025-09-16 14:45:00,99395.19999999997
2025-09-16 14:50:00,99395.19999999997
2025-09-16 14:55:00,99395.19999999997
2025-09-16 15:00:00,99395.19999999997
2025-09-16 15:05:00,99395.19999999997
2025-09-16 15:10:00,99395.19999999997
2025-09-16 15:15:00,99395.19999999997
2025-09-16 15:20:00,99395.19999999997
2025-09-16 15:25:00,99395.19999999997
2025-09-16 15:30:00,99395.19999999997
2025-09-17 09:15:00,99395.19999999997
2025-09-17 09:20:00,99395.19999999997
2025-09-17 09:25:00,99395.19999999997
2025-09-17 09:30:00,99395.19999999997
2025-09-17 09:35:00,99395.19999999997
2025-09-17 09:40:00,99395.19999999997
2025-09-17 09:45:00,99395.19999999997
2025-09-17 09:50:00,99414.72999999997
2025-09-17 09:55:00,99414.72999999997
2025-09-17 10:00:00,99414.72999999997
2025-09-17 10:05:00,99414.72999999997
2025-09-17 10:10:00,99414.72999999997
2025-09-17 10:15:00,99414.72999999997
2025-09-17 10:20:00,99414.72999999997
2025-09-17 10:25:00,99414.72999999997
2025-09-17 10:30:00,99414.72999999997
2025-09-17 10:35:00,99414.72999999997
2025-09-17 10:40:00,99414.72999999997
2025-09-17 10:45:00,99414.72999999997
2025-09-17 10:50:00,99414.72999999997
2025-09-17 10:55:00,99414.72999999997
2025-09-17 11:00:00,99414.72999999997
2025-09-17 11:05:00,99414.72999999997
2025-09-17 11:10:00,99414.72999999997
2025-09-17 11:15:00,99414.72999999997
2025-09-17 11:20:00,99414.72999999997
2025-09-17 11:25:00,99414.72999999997
2025-09-17 11:30:00,99414.72999999997
2025-09-17 11:35:00,99414.72999999997
2025-09-17 11:40:00,99414.72999999997
2025-09-17 11:45:00,99414.72999999997
2025-09-17 11:50:00,99414.72999999997
2025-09-17 11:55:00,99414.72999999997
2025-09-17 12:00:00,99414.72999999997
2025-09-17 12:05:00,99414.72999999997
2025-09-17 12:10:00,99414.72999999997
2025-09-17 12:15:00,99414.72999999997
2025-09-17 12:20:00,99414.72999999997
2025-09-17 12:25:00,99414.72999999997
2025-09-17 12:30:00,99414.72999999997
2025-09-17 12:35:00,99414.72999999997
2025-09-17 12:40:00,99414.72999999997
2025-09-17 12:45:00,99407.87999999998
2025-09-17 12:50:00,99407.87999999998
2025-09-17 12:55:00,99407.87999999998
2025-09-17 13:00:00,99407.87999999998
2025-09-17 13:05:00,99407.87999999998
2025-09-17 13:10:00,99407.87999999998
2025-09-17 13:15:00,99407.87999999998
2025-09-17 13:20:00,99407.87999999998
2025-09-17 13:25:00,99407.87999999998
2025-09-17 13:30:00,99407.87999999998
2025-09-17 13:35:00,99407.87999999998
2025-09-17 13:40:00,99407.87999999998
2025-09-17 13:45:00,99407.87999999998
2025-09-17 13:50:00,99407.87999999998
2025-09-17 13:55:00,99407.87999999998
2025-09-17 14:00:00,99407.87999999998
2025-09-17 14:05:00,99407.87999999998
2025-09-17 14:10:00,99407.87999999998
2025-09-17 14:15:00,99407.87999999998
2025-09-17 14:20:00,99407.87999999998
2025-09-17 14:25:00,99407.87999999998
2025-09-17 14:30:00,99407.87999999998
2025-09-17 14:35:00,99407.87999999998
2025-09-17 14:40:00,99407.87999999998
2025-09-17 14:45:00,99407.87999999998
2025-09-17 14:50:00,99407.87999999998
2025-09-17 14:55:00,99407.87999999998
2025-09-17 15:00:00,99407.87999999998
2025-09-17 15:05:00,99407.87999999998
2025-09-17 15:10:00,99407.87999999998
2025-09-17 15:15:00,99407.87999999998
2025-09-17 15:20:00,99407.87999999998
2025-09-17 15:25:00,99407.87999999998
2025-09-17 15:30:00,99407.87999999998
2025-09-18 09:15:00,99407.87999999998
2025-09-18 09:20:00,99407.87999999998
2025-09-18 09:25:00,99407.87999999998
2025-09-18 09:30:00,99407.87999999998
2025-09-18 09:35:00,99407.87999999998
2025-09-18 09:40:00,99407.87999999998
2025-09-18 09:45:00,99407.87999999998
2025-09-18 09:50:00,99407.87999999998
2025-09-18 09:55:00,99407.87999999998
2025-09-18 10:00:00,99407.87999999998
2025-09-18 10:05:00,99407.87999999998
2025-09-18 10:10:00,99407.87999999998
2025-09-18 10:15:00,99407.87999999998
2025-09-18 10:20:00,99407.87999999998
2025-09-18 10:25:00,99407.87999999998
2025-09-18 10:30:00,99407.87999999998
2025-09-18 10:35:00,99407.87999999998
2025-09-18 10:40:00,99407.87999999998
2025-09-18 10:45:00,99407.87999999998
2025-09-18 10:50:00,99407.87999999998
2025-09-18 10:55:00,99407.87999999998
2025-09-18 11:00:00,99407.87999999998
2025-09-18 11:05:00,99407.87999999998
2025-09-18 11:10:00,99407.87999999998
2025-09-18 11:15:00,99407.87999999998
2025-09-18 11:20:00,99407.87999999998
2025-09-18 11:25:00,99412.23999999996
2025-09-18 11:30:00,99412.23999999996
2025-09-18 11:35:00,99412.23999999996
2025-09-18 11:40:00,99412.23999999996
2025-09-18 11:45:00,99412.23999999996
2025-09-18 11:50:00,99412.23999999996
2025-09-18 11:55:00,99412.23999999996
2025-09-18 12:00:00,99412.23999999996
2025-09-18 12:05:00,99412.23999999996
2025-09-18 12:10:00,99412.23999999996
2025-09-18 12:15:00,99412.23999999996
2025-09-18 12:20:00,99412.23999999996
2025-09-18 12:25:00,99412.23999999996
2025-09-18 12:30:00,99412.23999999996
2025-09-18 12:35:00,99412.23999999996
2025-09-18 12:40:00,99412.23999999996
2025-09-18 12:45:00,99368.85999999997
2025-09-18 12:50:00,99368.85999999997
2025-09-18 12:55:00,99368.85999999997
2025-09-18 13:00:00,99368.85999999997
2025-09-18 13:05:00,99368.85999999997
2025-09-18 13:10:00,99368.85999999997
2025-09-18 13:15:00,99368.85999999997
2025-09-18 13:20:00,99368.85999999997
2025-09-18 13:25:00,99368.85999999997
2025-09-18 13:30:00,99368.85999999997
2025-09-18 13:35:00,99368.85999999997
2025-09-18 13:40:00,99368.85999999997
2025-09-18 13:45:00,99368.85999999997
2025-09-18 13:50:00,99368.85999999997
2025-09-18 13:55:00,99368.85999999997
2025-09-18 14:00:00,99368.85999999997
2025-09-18 14:05:00,99368.85999999997
2025-09-18 14:10:00,99368.85999999997
2025-09-18 14:15:00,99368.85999999997
2025-09-18 14:20:00,99368.85999999997
2025-09-18 14:25:00,99368.85999999997
2025-09-18 14:30:00,99368.85999999997
2025-09-18 14:35:00,99368.85999999997
2025-09-18 14:40:00,99368.85999999997
2025-09-18 14:45:00,99368.85999999997
2025-09-18 14:50:00,99368.85999999997
2025-09-18 14:55:00,99368.85999999997
2025-09-18 15:00:00,99368.85999999997
2025-09-18 15:05:00,99368.85999999997
2025-09-18 15:10:00,99368.85999999997
2025-09-18 15:15:00,99368.85999999997
2025-09-18 15:20:00,99368.85999999997
2025-09-18 15:25:00,99368.85999999997
2025-09-18 15:30:00,99368.85999999997
2025-09-19 09:15:00,99368.85999999997
2025-09-19 09:20:00,99368.85999999997
2025-09-19 09:25:00,99368.85999999997
2025-09-19 09:30:00,99368.85999999997
2025-09-19 09:35:00,99368.85999999997
2025-09-19 09:40:00,99368.85999999997
2025-09-19 09:45:00,99368.85999999997
2025-09-19 09:50:00,99368.85999999997
2025-09-19 09:55:00,99368.85999999997
2025-09-19 10:00:00,99429.83999999997
2025-09-19 10:05:00,99429.83999999997
2025-09-19 10:10:00,99429.83999999997
2025-09-19 10:15:00,99406.96999999997
2025-09-19 10:20:00,99406.96999999997
2025-09-19 10:25:00,99406.96999999997
2025-09-19 10:30:00,99406.96999999997
2025-09-19 10:35:00,99406.96999999997
2025-09-19 10:40:00,99406.96999999997
2025-09-19 10:45:00,99406.96999999997
2025-09-19 10:50:00,99406.96999999997
2025-09-19 10:55:00,99406.96999999997
2025-09-19 11:00:00,99406.96999999997
2025-09-19 11:05:00,99406.96999999997
2025-09-19 11:10:00,99365.83999999997
2025-09-19 11:15:00,99365.83999999997
2025-09-19 11:20:00,99365.83999999997
2025-09-19 11:25:00,99365.83999999997
2025-09-19 11:30:00,99365.83999999997
2025-09-19 11:35:00,99365.83999999997
2025-09-19 11:40:00,99365.83999999997
2025-09-19 11:45:00,99365.83999999997
2025-09-19 11:50:00,99365.83999999997
2025-09-19 11:55:00,99365.83999999997
2025-09-19 12:00:00,99365.83999999997
2025-09-19 12:05:00,99365.83999999997
2025-09-19 12:10:00,99365.83999999997
2025-09-19 12:15:00,99365.83999999997
2025-09-19 12:20:00,99365.83999999997
2025-09-19 12:25:00,99365.83999999997
2025-09-19 12:30:00,99365.83999999997
2025-09-19 12:35:00,99365.83999999997
2025-09-19 12:40:00,99365.83999999997
2025-09-19 12:45:00,99365.83999999997
2025-09-19 12:50:00,99365.83999999997
2025-09-19 12:55:00,99365.83999999997
2025-09-19 13:00:00,99365.83999999997
2025-09-19 13:05:00,99365.83999999997
2025-09-19 13:10:00,99365.83999999997
2025-09-19 13:15:00,99365.83999999997
2025-09-19 13:20:00,99365.83999999997
2025-09-19 13:25:00,99365.83999999997
2025-09-19 13:30:00,99365.83999999997
2025-09-19 13:35:00,99365.83999999997
2025-09-19 13:40:00,99365.83999999997
2025-09-19 13:45:00,99365.83999999997
2025-09-19 13:50:00,99365.83999999997
2025-09-19 13:55:00,99365.83999999997
2025-09-19 14:00:00,99365.83999999997
2025-09-19 14:05:00,99365.83999999997
2025-09-19 14:10:00,99365.83999999997
2025-09-19 14:15:00,99365.83999999997
2025-09-19 14:20:00,99365.83999999997
2025-09-19 14:25:00,99365.83999999997
2025-09-19 14:30:00,99365.83999999997
2025-09-19 14:35:00,99365.83999999997
2025-09-19 14:40:00,99424.10999999997
2025-09-19 14:45:00,99424.10999999997
2025-09-19 14:50:00,99424.10999999997
2025-09-19 14:55:00,99424.10999999997
2025-09-19 15:00:00,99424.10999999997
2025-09-19 15:05:00,99424.10999999997
2025-09-19 15:10:00,99424.10999999997
2025-09-19 15:15:00,99424.10999999997
2025-09-19 15:20:00,99424.10999999997
2025-09-19 15:25:00,99424.10999999997
2025-09-19 15:30:00,99373.73999999996
2025-09-22 09:15:00,99373.73999999996
2025-09-22 09:20:00,99373.73999999996
2025-09-22 09:25:00,99373.73999999996
2025-09-22 09:30:00,99373.73999999996
2025-09-22 09:35:00,99373.73999999996
2025-09-22 09:40:00,99373.73999999996
2025-09-22 09:45:00,99373.73999999996
2025-09-22 09:50:00,99373.73999999996
2025-09-22 09:55:00,99373.73999999996
2025-09-22 10:00:00,99373.73999999996
2025-09-22 10:05:00,99373.73999999996
2025-09-22 10:10:00,99373.73999999996
2025-09-22 10:15:00,99373.73999999996
2025-09-22 10:20:00,99373.73999999996
2025-09-22 10:25:00,99373.73999999996
2025-09-22 10:30:00,99410.44999999997
2025-09-22 10:35:00,99410.44999999997
2025-09-22 10:40:00,99375.94999999997
2025-09-22 10:45:00,99375.94999999997
2025-09-22 10:50:00,99375.94999999997
2025-09-22 10:55:00,99375.94999999997
2025-09-22 11:00:00,99375.94999999997
2025-09-22 11:05:00,99375.94999999997
2025-09-22 11:10:00,99375.94999999997
2025-09-22 11:15:00,99375.94999999997
2025-09-22 11:20:00,99375.94999999997
2025-09-22 11:25:00,99375.94999999997
2025-09-22 11:30:00,99375.94999999997
2025-09-22 11:35:00,99375.94999999997
2025-09-22 11:40:00,99375.94999999997
2025-09-22 11:45:00,99375.94999999997
2025-09-22 11:50:00,99375.94999999997
2025-09-22 11:55:00,99375.94999999997
2025-09-22 12:00:00,99375.94999999997
2025-09-22 12:05:00,99375.94999999997
2025-09-22 12:10:00,99375.94999999997
2025-09-22 12:15:00,99375.94999999997
2025-09-22 12:20:00,99375.94999999997
2025-09-22 12:25:00,99375.94999999997
2025-09-22 12:30:00,99375.94999999997
2025-09-22 12:35:00,99375.94999999997
2025-09-22 12:40:00,99375.94999999997
2025-09-22 12:45:00,99375.94999999997
2025-09-22 12:50:00,99375.94999999997
2025-09-22 12:55:00,99375.94999999997
2025-09-22 13:00:00,99375.94999999997
2025-09-22 13:05:00,99375.94999999997
2025-09-22 13:10:00,99375.94999999997
2025-09-22 13:15:00,99375.94999999997
2025-09-22 13:20:00,99375.94999999997
2025-09-22 13:25:00,99375.94999999997
2025-09-22 13:30:00,99375.94999999997
2025-09-22 13:35:00,99375.94999999997
2025-09-22 13:40:00,99375.94999999997
2025-09-22 13:45:00,99375.94999999997
2025-09-22 13:50:00,99375.94999999997
2025-09-22 13:55:00,99375.94999999997
2025-09-22 14:00:00,99375.94999999997
2025-09-22 14:05:00,99375.94999999997
2025-09-22 14:10:00,99375.94999999997
2025-09-22 14:15:00,99375.94999999997
2025-09-22 14:20:00,99375.94999999997
2025-09-22 14:25:00,99375.94999999997
2025-09-22 14:30:00,99375.94999999997
2025-09-22 14:35:00,99375.94999999997
2025-09-22 14:40:00,99375.94999999997
2025-09-22 14:45:00,99375.94999999997
2025-09-22 14:50:00,99375.94999999997
2025-09-22 14:55:00,99375.94999999997
2025-09-22 15:00:00,99375.94999999997
2025-09-22 15:05:00,99375.94999999997
2025-09-22 15:10:00,99544.79999999996
2025-09-22 15:15:00,99544.79999999996
2025-09-22 15:20:00,99544.79999999996
2025-09-22 15:25:00,99544.79999999996
2025-09-22 15:30:00,99544.79999999996
2025-09-23 09:15:00,99544.79999999996
2025-09-23 09:20:00,99544.79999999996
2025-09-23 09:25:00,99544.79999999996
2025-09-23 09:30:00,99544.79999999996
2025-09-23 09:35:00,99544.79999999996
2025-09-23 09:40:00,99544.79999999996
2025-09-23 09:45:00,99544.79999999996
2025-09-23 09:50:00,99544.79999999996
2025-09-23 09:55:00,99544.79999999996
2025-09-23 10:00:00,99544.79999999996
2025-09-23 10:05:00,99544.79999999996
2025-09-23 10:10:00,99544.79999999996
2025-09-23 10:15:00,99544.79999999996
2025-09-23 10:20:00,99544.79999999996
2025-09-23 10:25:00,99544.79999999996
2025-09-23 10:30:00,99544.79999999996
2025-09-23 10:35:00,99544.79999999996
2025-09-23 10:40:00,99544.79999999996
2025-09-23 10:45:00,99544.79999999996
2025-09-23 10:50:00,99544.79999999996
2025-09-23 10:55:00,99473.17999999996
2025-09-23 11:00:00,99473.17999999996
2025-09-23 11:05:00,99473.17999999996
2025-09-23 11:10:00,99473.17999999996
2025-09-23 11:15:00,99473.17999999996
2025-09-23 11:20:00,99473.17999999996
2025-09-23 11:25:00,99473.17999999996
2025-09-23 11:30:00,99473.17999999996
2025-09-23 11:35:00,99473.17999999996
2025-09-23 11:40:00,99473.17999999996
2025-09-23 11:45:00,99473.17999999996
2025-09-23 11:50:00,99473.17999999996
2025-09-23 11:55:00,99473.17999999996
2025-09-23 12:00:00,99473.17999999996
2025-09-23 12:05:00,99473.17999999996
2025-09-23 12:10:00,99473.17999999996
2025-09-23 12:15:00,99473.17999999996
2025-09-23 12:20:00,99473.17999999996
2025-09-23 12:25:00,99473.17999999996
2025-09-23 12:30:00,99473.17999999996
2025-09-23 12:35:00,99473.17999999996
2025-09-23 12:40:00,99473.17999999996
2025-09-23 12:45:00,99473.17999999996
2025-09-23 12:50:00,99473.17999999996
2025-09-23 12:55:00,99473.17999999996
2025-09-23 13:00:00,99473.17999999996
2025-09-23 13:05:00,99473.17999999996
2025-09-23 13:10:00,99473.17999999996
2025-09-23 13:15:00,99473.17999999996
2025-09-23 13:20:00,99473.17999999996
2025-09-23 13:25:00,99473.17999999996
2025-09-23 13:30:00,99518.89999999997
2025-09-23 13:35:00,99518.89999999997
2025-09-23 13:40:00,99518.89999999997
2025-09-23 13:45:00,99518.89999999997
2025-09-23 13:50:00,99518.89999999997
2025-09-23 13:55:00,99518.89999999997
2025-09-23 14:00:00,99518.89999999997
2025-09-23 14:05:00,99518.89999999997
2025-09-23 14:10:00,99518.89999999997
2025-09-23 14:15:00,99518.89999999997
2025-09-23 14:20:00,99518.89999999997
2025-09-23 14:25:00,99518.89999999997
2025-09-23 14:30:00,99518.89999999997
2025-09-23 14:35:00,99518.89999999997
2025-09-23 14:40:00,99518.89999999997
2025-09-23 14:45:00,99518.89999999997
2025-09-23 14:50:00,99518.89999999997
2025-09-23 14:55:00,99518.89999999997
2025-09-23 15:00:00,99518.89999999997
2025-09-23 15:05:00,99518.89999999997
2025-09-23 15:10:00,99518.89999999997
2025-09-23 15:15:00,99518.89999999997
2025-09-23 15:20:00,99518.89999999997
2025-09-23 15:25:00,99518.89999999997
2025-09-23 15:30:00,99518.89999999997
2025-09-24 09:15:00,99518.89999999997
2025-09-24 09:20:00,99518.89999999997
2025-09-24 09:25:00,99518.89999999997
2025-09-24 09:30:00,99518.89999999997
2025-09-24 09:35:00,99518.89999999997
2025-09-24 09:40:00,99518.89999999997
2025-09-24 09:45:00,99518.89999999997
2025-09-24 09:50:00,99518.89999999997
2025-09-24 09:55:00,99518.89999999997
2025-09-24 10:00:00,99518.89999999997
2025-09-24 10:05:00,99518.89999999997
2025-09-24 10:10:00,99518.89999999997
2025-09-24 10:15:00,99518.89999999997
2025-09-24 10:20:00,99518.89999999997
2025-09-24 10:25:00,99518.89999999997
2025-09-24 10:30:00,99518.89999999997
2025-09-24 10:35:00,99518.89999999997
2025-09-24 10:40:00,99518.89999999997
2025-09-24 10:45:00,99518.89999999997
2025-09-24 10:50:00,99518.89999999997
2025-09-24 10:55:00,99518.89999999997
2025-09-24 11:00:00,99518.89999999997
2025-09-24 11:05:00,99518.89999999997
2025-09-24 11:10:00,99518.89999999997
2025-09-24 11:15:00,99518.89999999997
2025-09-24 11:20:00,99518.89999999997
2025-09-24 11:25:00,99518.89999999997
2025-09-24 11:30:00,99518.89999999997
2025-09-24 11:35:00,99518.89999999997
2025-09-24 11:40:00,99518.89999999997
2025-09-24 11:45:00,99518.89999999997
2025-09-24 11:50:00,99518.89999999997
2025-09-24 11:55:00,99518.89999999997
2025-09-24 12:00:00,99518.89999999997
2025-09-24 12:05:00,99518.89999999997
2025-09-24 12:10:00,99518.89999999997
2025-09-24 12:15:00,99518.89999999997
2025-09-24 12:20:00,99518.89999999997
2025-09-24 12:25:00,99518.89999999997
2025-09-24 12:30:00,99518.89999999997
2025-09-24 12:35:00,99518.89999999997
2025-09-24 12:40:00,99518.89999999997
2025-09-24 12:45:00,99518.89999999997
2025-09-24 12:50:00,99518.89999999997
2025-09-24 12:55:00,99518.89999999997
2025-09-24 13:00:00,99518.89999999997
2025-09-24 13:05:00,99518.89999999997
2025-09-24 13:10:00,99523.95999999996
2025-09-24 13:15:00,99523.95999999996
2025-09-24 13:20:00,99523.95999999996
2025-09-24 13:25:00,99523.95999999996
2025-09-24 13:30:00,99523.95999999996
2025-09-24 13:35:00,99523.95999999996
2025-09-24 13:40:00,99523.95999999996
2025-09-24 13:45:00,99523.95999999996
2025-09-24 13:50:00,99523.95999999996
2025-09-24 13:55:00,99523.95999999996
2025-09-24 14:00:00,99523.95999999996
2025-09-24 14:05:00,99523.95999999996
2025-09-24 14:10:00,99523.95999999996
2025-09-24 14:15:00,99523.95999999996
2025-09-24 14:20:00,99523.95999999996
2025-09-24 14:25:00,99523.95999999996
2025-09-24 14:30:00,99523.95999999996
2025-09-24 14:35:00,99523.95999999996
2025-09-24 14:40:00,99523.95999999996
2025-09-24 14:45:00,99523.95999999996
2025-09-24 14:50:00,99523.95999999996
2025-09-24 14:55:00,99523.95999999996
2025-09-24 15:00:00,99523.95999999996
2025-09-24 15:05:00,99523.95999999996
2025-09-24 15:10:00,99523.95999999996
2025-09-24 15:15:00,99523.95999999996
2025-09-24 15:20:00,99523.95999999996
2025-09-24 15:25:00,99523.95999999996
2025-09-24 15:30:00,99523.95999999996
2025-09-25 09:15:00,99523.95999999996
2025-09-25 09:20:00,99523.95999999996
2025-09-25 09:25:00,99523.95999999996
2025-09-25 09:30:00,99523.95999999996
2025-09-25 09:35:00,99523.95999999996
2025-09-25 09:40:00,99490.50999999998
2025-09-25 09:45:00,99490.50999999998
2025-09-25 09:50:00,99490.50999999998
2025-09-25 09:55:00,99490.50999999998
2025-09-25 10:00:00,99490.50999999998
2025-09-25 10:05:00,99490.50999999998
2025-09-25 10:10:00,99490.50999999998
2025-09-25 10:15:00,99490.50999999998
2025-09-25 10:20:00,99490.50999999998
2025-09-25 10:25:00,99490.50999999998
2025-09-25 10:30:00,99490.50999999998
2025-09-25 10:35:00,99490.50999999998
2025-09-25 10:40:00,99490.50999999998
2025-09-25 10:45:00,99490.50999999998
2025-09-25 10:50:00,99490.50999999998
2025-09-25 10:55:00,99490.50999999998
2025-09-25 11:00:00,99490.50999999998
2025-09-25 11:05:00,99490.50999999998
2025-09-25 11:10:00,99490.50999999998
2025-09-25 11:15:00,99490.50999999998
2025-09-25 11:20:00,99490.50999999998
2025-09-25 11:25:00,99490.50999999998
2025-09-25 11:30:00,99490.50999999998
2025-09-25 11:35:00,99490.50999999998
2025-09-25 11:40:00,99490.50999999998
2025-09-25 11:45:00,99490.50999999998
2025-09-25 11:50:00,99490.50999999998
2025-09-25 11:55:00,99490.50999999998
2025-09-25 12:00:00,99490.50999999998
2025-09-25 12:05:00,99490.50999999998
2025-09-25 12:10:00,99490.50999999998
2025-09-25 12:15:00,99490.50999999998
2025-09-25 12:20:00,99490.50999999998
2025-09-25 12:25:00,99490.50999999998
2025-09-25 12:30:00,99490.50999999998
2025-09-25 12:35:00,99490.50999999998
2025-09-25 12:40:00,99490.50999999998
2025-09-25 12:45:00,99490.50999999998
2025-09-25 12:50:00,99546.29999999997
2025-09-25 12:55:00,99546.29999999997
2025-09-25 13:00:00,99546.29999999997
2025-09-25 13:05:00,99546.29999999997
2025-09-25 13:10:00,99546.29999999997
2025-09-25 13:15:00,99546.29999999997
2025-09-25 13:20:00,99546.29999999997
2025-09-25 13:25:00,99518.50999999998
2025-09-25 13:30:00,99518.50999999998
2025-09-25 13:35:00,99518.50999999998
2025-09-25 13:40:00,99518.50999999998
2025-09-25 13:45:00,99484.26999999997
2025-09-25 13:50:00,99484.26999999997
2025-09-25 13:55:00,99484.26999999997
2025-09-25 14:00:00,99484.26999999997
2025-09-25 14:05:00,99484.26999999997
2025-09-25 14:10:00,99484.26999999997
2025-09-25 14:15:00,99484.26999999997
2025-09-25 14:20:00,99484.26999999997
2025-09-25 14:25:00,99484.26999999997
2025-09-25 14:30:00,99484.26999999997
2025-09-25 14:35:00,99484.26999999997
2025-09-25 14:40:00,99484.26999999997
2025-09-25 14:45:00,99484.26999999997
2025-09-25 14:50:00,99484.26999999997
2025-09-25 14:55:00,99484.26999999997
2025-09-25 15:00:00,99484.26999999997
2025-09-25 15:05:00,99484.26999999997
2025-09-25 15:10:00,99484.26999999997
2025-09-25 15:15:00,99484.26999999997
2025-09-25 15:20:00,99484.26999999997
2025-09-25 15:25:00,99484.26999999997
2025-09-25 15:30:00,99484.26999999997
2025-09-26 09:15:00,99484.26999999997
2025-09-26 09:20:00,99484.26999999997
2025-09-26 09:25:00,99484.26999999997
2025-09-26 09:30:00,99484.26999999997
2025-09-26 09:35:00,99484.26999999997
2025-09-26 09:40:00,99484.26999999997
2025-09-26 09:45:00,99484.26999999997
2025-09-26 09:50:00,99484.26999999997
2025-09-26 09:55:00,99484.26999999997
2025-09-26 10:00:00,99484.26999999997
2025-09-26 10:05:00,99484.26999999997
2025-09-26 10:10:00,99484.26999999997
2025-09-26 10:15:00,99484.26999999997
2025-09-26 10:20:00,99484.26999999997
2025-09-26 10:25:00,99484.26999999997
2025-09-26 10:30:00,99484.26999999997
2025-09-26 10:35:00,99484.26999999997
2025-09-26 10:40:00,99484.26999999997
2025-09-26 10:45:00,99484.26999999997
2025-09-26 10:50:00,99484.26999999997
2025-09-26 10:55:00,99484.26999999997
2025-09-26 11:00:00,99484.26999999997
2025-09-26 11:05:00,99484.26999999997
2025-09-26 11:10:00,99484.26999999997
2025-09-26 11:15:00,99484.26999999997
2025-09-26 11:20:00,99484.26999999997
2025-09-26 11:25:00,99484.26999999997
2025-09-26 11:30:00,99484.26999999997
2025-09-26 11:35:00,99484.26999999997
2025-09-26 11:40:00,99484.26999999997
2025-09-26 11:45:00,99484.26999999997
2025-09-26 11:50:00,99484.26999999997
2025-09-26 11:55:00,99484.26999999997
2025-09-26 12:00:00,99484.26999999997
2025-09-26 12:05:00,99484.26999999997
2025-09-26 12:10:00,99484.26999999997
2025-09-26 12:15:00,99484.26999999997
2025-09-26 12:20:00,99484.26999999997
2025-09-26 12:25:00,99484.26999999997
2025-09-26 12:30:00,99484.26999999997
2025-09-26 12:35:00,99484.26999999997
2025-09-26 12:40:00,99484.26999999997
2025-09-26 12:45:00,99484.26999999997
2025-09-26 12:50:00,99484.26999999997
2025-09-26 12:55:00,99484.26999999997
2025-09-26 13:00:00,99484.26999999997
2025-09-26 13:05:00,99484.26999999997
2025-09-26 13:10:00,99484.26999999997
2025-09-26 13:15:00,99484.26999999997
2025-09-26 13:20:00,99484.26999999997
2025-09-26 13:25:00,99484.26999999997
2025-09-26 13:30:00,99484.26999999997
2025-09-26 13:35:00,99484.26999999997
2025-09-26 13:40:00,99484.26999999997
2025-09-26 13:45:00,99484.26999999997
2025-09-26 13:50:00,99484.26999999997
2025-09-26 13:55:00,99484.26999999997
2025-09-26 14:00:00,99484.26999999997
2025-09-26 14:05:00,99484.26999999997
2025-09-26 14:10:00,99484.26999999997
2025-09-26 14:15:00,99484.26999999997
2025-09-26 14:20:00,99484.26999999997
2025-09-26 14:25:00,99484.26999999997
2025-09-26 14:30:00,99484.26999999997
2025-09-26 14:35:00,99484.26999999997
2025-09-26 14:40:00,99484.26999999997
2025-09-26 14:45:00,99484.26999999997
2025-09-26 14:50:00,99484.26999999997
2025-09-26 14:55:00,99484.26999999997
2025-09-26 15:00:00,99484.26999999997
2025-09-26 15:05:00,99484.26999999997
2025-09-26 15:10:00,99484.26999999997
2025-09-26 15:15:00,99484.26999999997
2025-09-26 15:20:00,99484.26999999997
2025-09-26 15:25:00,99484.26999999997
2025-09-26 15:30:00,99484.26999999997
2025-09-29 09:15:00,99484.26999999997
2025-09-29 09:20:00,99484.26999999997
2025-09-29 09:25:00,99484.26999999997
2025-09-29 09:30:00,99484.26999999997
2025-09-29 09:35:00,99484.26999999997
2025-09-29 09:40:00,99484.26999999997
2025-09-29 09:45:00,99484.26999999997
2025-09-29 09:50:00,99484.26999999997
2025-09-29 09:55:00,99484.26999999997
2025-09-29 10:00:00,99484.26999999997
2025-09-29 10:05:00,99484.26999999997
2025-09-29 10:10:00,99484.26999999997
2025-09-29 10:15:00,99484.26999999997
2025-09-29 10:20:00,99484.26999999997
2025-09-29 10:25:00,99484.26999999997
2025-09-29 10:30:00,99484.26999999997
2025-09-29 10:35:00,99484.26999999997
2025-09-29 10:40:00,99484.26999999997
2025-09-29 10:45:00,99484.26999999997
2025-09-29 10:50:00,99484.26999999997
2025-09-29 10:55:00,99484.26999999997
2025-09-29 11:00:00,99484.26999999997
2025-09-29 11:05:00,99484.26999999997
2025-09-29 11:10:00,99484.26999999997
2025-09-29 11:15:00,99484.26999999997
2025-09-29 11:20:00,99484.26999999997
2025-09-29 11:25:00,99484.26999999997
2025-09-29 11:30:00,99484.26999999997
2025-09-29 11:35:00,99484.26999999997
2025-09-29 11:40:00,99484.26999999997
2025-09-29 11:45:00,99484.26999999997
2025-09-29 11:50:00,99484.26999999997
2025-09-29 11:55:00,99484.26999999997
2025-09-29 12:00:00,99484.26999999997
2025-09-29 12:05:00,99484.26999999997
2025-09-29 12:10:00,99484.26999999997
2025-09-29 12:15:00,99484.26999999997
2025-09-29 12:20:00,99484.26999999997
2025-09-29 12:25:00,99484.26999999997
2025-09-29 12:30:00,99484.26999999997
2025-09-29 12:35:00,99484.26999999997
2025-09-29 12:40:00,99484.26999999997
2025-09-29 12:45:00,99484.26999999997
2025-09-29 12:50:00,99484.26999999997
2025-09-29 12:55:00,99484.26999999997
2025-09-29 13:00:00,99484.26999999997
2025-09-29 13:05:00,99484.26999999997
2025-09-29 13:10:00,99484.26999999997
2025-09-29 13:15:00,99484.26999999997
2025-09-29 13:20:00,99484.26999999997
2025-09-29 13:25:00,99484.26999999997
2025-09-29 13:30:00,99484.26999999997
2025-09-29 13:35:00,99484.26999999997
2025-09-29 13:40:00,99484.26999999997
2025-09-29 13:45:00,99484.26999999997
2025-09-29 13:50:00,99484.26999999997
2025-09-29 13:55:00,99484.26999999997
2025-09-29 14:00:00,99484.26999999997
2025-09-29 14:05:00,99484.26999999997
2025-09-29 14:10:00,99484.26999999997
2025-09-29 14:15:00,99484.26999999997
2025-09-29 14:20:00,99484.26999999997
2025-09-29 14:25:00,99484.26999999997
2025-09-29 14:30:00,99484.26999999997
2025-09-29 14:35:00,99484.26999999997
2025-09-29 14:40:00,99484.26999999997
2025-09-29 14:45:00,99484.26999999997
2025-09-29 14:50:00,99484.26999999997
2025-09-29 14:55:00,99484.26999999997
2025-09-29 15:00:00,99484.26999999997
2025-09-29 15:05:00,99484.26999999997
2025-09-29 15:10:00,99484.26999999997
2025-09-29 15:15:00,99484.26999999997
2025-09-29 15:20:00,99484.26999999997
2025-09-29 15:25:00,99484.26999999997
2025-09-29 15:30:00,99484.26999999997
2025-09-30 09:15:00,99484.26999999997
2025-09-30 09:20:00,99484.26999999997
2025-09-30 09:25:00,99484.26999999997
2025-09-30 09:30:00,99484.26999999997
2025-09-30 09:35:00,99484.26999999997
2025-09-30 09:40:00,99484.26999999997
2025-09-30 09:45:00,99484.26999999997
2025-09-30 09:50:00,99484.26999999997
2025-09-30 09:55:00,99484.26999999997
2025-09-30 10:00:00,99484.26999999997
2025-09-30 10:05:00,99484.26999999997
2025-09-30 10:10:00,99484.26999999997
2025-09-30 10:15:00,99484.26999999997
2025-09-30 10:20:00,99484.26999999997
2025-09-30 10:25:00,99484.26999999997
2025-09-30 10:30:00,99484.26999999997
2025-09-30 10:35:00,99484.26999999997
2025-09-30 10:40:00,99484.26999999997
2025-09-30 10:45:00,99484.26999999997
2025-09-30 10:50:00,99484.26999999997
2025-09-30 10:55:00,99484.26999999997
2025-09-30 11:00:00,99484.26999999997
2025-09-30 11:05:00,99484.26999999997
2025-09-30 11:10:00,99484.26999999997
2025-09-30 11:15:00,99484.26999999997
2025-09-30 11:20:00,99484.26999999997
2025-09-30 11:25:00,99484.26999999997
2025-09-30 11:30:00,99484.26999999997
2025-09-30 11:35:00,99484.26999999997
2025-09-30 11:40:00,99484.26999999997
2025-09-30 11:45:00,99484.26999999997
2025-09-30 11:50:00,99484.26999999997
2025-09-30 11:55:00,99484.26999999997
2025-09-30 12:00:00,99484.26999999997
2025-09-30 12:05:00,99484.26999999997
2025-09-30 12:10:00,99484.26999999997
2025-09-30 12:15:00,99484.26999999997
2025-09-30 12:20:00,99484.26999999997
2025-09-30 12:25:00,99484.26999999997
2025-09-30 12:30:00,99484.26999999997
2025-09-30 12:35:00,99484.26999999997
2025-09-30 12:40:00,99484.26999999997
2025-09-30 12:45:00,99484.26999999997
2025-09-30 12:50:00,99484.26999999997
2025-09-30 12:55:00,99484.26999999997
2025-09-30 13:00:00,99484.26999999997
2025-09-30 13:05:00,99484.26999999997
2025-09-30 13:10:00,99484.26999999997
2025-09-30 13:15:00,99484.26999999997
2025-09-30 13:20:00,99484.26999999997
2025-09-30 13:25:00,99484.26999999997
2025-09-30 13:30:00,99484.26999999997
2025-09-30 13:35:00,99484.26999999997
2025-09-30 13:40:00,99484.26999999997
2025-09-30 13:45:00,99484.26999999997
2025-09-30 13:50:00,99484.26999999997
2025-09-30 13:55:00,99484.26999999997
2025-09-30 14:00:00,99484.26999999997
2025-09-30 14:05:00,99484.26999999997
2025-09-30 14:10:00,99484.26999999997
2025-09-30 14:15:00,99484.26999999997
2025-09-30 14:20:00,99484.26999999997
2025-09-30 14:25:00,99484.26999999997
2025-09-30 14:30:00,99484.26999999997
2025-09-30 14:35:00,99484.26999999997
2025-09-30 14:40:00,99484.26999999997
2025-09-30 14:45:00,99484.26999999997
2025-09-30 14:50:00,99484.26999999997
2025-09-30 14:55:00,99484.26999999997
2025-09-30 15:00:00,99484.26999999997
2025-09-30 15:05:00,99484.26999999997
2025-09-30 15:10:00,99484.26999999997
2025-09-30 15:15:00,99484.26999999997
2025-09-30 15:20:00,99484.26999999997
2025-09-30 15:25:00,99484.26999999997
2025-09-30 15:30:00,99484.26999999997
2025-10-01 09:15:00,99484.26999999997
2025-10-01 09:20:00,99484.26999999997
2025-10-01 09:25:00,99484.26999999997
2025-10-01 09:30:00,99484.26999999997
2025-10-01 09:35:00,99484.26999999997
2025-10-01 09:40:00,99484.26999999997
2025-10-01 09:45:00,99484.26999999997
2025-10-01 09:50:00,99484.26999999997
2025-10-01 09:55:00,99484.26999999997
2025-10-01 10:00:00,99484.26999999997
2025-10-01 10:05:00,99484.26999999997
2025-10-01 10:10:00,99484.26999999997
2025-10-01 10:15:00,99484.26999999997
2025-10-01 10:20:00,99484.26999999997
2025-10-01 10:25:00,99484.26999999997
2025-10-01 10:30:00,99484.26999999997
2025-10-01 10:35:00,99484.26999999997
2025-10-01 10:40:00,99484.26999999997
2025-10-01 10:45:00,99484.26999999997
2025-10-01 10:50:00,99484.26999999997
2025-10-01 10:55:00,99484.26999999997
2025-10-01 11:00:00,99484.26999999997
2025-10-01 11:05:00,99484.26999999997
2025-10-01 11:10:00,99484.26999999997
2025-10-01 11:15:00,99484.26999999997
2025-10-01 11:20:00,99484.26999999997
2025-10-01 11:25:00,99484.26999999997
2025-10-01 11:30:00,99484.26999999997
2025-10-01 11:35:00,99484.26999999997
2025-10-01 11:40:00,99484.26999999997
2025-10-01 11:45:00,99484.26999999997
2025-10-01 11:50:00,99484.26999999997
2025-10-01 11:55:00,99484.26999999997
2025-10-01 12:00:00,99484.26999999997
2025-10-01 12:05:00,99484.26999999997
2025-10-01 12:10:00,99484.26999999997
2025-10-01 12:15:00,99484.26999999997
2025-10-01 12:20:00,99484.26999999997
2025-10-01 12:25:00,99484.26999999997
2025-10-01 12:30:00,99484.26999999997
2025-10-01 12:35:00,99484.26999999997
2025-10-01 12:40:00,99484.26999999997
2025-10-01 12:45:00,99484.26999999997
2025-10-01 12:50:00,99484.26999999997
2025-10-01 12:55:00,99484.26999999997
2025-10-01 13:00:00,99484.26999999997
2025-10-01 13:05:00,99484.26999999997
2025-10-01 13:10:00,99484.26999999997
2025-10-01 13:15:00,99484.26999999997
2025-10-01 13:20:00,99484.26999999997
2025-10-01 13:25:00,99484.26999999997
2025-10-01 13:30:00,99484.26999999997
2025-10-01 13:35:00,99484.26999999997
2025-10-01 13:40:00,99484.26999999997
2025-10-01 13:45:00,99484.26999999997
2025-10-01 13:50:00,99484.26999999997
2025-10-01 13:55:00,99484.26999999997
2025-10-01 14:00:00,99484.26999999997
2025-10-01 14:05:00,99484.26999999997
2025-10-01 14:10:00,99484.26999999997
2025-10-01 14:15:00,99484.26999999997
2025-10-01 14:20:00,99484.26999999997
2025-10-01 14:25:00,99484.26999999997
2025-10-01 14:30:00,99484.26999999997
2025-10-01 14:35:00,99484.26999999997
2025-10-01 14:40:00,99484.26999999997
2025-10-01 14:45:00,99484.26999999997
2025-10-01 14:50:00,99484.26999999997
2025-10-01 14:55:00,99484.26999999997
2025-10-01 15:00:00,99484.26999999997
2025-10-01 15:05:00,99484.26999999997
2025-10-01 15:10:00,99484.26999999997
2025-10-01 15:15:00,99484.26999999997
2025-10-01 15:20:00,99484.26999999997
2025-10-01 15:25:00,99484.26999999997
2025-10-01 15:30:00,99484.26999999997
2025-10-02 09:15:00,99484.26999999997
2025-10-02 09:20:00,99484.26999999997
2025-10-02 09:25:00,99484.26999999997
2025-10-02 09:30:00,99484.26999999997
2025-10-02 09:35:00,99484.26999999997
2025-10-02 09:40:00,99484.26999999997
2025-10-02 09:45:00,99484.26999999997
2025-10-02 09:50:00,99484.26999999997
2025-10-02 09:55:00,99484.26999999997
2025-10-02 10:00:00,99484.26999999997
2025-10-02 10:05:00,99484.26999999997
2025-10-02 10:10:00,99484.26999999997
2025-10-02 10:15:00,99484.26999999997
2025-10-02 10:20:00,99484.26999999997
2025-10-02 10:25:00,99484.26999999997
2025-10-02 10:30:00,99484.26999999997
2025-10-02 10:35:00,99484.26999999997
2025-10-02 10:40:00,99484.26999999997
2025-10-02 10:45:00,99484.26999999997
2025-10-02 10:50:00,99484.26999999997
2025-10-02 10:55:00,99484.26999999997
2025-10-02 11:00:00,99484.26999999997
2025-10-02 11:05:00,99484.26999999997
2025-10-02 11:10:00,99484.26999999997
2025-10-02 11:15:00,99484.26999999997
2025-10-02 11:20:00,99484.26999999997
2025-10-02 11:25:00,99484.26999999997
2025-10-02 11:30:00,99484.26999999997
2025-10-02 11:35:00,99484.26999999997
2025-10-02 11:40:00,99484.26999999997
2025-10-02 11:45:00,99484.26999999997
2025-10-02 11:50:00,99484.26999999997
2025-10-02 11:55:00,99484.26999999997
2025-10-02 12:00:00,99484.26999999997
2025-10-02 12:05:00,99484.26999999997
2025-10-02 12:10:00,99484.26999999997
2025-10-02 12:15:00,99484.26999999997
2025-10-02 12:20:00,99484.26999999997
2025-10-02 12:25:00,99484.26999999997
2025-10-02 12:30:00,99484.26999999997
2025-10-02 12:35:00,99484.26999999997
2025-10-02 12:40:00,99484.26999999997
2025-10-02 12:45:00,99484.26999999997
2025-10-02 12:50:00,99484.26999999997
2025-10-02 12:55:00,99484.26999999997
2025-10-02 13:00:00,99484.26999999997
2025-10-02 13:05:00,99484.26999999997
2025-10-02 13:10:00,99484.26999999997
2025-10-02 13:15:00,99484.26999999997
2025-10-02 13:20:00,99484.26999999997
2025-10-02 13:25:00,99484.26999999997
2025-10-02 13:30:00,99484.26999999997
2025-10-02 13:35:00,99484.26999999997
2025-10-02 13:40:00,99484.26999999997
2025-10-02 13:45:00,99484.26999999997
2025-10-02 13:50:00,99484.26999999997
2025-10-02 13:55:00,99484.26999999997
2025-10-02 14:00:00,99484.26999999997
2025-10-02 14:05:00,99484.26999999997
2025-10-02 14:10:00,99484.26999999997
2025-10-02 14:15:00,99484.26999999997
2025-10-02 14:20:00,99484.26999999997
2025-10-02 14:25:00,99484.26999999997
2025-10-02 14:30:00,99484.26999999997
2025-10-02 14:35:00,99484.26999999997
2025-10-02 14:40:00,99484.26999999997
2025-10-02 14:45:00,99484.26999999997
2025-10-02 14:50:00,99484.26999999997
2025-10-02 14:55:00,99484.26999999997
2025-10-02 15:00:00,99484.26999999997
2025-10-02 15:05:00,99484.26999999997
2025-10-02 15:10:00,99484.26999999997
2025-10-02 15:15:00,99484.26999999997
2025-10-02 15:20:00,99484.26999999997
2025-10-02 15:25:00,99484.26999999997
2025-10-02 15:30:00,99484.26999999997
2025-10-03 09:15:00,99484.26999999997
2025-10-03 09:20:00,99484.26999999997
2025-10-03 09:25:00,99484.26999999997
2025-10-03 09:30:00,99484.26999999997
2025-10-03 09:35:00,99484.26999999997
2025-10-03 09:40:00,99484.26999999997
2025-10-03 09:45:00,99484.26999999997
2025-10-03 09:50:00,99484.26999999997
2025-10-03 09:55:00,99484.26999999997
2025-10-03 10:00:00,99484.26999999997
2025-10-03 10:05:00,99484.26999999997
2025-10-03 10:10:00,99484.26999999997
2025-10-03 10:15:00,99484.26999999997
2025-10-03 10:20:00,99484.26999999997
2025-10-03 10:25:00,99484.26999999997
2025-10-03 10:30:00,99484.26999999997
2025-10-03 10:35:00,99484.26999999997
2025-10-03 10:40:00,99484.26999999997
2025-10-03 10:45:00,99484.26999999997
2025-10-03 10:50:00,99484.26999999997
2025-10-03 10:55:00,99484.26999999997
2025-10-03 11:00:00,99484.26999999997
2025-10-03 11:05:00,99484.26999999997
2025-10-03 11:10:00,99484.26999999997
2025-10-03 11:15:00,99484.26999999997
2025-10-03 11:20:00,99484.26999999997
2025-10-03 11:25:00,99484.26999999997
2025-10-03 11:30:00,99484.26999999997
2025-10-03 11:35:00,99484.26999999997
2025-10-03 11:40:00,99484.26999999997
2025-10-03 11:45:00,99484.26999999997
2025-10-03 11:50:00,99484.26999999997
2025-10-03 11:55:00,99484.26999999997
2025-10-03 12:00:00,99484.26999999997
2025-10-03 12:05:00,99484.26999999997
2025-10-03 12:10:00,99484.26999999997
2025-10-03 12:15:00,99484.26999999997
2025-10-03 12:20:00,99484.26999999997
2025-10-03 12:25:00,99484.26999999997
2025-10-03 12:30:00,99484.26999999997
2025-10-03 12:35:00,99484.26999999997
2025-10-03 12:40:00,99484.26999999997
2025-10-03 12:45:00,99484.26999999997
2025-10-03 12:50:00,99484.26999999997
2025-10-03 12:55:00,99484.26999999997
2025-10-03 13:00:00,99484.26999999997
2025-10-03 13:05:00,99484.26999999997
2025-10-03 13:10:00,99484.26999999997
2025-10-03 13:15:00,99484.26999999997
2025-10-03 13:20:00,99484.26999999997
2025-10-03 13:25:00,99484.26999999997
2025-10-03 13:30:00,99484.26999999997
2025-10-03 13:35:00,99484.26999999997
2025-10-03 13:40:00,99484.26999999997
2025-10-03 13:45:00,99484.26999999997
2025-10-03 13:50:00,99484.26999999997
2025-10-03 13:55:00,99484.26999999997
2025-10-03 14:00:00,99484.26999999997
2025-10-03 14:05:00,99484.26999999997
2025-10-03 14:10:00,99484.26999999997
2025-10-03 14:15:00,99484.26999999997
2025-10-03 14:20:00,99484.26999999997
2025-10-03 14:25:00,99484.26999999997
2025-10-03 14:30:00,99484.26999999997
2025-10-03 14:35:00,99484.26999999997
2025-10-03 14:40:00,99484.26999999997
2025-10-03 14:45:00,99484.26999999997
2025-10-03 14:50:00,99484.26999999997
2025-10-03 14:55:00,99484.26999999997
2025-10-03 15:00:00,99484.26999999997
2025-10-03 15:05:00,99484.26999999997
2025-10-03 15:10:00,99484.26999999997
2025-10-03 15:15:00,99484.26999999997
2025-10-03 15:20:00,99484.26999999997
2025-10-03 15:25:00,99484.26999999997
2025-10-03 15:30:00,99484.26999999997
2025-10-06 09:15:00,99484.26999999997
2025-10-06 09:20:00,99484.26999999997
2025-10-06 09:25:00,99484.26999999997
2025-10-06 09:30:00,99484.26999999997
2025-10-06 09:35:00,99484.26999999997
2025-10-06 09:40:00,99484.26999999997
2025-10-06 09:45:00,99484.26999999997
2025-10-06 09:50:00,99484.26999999997
2025-10-06 09:55:00,99484.26999999997
2025-10-06 10:00:00,99484.26999999997
2025-10-06 10:05:00,99484.26999999997
2025-10-06 10:10:00,99484.26999999997
2025-10-06 10:15:00,99484.26999999997
2025-10-06 10:20:00,99484.26999999997
2025-10-06 10:25:00,99484.26999999997
2025-10-06 10:30:00,99484.26999999997
2025-10-06 10:35:00,99484.26999999997
2025-10-06 10:40:00,99484.26999999997
2025-10-06 10:45:00,99484.26999999997
2025-10-06 10:50:00,99484.26999999997
2025-10-06 10:55:00,99484.26999999997
2025-10-06 11:00:00,99484.26999999997
2025-10-06 11:05:00,99484.26999999997
2025-10-06 11:10:00,99484.26999999997
2025-10-06 11:15:00,99484.26999999997
2025-10-06 11:20:00,99484.26999999997
2025-10-06 11:25:00,99484.26999999997
2025-10-06 11:30:00,99484.26999999997
2025-10-06 11:35:00,99484.26999999997
2025-10-06 11:40:00,99484.26999999997
2025-10-06 11:45:00,99484.26999999997
2025-10-06 11:50:00,99484.26999999997
2025-10-06 11:55:00,99484.26999999997
2025-10-06 12:00:00,99484.26999999997
2025-10-06 12:05:00,99484.26999999997
2025-10-06 12:10:00,99484.26999999997
2025-10-06 12:15:00,99484.26999999997
2025-10-06 12:20:00,99484.26999999997
2025-10-06 12:25:00,99484.26999999997
2025-10-06 12:30:00,99484.26999999997
2025-10-06 12:35:00,99484.26999999997
2025-10-06 12:40:00,99484.26999999997
2025-10-06 12:45:00,99484.26999999997
2025-10-06 12:50:00,99484.26999999997
2025-10-06 12:55:00,99484.26999999997
2025-10-06 13:00:00,99484.26999999997
2025-10-06 13:05:00,99484.26999999997
2025-10-06 13:10:00,99484.26999999997
2025-10-06 13:15:00,99484.26999999997
2025-10-06 13:20:00,99484.26999999997
2025-10-06 13:25:00,99484.26999999997
2025-10-06 13:30:00,99484.26999999997
2025-10-06 13:35:00,99484.26999999997
2025-10-06 13:40:00,99484.26999999997
2025-10-06 13:45:00,99484.26999999997
2025-10-06 13:50:00,99484.26999999997
2025-10-06 13:55:00,99484.26999999997
2025-10-06 14:00:00,99484.26999999997
2025-10-06 14:05:00,99484.26999999997
2025-10-06 14:10:00,99484.26999999997
2025-10-06 14:15:00,99484.26999999997
2025-10-06 14:20:00,99484.26999999997
2025-10-06 14:25:00,99484.26999999997
2025-10-06 14:30:00,99484.26999999997
2025-10-06 14:35:00,99484.26999999997
2025-10-06 14:40:00,99484.26999999997
2025-10-06 14:45:00,99484.26999999997
2025-10-06 14:50:00,99484.26999999997
2025-10-06 14:55:00,99484.26999999997
2025-10-06 15:00:00,99484.26999999997
2025-10-06 15:05:00,99484.26999999997
2025-10-06 15:10:00,99484.26999999997
2025-10-06 15:15:00,99484.26999999997
2025-10-06 15:20:00,99484.26999999997
2025-10-06 15:25:00,99484.26999999997
2025-10-06 15:30:00,99484.26999999997
2025-10-07 09:15:00,99484.26999999997
2025-10-07 09:20:00,99484.26999999997
2025-10-07 09:25:00,99484.26999999997
2025-10-07 09:30:00,99484.26999999997
2025-10-07 09:35:00,99484.26999999997
2025-10-07 09:40:00,99484.26999999997
2025-10-07 09:45:00,99484.26999999997
2025-10-07 09:50:00,99484.26999999997
2025-10-07 09:55:00,99484.26999999997
2025-10-07 10:00:00,99484.26999999997
2025-10-07 10:05:00,99484.26999999997
2025-10-07 10:10:00,99484.26999999997
2025-10-07 10:15:00,99484.26999999997
2025-10-07 10:20:00,99484.26999999997
2025-10-07 10:25:00,99484.26999999997
2025-10-07 10:30:00,99484.26999999997
2025-10-07 10:35:00,99484.26999999997
2025-10-07 10:40:00,99484.26999999997
2025-10-07 10:45:00,99484.26999999997
2025-10-07 10:50:00,99484.26999999997
2025-10-07 10:55:00,99484.26999999997
2025-10-07 11:00:00,99484.26999999997
2025-10-07 11:05:00,99484.26999999997
2025-10-07 11:10:00,99484.26999999997
2025-10-07 11:15:00,99484.26999999997
2025-10-07 11:20:00,99484.26999999997
2025-10-07 11:25:00,99484.26999999997
2025-10-07 11:30:00,99484.26999999997
2025-10-07 11:35:00,99484.26999999997
2025-10-07 11:40:00,99484.26999999997
2025-10-07 11:45:00,99484.26999999997
2025-10-07 11:50:00,99484.26999999997
2025-10-07 11:55:00,99484.26999999997
2025-10-07 12:00:00,99484.26999999997
2025-10-07 12:05:00,99484.26999999997
2025-10-07 12:10:00,99484.26999999997
2025-10-07 12:15:00,99484.26999999997
2025-10-07 12:20:00,99484.26999999997
2025-10-07 12:25:00,99484.26999999997
2025-10-07 12:30:00,99484.26999999997
2025-10-07 12:35:00,99484.26999999997
2025-10-07 12:40:00,99484.26999999997
2025-10-07 12:45:00,99484.26999999997
2025-10-07 12:50:00,99484.26999999997
2025-10-07 12:55:00,99484.26999999997
2025-10-07 13:00:00,99484.26999999997
2025-10-07 13:05:00,99484.26999999997
2025-10-07 13:10:00,99484.26999999997
2025-10-07 13:15:00,99484.26999999997
2025-10-07 13:20:00,99484.26999999997
2025-10-07 13:25:00,99484.26999999997
2025-10-07 13:30:00,99484.26999999997
2025-10-07 13:35:00,99484.26999999997
2025-10-07 13:40:00,99484.26999999997
2025-10-07 13:45:00,99484.26999999997
2025-10-07 13:50:00,99484.26999999997
2025-10-07 13:55:00,99484.26999999997
2025-10-07 14:00:00,99484.26999999997
2025-10-07 14:05:00,99484.26999999997
2025-10-07 14:10:00,99484.26999999997
2025-10-07 14:15:00,99484.26999999997
2025-10-07 14:20:00,99484.26999999997
2025-10-07 14:25:00,99484.26999999997
2025-10-07 14:30:00,99484.26999999997
2025-10-07 14:35:00,99484.26999999997
2025-10-07 14:40:00,99484.26999999997
2025-10-07 14:45:00,99484.26999999997
2025-10-07 14:50:00,99484.26999999997
2025-10-07 14:55:00,99484.26999999997
2025-10-07 15:00:00,99484.26999999997
2025-10-07 15:05:00,99484.26999999997
2025-10-07 15:10:00,99484.26999999997
2025-10-07 15:15:00,99484.26999999997
2025-10-07 15:20:00,99484.26999999997
2025-10-07 15:25:00,99484.26999999997
2025-10-07 15:30:00,99484.26999999997
2025-10-08 09:15:00,99484.26999999997
2025-10-08 09:20:00,99484.26999999997
2025-10-08 09:25:00,99484.26999999997
2025-10-08 09:30:00,99484.26999999997
2025-10-08 09:35:00,99484.26999999997
2025-10-08 09:40:00,99484.26999999997
2025-10-08 09:45:00,99484.26999999997
2025-10-08 09:50:00,99484.26999999997
2025-10-08 09:55:00,99484.26999999997
2025-10-08 10:00:00,99484.26999999997
2025-10-08 10:05:00,99484.26999999997
2025-10-08 10:10:00,99484.26999999997
2025-10-08 10:15:00,99484.26999999997
2025-10-08 10:20:00,99484.26999999997
2025-10-08 10:25:00,99484.26999999997
2025-10-08 10:30:00,99484.26999999997
2025-10-08 10:35:00,99484.26999999997
2025-10-08 10:40:00,99484.26999999997
2025-10-08 10:45:00,99484.26999999997
2025-10-08 10:50:00,99484.26999999997
2025-10-08 10:55:00,99484.26999999997
2025-10-08 11:00:00,99484.26999999997
2025-10-08 11:05:00,99484.26999999997
2025-10-08 11:10:00,99484.26999999997
2025-10-08 11:15:00,99484.26999999997
2025-10-08 11:20:00,99484.26999999997
2025-10-08 11:25:00,99484.26999999997
2025-10-08 11:30:00,99484.26999999997
2025-10-08 11:35:00,99484.26999999997
2025-10-08 11:40:00,99484.26999999997
2025-10-08 11:45:00,99484.26999999997
2025-10-08 11:50:00,99484.26999999997
2025-10-08 11:55:00,99484.26999999997
2025-10-08 12:00:00,99484.26999999997
2025-10-08 12:05:00,99484.26999999997
2025-10-08 12:10:00,99484.26999999997
2025-10-08 12:15:00,99484.26999999997
2025-10-08 12:20:00,99484.26999999997
2025-10-08 12:25:00,99484.26999999997
2025-10-08 12:30:00,99484.26999999997
2025-10-08 12:35:00,99484.26999999997
2025-10-08 12:40:00,99484.26999999997
2025-10-08 12:45:00,99484.26999999997
2025-10-08 12:50:00,99484.26999999997
2025-10-08 12:55:00,99484.26999999997
2025-10-08 13:00:00,99484.26999999997
2025-10-08 13:05:00,99484.26999999997
2025-10-08 13:10:00,99484.26999999997
2025-10-08 13:15:00,99484.26999999997
2025-10-08 13:20:00,99484.26999999997
2025-10-08 13:25:00,99484.26999999997
2025-10-08 13:30:00,99484.26999999997
2025-10-08 13:35:00,99484.26999999997
2025-10-08 13:40:00,99484.26999999997
2025-10-08 13:45:00,99484.26999999997
2025-10-08 13:50:00,99484.26999999997
2025-10-08 13:55:00,99484.26999999997
2025-10-08 14:00:00,99484.26999999997
2025-10-08 14:05:00,99484.26999999997
2025-10-08 14:10:00,99484.26999999997
2025-10-08 14:15:00,99484.26999999997
2025-10-08 14:20:00,99484.26999999997
2025-10-08 14:25:00,99484.26999999997
2025-10-08 14:30:00,99484.26999999997
2025-10-08 14:35:00,99484.26999999997
2025-10-08 14:40:00,99484.26999999997
2025-10-08 14:45:00,99484.26999999997
2025-10-08 14:50:00,99484.26999999997
2025-10-08 14:55:00,99484.26999999997
2025-10-08 15:00:00,99484.26999999997
2025-10-08 15:05:00,99484.26999999997
2025-10-08 15:10:00,99484.26999999997
2025-10-08 15:15:00,99484.26999999997
2025-10-08 15:20:00,99484.26999999997
2025-10-08 15:25:00,99484.26999999997
2025-10-08 15:30:00,99484.26999999997
2025-10-09 09:15:00,99484.26999999997
2025-10-09 09:20:00,99484.26999999997
2025-10-09 09:25:00,99484.26999999997
2025-10-09 09:30:00,99484.26999999997
2025-10-09 09:35:00,99484.26999999997
2025-10-09 09:40:00,99484.26999999997
2025-10-09 09:45:00,99484.26999999997
2025-10-09 09:50:00,99484.26999999997
2025-10-09 09:55:00,99484.26999999997
2025-10-09 10:00:00,99484.26999999997
2025-10-09 10:05:00,99484.26999999997
2025-10-09 10:10:00,99484.26999999997
2025-10-09 10:15:00,99484.26999999997
2025-10-09 10:20:00,99484.26999999997
2025-10-09 10:25:00,99484.26999999997
2025-10-09 10:30:00,99484.26999999997
2025-10-09 10:35:00,99484.26999999997
2025-10-09 10:40:00,99484.26999999997
2025-10-09 10:45:00,99484.26999999997
2025-10-09 10:50:00,99484.26999999997
2025-10-09 10:55:00,99484.26999999997
2025-10-09 11:00:00,99484.26999999997
2025-10-09 11:05:00,99484.26999999997
2025-10-09 11:10:00,99484.26999999997
2025-10-09 11:15:00,99484.26999999997
2025-10-09 11:20:00,99484.26999999997
2025-10-09 11:25:00,99484.26999999997
2025-10-09 11:30:00,99484.26999999997
2025-10-09 11:35:00,99484.26999999997
2025-10-09 11:40:00,99484.26999999997
2025-10-09 11:45:00,99484.26999999997
2025-10-09 11:50:00,99484.26999999997
2025-10-09 11:55:00,99484.26999999997
2025-10-09 12:00:00,99484.26999999997
2025-10-09 12:05:00,99484.26999999997
2025-10-09 12:10:00,99484.26999999997
2025-10-09 12:15:00,99484.26999999997
2025-10-09 12:20:00,99484.26999999997
2025-10-09 12:25:00,99484.26999999997
2025-10-09 12:30:00,99484.26999999997
2025-10-09 12:35:00,99484.26999999997
2025-10-09 12:40:00,99484.26999999997
2025-10-09 12:45:00,99484.26999999997
2025-10-09 12:50:00,99484.26999999997
2025-10-09 12:55:00,99484.26999999997
2025-10-09 13:00:00,99484.26999999997
2025-10-09 13:05:00,99484.26999999997
2025-10-09 13:10:00,99484.26999999997
2025-10-09 13:15:00,99484.26999999997
2025-10-09 13:20:00,99484.26999999997
2025-10-09 13:25:00,99484.26999999997
2025-10-09 13:30:00,99484.26999999997
2025-10-09 13:35:00,99484.26999999997
2025-10-09 13:40:00,99484.26999999997
2025-10-09 13:45:00,99484.26999999997
2025-10-09 13:50:00,99484.26999999997
2025-10-09 13:55:00,99484.26999999997
2025-10-09 14:00:00,99484.26999999997
2025-10-09 14:05:00,99484.26999999997
2025-10-09 14:10:00,99484.26999999997
2025-10-09 14:15:00,99484.26999999997
2025-10-09 14:20:00,99484.26999999997
2025-10-09 14:25:00,99484.26999999997
2025-10-09 14:30:00,99484.26999999997
2025-10-09 14:35:00,99484.26999999997
2025-10-09 14:40:00,99484.26999999997
2025-10-09 14:45:00,99484.26999999997
2025-10-09 14:50:00,99484.26999999997
2025-10-09 14:55:00,99484.26999999997
2025-10-09 15:00:00,99484.26999999997
2025-10-09 15:05:00,99484.26999999997
2025-10-09 15:10:00,99484.26999999997
2025-10-09 15:15:00,99484.26999999997
2025-10-09 15:20:00,99484.26999999997
2025-10-09 15:25:00,99484.26999999997
2025-10-09 15:30:00,99484.26999999997
2025-10-10 09:15:00,99484.26999999997
2025-10-10 09:20:00,99484.26999999997
2025-10-10 09:25:00,99484.26999999997
2025-10-10 09:30:00,99484.26999999997
2025-10-10 09:35:00,99484.26999999997
2025-10-10 09:40:00,99484.26999999997
2025-10-10 09:45:00,99484.26999999997
2025-10-10 09:50:00,99484.26999999997
2025-10-10 09:55:00,99484.26999999997
2025-10-10 10:00:00,99484.26999999997
2025-10-10 10:05:00,99484.26999999997
2025-10-10 10:10:00,99484.26999999997
2025-10-10 10:15:00,99484.26999999997
2025-10-10 10:20:00,99484.26999999997
2025-10-10 10:25:00,99484.26999999997
2025-10-10 10:30:00,99484.26999999997
2025-10-10 10:35:00,99484.26999999997
2025-10-10 10:40:00,99484.26999999997
2025-10-10 10:45:00,99484.26999999997
2025-10-10 10:50:00,99484.26999999997
2025-10-10 10:55:00,99484.26999999997
2025-10-10 11:00:00,99484.26999999997
2025-10-10 11:05:00,99484.26999999997
2025-10-10 11:10:00,99484.26999999997
2025-10-10 11:15:00,99484.26999999997
2025-10-10 11:20:00,99484.26999999997
2025-10-10 11:25:00,99484.26999999997
2025-10-10 11:30:00,99484.26999999997
2025-10-10 11:35:00,99484.26999999997
2025-10-10 11:40:00,99484.26999999997
2025-10-10 11:45:00,99484.26999999997
2025-10-10 11:50:00,99484.26999999997
2025-10-10 11:55:00,99484.26999999997
2025-10-10 12:00:00,99484.26999999997
2025-10-10 12:05:00,99484.26999999997
2025-10-10 12:10:00,99484.26999999997
2025-10-10 12:15:00,99484.26999999997
2025-10-10 12:20:00,99484.26999999997
2025-10-10 12:25:00,99484.26999999997
2025-10-10 12:30:00,99484.26999999997
2025-10-10 12:35:00,99484.26999999997
2025-10-10 12:40:00,99484.26999999997
2025-10-10 12:45:00,99484.26999999997
2025-10-10 12:50:00,99484.26999999997
2025-10-10 12:55:00,99484.26999999997
2025-10-10 13:00:00,99484.26999999997
2025-10-10 13:05:00,99484.26999999997
2025-10-10 13:10:00,99484.26999999997
2025-10-10 13:15:00,99484.26999999997
2025-10-10 13:20:00,99484.26999999997
2025-10-10 13:25:00,99484.26999999997
2025-10-10 13:30:00,99484.26999999997
2025-10-10 13:35:00,99484.26999999997
2025-10-10 13:40:00,99484.26999999997
2025-10-10 13:45:00,99484.26999999997
2025-10-10 13:50:00,99484.26999999997
2025-10-10 13:55:00,99484.26999999997
2025-10-10 14:00:00,99484.26999999997
2025-10-10 14:05:00,99484.26999999997
2025-10-10 14:10:00,99484.26999999997
2025-10-10 14:15:00,99484.26999999997
2025-10-10 14:20:00,99484.26999999997
2025-10-10 14:25:00,99484.26999999997
2025-10-10 14:30:00,99484.26999999997
2025-10-10 14:35:00,99484.26999999997
2025-10-10 14:40:00,99484.26999999997
2025-10-10 14:45:00,99484.26999999997
2025-10-10 14:50:00,99484.26999999997
2025-10-10 14:55:00,99484.26999999997
2025-10-10 15:00:00,99484.26999999997
2025-10-10 15:05:00,99484.26999999997
2025-10-10 15:10:00,99484.26999999997
2025-10-10 15:15:00,99484.26999999997
2025-10-10 15:20:00,99484.26999999997
2025-10-10 15:25:00,99484.26999999997
2025-10-10 15:30:00,99484.26999999997
2025-10-13 09:15:00,99484.26999999997
2025-10-13 09:20:00,99484.26999999997
2025-10-13 09:25:00,99484.26999999997
2025-10-13 09:30:00,99484.26999999997
2025-10-13 09:35:00,99484.26999999997
2025-10-13 09:40:00,99484.26999999997
2025-10-13 09:45:00,99484.26999999997
2025-10-13 09:50:00,99484.26999999997
2025-10-13 09:55:00,99484.26999999997
2025-10-13 10:00:00,99484.26999999997
2025-10-13 10:05:00,99484.26999999997
2025-10-13 10:10:00,99484.26999999997
2025-10-13 10:15:00,99484.26999999997
2025-10-13 10:20:00,99484.26999999997
2025-10-13 10:25:00,99484.26999999997
2025-10-13 10:30:00,99484.26999999997
2025-10-13 10:35:00,99484.26999999997
2025-10-13 10:40:00,99484.26999999997
2025-10-13 10:45:00,99484.26999999997
2025-10-13 10:50:00,99484.26999999997
2025-10-13 10:55:00,99484.26999999997
2025-10-13 11:00:00,99484.26999999997
2025-10-13 11:05:00,99484.26999999997
2025-10-13 11:10:00,99484.26999999997
2025-10-13 11:15:00,99484.26999999997
2025-10-13 11:20:00,99484.26999999997
2025-10-13 11:25:00,99484.26999999997
2025-10-13 11:30:00,99484.26999999997
2025-10-13 11:35:00,99484.26999999997
2025-10-13 11:40:00,99484.26999999997
2025-10-13 11:45:00,99484.26999999997
2025-10-13 11:50:00,99484.26999999997
2025-10-13 11:55:00,99484.26999999997
2025-10-13 12:00:00,99484.26999999997
2025-10-13 12:05:00,99484.26999999997
2025-10-13 12:10:00,99484.26999999997
2025-10-13 12:15:00,99484.26999999997
2025-10-13 12:20:00,99484.26999999997
2025-10-13 12:25:00,99484.26999999997
2025-10-13 12:30:00,99484.26999999997
2025-10-13 12:35:00,99484.26999999997
2025-10-13 12:40:00,99484.26999999997
2025-10-13 12:45:00,99484.26999999997
2025-10-13 12:50:00,99484.26999999997
2025-10-13 12:55:00,99484.26999999997
2025-10-13 13:00:00,99484.26999999997
2025-10-13 13:05:00,99484.26999999997
2025-10-13 13:10:00,99484.26999999997
2025-10-13 13:15:00,99484.26999999997
2025-10-13 13:20:00,99484.26999999997
2025-10-13 13:25:00,99484.26999999997
2025-10-13 13:30:00,99484.26999999997
2025-10-13 13:35:00,99484.26999999997
2025-10-13 13:40:00,99484.26999999997
2025-10-13 13:45:00,99484.26999999997
2025-10-13 13:50:00,99484.26999999997
2025-10-13 13:55:00,99484.26999999997
2025-10-13 14:00:00,99484.26999999997
2025-10-13 14:05:00,99484.26999999997
2025-10-13 14:10:00,99484.26999999997
2025-10-13 14:15:00,99484.26999999997
2025-10-13 14:20:00,99484.26999999997
2025-10-13 14:25:00,99484.26999999997
2025-10-13 14:30:00,99484.26999999997
2025-10-13 14:35:00,99484.26999999997
2025-10-13 14:40:00,99484.26999999997
2025-10-13 14:45:00,99484.26999999997
2025-10-13 14:50:00,99484.26999999997
2025-10-13 14:55:00,99484.26999999997
2025-10-13 15:00:00,99484.26999999997
2025-10-13 15:05:00,99484.26999999997
2025-10-13 15:10:00,99484.26999999997
2025-10-13 15:15:00,99484.26999999997
2025-10-13 15:20:00,99484.26999999997
2025-10-13 15:25:00,99484.26999999997
2025-10-13 15:30:00,99484.26999999997
2025-10-14 09:15:00,99484.26999999997
2025-10-14 09:20:00,99484.26999999997
2025-10-14 09:25:00,99484.26999999997
2025-10-14 09:30:00,99484.26999999997
2025-10-14 09:35:00,99484.26999999997
2025-10-14 09:40:00,99484.26999999997
2025-10-14 09:45:00,99484.26999999997
2025-10-14 09:50:00,99484.26999999997
2025-10-14 09:55:00,99484.26999999997
2025-10-14 10:00:00,99484.26999999997
2025-10-14 10:05:00,99484.26999999997
2025-10-14 10:10:00,99484.26999999997
2025-10-14 10:15:00,99484.26999999997
2025-10-14 10:20:00,99484.26999999997
2025-10-14 10:25:00,99484.26999999997
2025-10-14 10:30:00,99484.26999999997
2025-10-14 10:35:00,99484.26999999997
2025-10-14 10:40:00,99484.26999999997
2025-10-14 10:45:00,99484.26999999997
2025-10-14 10:50:00,99484.26999999997
2025-10-14 10:55:00,99484.26999999997
2025-10-14 11:00:00,99484.26999999997
2025-10-14 11:05:00,99484.26999999997
2025-10-14 11:10:00,99484.26999999997
2025-10-14 11:15:00,99484.26999999997
2025-10-14 11:20:00,99484.26999999997
2025-10-14 11:25:00,99484.26999999997
2025-10-14 11:30:00,99484.26999999997
2025-10-14 11:35:00,99484.26999999997
2025-10-14 11:40:00,99484.26999999997
2025-10-14 11:45:00,99484.26999999997
2025-10-14 11:50:00,99484.26999999997
2025-10-14 11:55:00,99484.26999999997
2025-10-14 12:00:00,99484.26999999997
2025-10-14 12:05:00,99484.26999999997
2025-10-14 12:10:00,99484.26999999997
2025-10-14 12:15:00,99484.26999999997
2025-10-14 12:20:00,99484.26999999997
2025-10-14 12:25:00,99484.26999999997
2025-10-14 12:30:00,99484.26999999997
2025-10-14 12:35:00,99484.26999999997
2025-10-14 12:40:00,99484.26999999997
2025-10-14 12:45:00,99484.26999999997
2025-10-14 12:50:00,99484.26999999997
2025-10-14 12:55:00,99484.26999999997
2025-10-14 13:00:00,99484.26999999997
2025-10-14 13:05:00,99484.26999999997
2025-10-14 13:10:00,99484.26999999997
2025-10-14 13:15:00,99484.26999999997
2025-10-14 13:20:00,99484.26999999997
2025-10-14 13:25:00,99484.26999999997
2025-10-14 13:30:00,99484.26999999997
2025-10-14 13:35:00,99484.26999999997
2025-10-14 13:40:00,99484.26999999997
2025-10-14 13:45:00,99484.26999999997
2025-10-14 13:50:00,99484.26999999997
2025-10-14 13:55:00,99484.26999999997
2025-10-14 14:00:00,99484.26999999997
2025-10-14 14:05:00,99484.26999999997
2025-10-14 14:10:00,99484.26999999997
2025-10-14 14:15:00,99484.26999999997
2025-10-14 14:20:00,99484.26999999997
2025-10-14 14:25:00,99484.26999999997
2025-10-14 14:30:00,99484.26999999997
2025-10-14 14:35:00,99484.26999999997
2025-10-14 14:40:00,99484.26999999997
2025-10-14 14:45:00,99484.26999999997
2025-10-14 14:50:00,99484.26999999997
2025-10-14 14:55:00,99484.26999999997
2025-10-14 15:00:00,99484.26999999997
2025-10-14 15:05:00,99484.26999999997
2025-10-14 15:10:00,99484.26999999997
2025-10-14 15:15:00,99484.26999999997
2025-10-14 15:20:00,99484.26999999997
2025-10-14 15:25:00,99484.26999999997
2025-10-14 15:30:00,99484.26999999997
2025-10-15 09:15:00,99484.26999999997
2025-10-15 09:20:00,99484.26999999997
2025-10-15 09:25:00,99484.26999999997
2025-10-15 09:30:00,99484.26999999997
2025-10-15 09:35:00,99484.26999999997
2025-10-15 09:40:00,99484.26999999997
2025-10-15 09:45:00,99484.26999999997
2025-10-15 09:50:00,99484.26999999997
2025-10-15 09:55:00,99484.26999999997
2025-10-15 10:00:00,99484.26999999997
2025-10-15 10:05:00,99484.26999999997
2025-10-15 10:10:00,99484.26999999997
2025-10-15 10:15:00,99484.26999999997
2025-10-15 10:20:00,99484.26999999997
2025-10-15 10:25:00,99484.26999999997
2025-10-15 10:30:00,99484.26999999997
2025-10-15 10:35:00,99484.26999999997
2025-10-15 10:40:00,99484.26999999997
2025-10-15 10:45:00,99484.26999999997
2025-10-15 10:50:00,99484.26999999997
2025-10-15 10:55:00,99484.26999999997
2025-10-15 11:00:00,99484.26999999997
2025-10-15 11:05:00,99484.26999999997
2025-10-15 11:10:00,99484.26999999997
2025-10-15 11:15:00,99484.26999999997
2025-10-15 11:20:00,99484.26999999997
2025-10-15 11:25:00,99484.26999999997
2025-10-15 11:30:00,99484.26999999997
2025-10-15 11:35:00,99484.26999999997
2025-10-15 11:40:00,99484.26999999997
2025-10-15 11:45:00,99484.26999999997
2025-10-15 11:50:00,99484.26999999997
2025-10-15 11:55:00,99484.26999999997
2025-10-15 12:00:00,99484.26999999997
2025-10-15 12:05:00,99484.26999999997
2025-10-15 12:10:00,99484.26999999997
2025-10-15 12:15:00,99484.26999999997
2025-10-15 12:20:00,99484.26999999997
2025-10-15 12:25:00,99484.26999999997
2025-10-15 12:30:00,99484.26999999997
2025-10-15 12:35:00,99484.26999999997
2025-10-15 12:40:00,99484.26999999997
2025-10-15 12:45:00,99484.26999999997
2025-10-15 12:50:00,99484.26999999997
2025-10-15 12:55:00,99484.26999999997
2025-10-15 13:00:00,99484.26999999997
2025-10-15 13:05:00,99484.26999999997
2025-10-15 13:10:00,99484.26999999997
2025-10-15 13:15:00,99484.26999999997
2025-10-15 13:20:00,99484.26999999997
2025-10-15 13:25:00,99484.26999999997
2025-10-15 13:30:00,99484.26999999997
2025-10-15 13:35:00,99484.26999999997
2025-10-15 13:40:00,99484.26999999997
2025-10-15 13:45:00,99484.26999999997
2025-10-15 13:50:00,99484.26999999997
2025-10-15 13:55:00,99484.26999999997
2025-10-15 14:00:00,99484.26999999997
2025-10-15 14:05:00,99484.26999999997
2025-10-15 14:10:00,99484.26999999997
2025-10-15 14:15:00,99484.26999999997
2025-10-15 14:20:00,99484.26999999997
2025-10-15 14:25:00,99484.26999999997
2025-10-15 14:30:00,99484.26999999997
2025-10-15 14:35:00,99484.26999999997
2025-10-15 14:40:00,99484.26999999997
2025-10-15 14:45:00,99484.26999999997
2025-10-15 14:50:00,99484.26999999997
2025-10-15 14:55:00,99484.26999999997
2025-10-15 15:00:00,99484.26999999997
2025-10-15 15:05:00,99484.26999999997
2025-10-15 15:10:00,99484.26999999997
2025-10-15 15:15:00,99484.26999999997
2025-10-15 15:20:00,99484.26999999997
2025-10-15 15:25:00,99484.26999999997
2025-10-15 15:30:00,99484.26999999997
2025-10-16 09:15:00,99484.26999999997
2025-10-16 09:20:00,99484.26999999997
2025-10-16 09:25:00,99484.26999999997
2025-10-16 09:30:00,99484.26999999997
2025-10-16 09:35:00,99484.26999999997
2025-10-16 09:40:00,99484.26999999997
2025-10-16 09:45:00,99484.26999999997
2025-10-16 09:50:00,99484.26999999997
2025-10-16 09:55:00,99484.26999999997
2025-10-16 10:00:00,99484.26999999997
2025-10-16 10:05:00,99484.26999999997
2025-10-16 10:10:00,99484.26999999997
2025-10-16 10:15:00,99484.26999999997
2025-10-16 10:20:00,99484.26999999997
2025-10-16 10:25:00,99484.26999999997
2025-10-16 10:30:00,99484.26999999997
2025-10-16 10:35:00,99484.26999999997
2025-10-16 10:40:00,99484.26999999997
2025-10-16 10:45:00,99484.26999999997
2025-10-16 10:50:00,99484.26999999997
2025-10-16 10:55:00,99484.26999999997
2025-10-16 11:00:00,99484.26999999997
2025-10-16 11:05:00,99484.26999999997
2025-10-16 11:10:00,99484.26999999997
2025-10-16 11:15:00,99484.26999999997
2025-10-16 11:20:00,99484.26999999997
2025-10-16 11:25:00,99484.26999999997
2025-10-16 11:30:00,99484.26999999997
2025-10-16 11:35:00,99484.26999999997
2025-10-16 11:40:00,99484.26999999997
2025-10-16 11:45:00,99484.26999999997
2025-10-16 11:50:00,99484.26999999997
2025-10-16 11:55:00,99484.26999999997
2025-10-16 12:00:00,99484.26999999997
2025-10-16 12:05:00,99484.26999999997
2025-10-16 12:10:00,99484.26999999997
2025-10-16 12:15:00,99484.26999999997
2025-10-16 12:20:00,99484.26999999997
2025-10-16 12:25:00,99484.26999999997
2025-10-16 12:30:00,99484.26999999997
2025-10-16 12:35:00,99484.26999999997
2025-10-16 12:40:00,99484.26999999997
2025-10-16 12:45:00,99484.26999999997
2025-10-16 12:50:00,99484.26999999997
2025-10-16 12:55:00,99484.26999999997
2025-10-16 13:00:00,99484.26999999997
2025-10-16 13:05:00,99484.26999999997
2025-10-16 13:10:00,99484.26999999997
2025-10-16 13:15:00,99484.26999999997
2025-10-16 13:20:00,99484.26999999997
2025-10-16 13:25:00,99484.26999999997
2025-10-16 13:30:00,99484.26999999997
2025-10-16 13:35:00,99484.26999999997
2025-10-16 13:40:00,99484.26999999997
2025-10-16 13:45:00,99484.26999999997
2025-10-16 13:50:00,99484.26999999997
2025-10-16 13:55:00,99484.26999999997
2025-10-16 14:00:00,99484.26999999997
2025-10-16 14:05:00,99484.26999999997
2025-10-16 14:10:00,99484.26999999997
2025-10-16 14:15:00,99484.26999999997
2025-10-16 14:20:00,99484.26999999997
2025-10-16 14:25:00,99484.26999999997
2025-10-16 14:30:00,99484.26999999997
2025-10-16 14:35:00,99484.26999999997
2025-10-16 14:40:00,99484.26999999997
2025-10-16 14:45:00,99484.26999999997
2025-10-16 14:50:00,99484.26999999997
2025-10-16 14:55:00,99484.26999999997
2025-10-16 15:00:00,99484.26999999997
2025-10-16 15:05:00,99484.26999999997
2025-10-16 15:10:00,99484.26999999997
2025-10-16 15:15:00,99484.26999999997
2025-10-16 15:20:00,99484.26999999997
2025-10-16 15:25:00,99484.26999999997
2025-10-16 15:30:00,99484.26999999997
2025-10-17 09:15:00,99484.26999999997
2025-10-17 09:20:00,99484.26999999997
2025-10-17 09:25:00,99484.26999999997
2025-10-17 09:30:00,99484.26999999997
2025-10-17 09:35:00,99484.26999999997
2025-10-17 09:40:00,99484.26999999997
2025-10-17 09:45:00,99484.26999999997
2025-10-17 09:50:00,99484.26999999997
2025-10-17 09:55:00,99484.26999999997
2025-10-17 10:00:00,99484.26999999997
2025-10-17 10:05:00,99484.26999999997
2025-10-17 10:10:00,99484.26999999997
2025-10-17 10:15:00,99484.26999999997
2025-10-17 10:20:00,99484.26999999997
2025-10-17 10:25:00,99484.26999999997
2025-10-17 10:30:00,99484.26999999997
2025-10-17 10:35:00,99484.26999999997
2025-10-17 10:40:00,99484.26999999997
2025-10-17 10:45:00,99484.26999999997
2025-10-17 10:50:00,99484.26999999997
2025-10-17 10:55:00,99484.26999999997
2025-10-17 11:00:00,99484.26999999997
2025-10-17 11:05:00,99484.26999999997
2025-10-17 11:10:00,99484.26999999997
2025-10-17 11:15:00,99484.26999999997
2025-10-17 11:20:00,99484.26999999997
2025-10-17 11:25:00,99484.26999999997
2025-10-17 11:30:00,99484.26999999997
2025-10-17 11:35:00,99484.26999999997
2025-10-17 11:40:00,99484.26999999997
2025-10-17 11:45:00,99484.26999999997
2025-10-17 11:50:00,99484.26999999997
2025-10-17 11:55:00,99484.26999999997
2025-10-17 12:00:00,99484.26999999997
2025-10-17 12:05:00,99484.26999999997
2025-10-17 12:10:00,99484.26999999997
2025-10-17 12:15:00,99484.26999999997
2025-10-17 12:20:00,99484.26999999997
2025-10-17 12:25:00,99484.26999999997
2025-10-17 12:30:00,99484.26999999997
2025-10-17 12:35:00,99484.26999999997
2025-10-17 12:40:00,99484.26999999997
2025-10-17 12:45:00,99484.26999999997
2025-10-17 12:50:00,99484.26999999997
2025-10-17 12:55:00,99484.26999999997
2025-10-17 13:00:00,99484.26999999997
2025-10-17 13:05:00,99484.26999999997
2025-10-17 13:10:00,99484.26999999997
2025-10-17 13:15:00,99484.26999999997
2025-10-17 13:20:00,99484.26999999997
2025-10-17 13:25:00,99484.26999999997
2025-10-17 13:30:00,99484.26999999997
2025-10-17 13:35:00,99484.26999999997
2025-10-17 13:40:00,99484.26999999997
2025-10-17 13:45:00,99484.26999999997
2025-10-17 13:50:00,99484.26999999997
2025-10-17 13:55:00,99484.26999999997
2025-10-17 14:00:00,99484.26999999997
2025-10-17 14:05:00,99484.26999999997
2025-10-17 14:10:00,99484.26999999997
2025-10-17 14:15:00,99484.26999999997
2025-10-17 14:20:00,99484.26999999997
2025-10-17 14:25:00,99484.26999999997
2025-10-17 14:30:00,99484.26999999997
2025-10-17 14:35:00,99484.26999999997
2025-10-17 14:40:00,99484.26999999997
2025-10-17 14:45:00,99484.26999999997
2025-10-17 14:50:00,99484.26999999997
2025-10-17 14:55:00,99484.26999999997
2025-10-17 15:00:00,99484.26999999997
2025-10-17 15:05:00,99484.26999999997
2025-10-17 15:10:00,99484.26999999997
2025-10-17 15:15:00,99484.26999999997
2025-10-17 15:20:00,99484.26999999997
2025-10-17 15:25:00,99484.26999999997
2025-10-17 15:30:00,99484.26999999997
2025-10-20 09:15:00,99484.26999999997
2025-10-20 09:20:00,99484.26999999997
2025-10-20 09:25:00,99484.26999999997
2025-10-20 09:30:00,99484.26999999997
2025-10-20 09:35:00,99484.26999999997
2025-10-20 09:40:00,99484.26999999997
2025-10-20 09:45:00,99484.26999999997
2025-10-20 09:50:00,99484.26999999997
2025-10-20 09:55:00,99484.26999999997
2025-10-20 10:00:00,99484.26999999997
2025-10-20 10:05:00,99484.26999999997
2025-10-20 10:10:00,99484.26999999997
2025-10-20 10:15:00,99484.26999999997
2025-10-20 10:20:00,99484.26999999997
2025-10-20 10:25:00,99484.26999999997
2025-10-20 10:30:00,99484.26999999997
2025-10-20 10:35:00,99484.26999999997
2025-10-20 10:40:00,99484.26999999997
2025-10-20 10:45:00,99484.26999999997
2025-10-20 10:50:00,99484.26999999997
2025-10-20 10:55:00,99484.26999999997
2025-10-20 11:00:00,99484.26999999997
2025-10-20 11:05:00,99484.26999999997
2025-10-20 11:10:00,99484.26999999997
2025-10-20 11:15:00,99484.26999999997
2025-10-20 11:20:00,99484.26999999997
2025-10-20 11:25:00,99484.26999999997
2025-10-20 11:30:00,99484.26999999997
2025-10-20 11:35:00,99484.26999999997
2025-10-20 11:40:00,99484.26999999997
2025-10-20 11:45:00,99484.26999999997
2025-10-20 11:50:00,99484.26999999997
2025-10-20 11:55:00,99484.26999999997
2025-10-20 12:00:00,99484.26999999997
2025-10-20 12:05:00,99484.26999999997
2025-10-20 12:10:00,99484.26999999997
2025-10-20 12:15:00,99484.26999999997
2025-10-20 12:20:00,99484.26999999997
2025-10-20 12:25:00,99484.26999999997
2025-10-20 12:30:00,99484.26999999997
2025-10-20 12:35:00,99484.26999999997
2025-10-20 12:40:00,99484.26999999997
2025-10-20 12:45:00,99484.26999999997
2025-10-20 12:50:00,99484.26999999997
2025-10-20 12:55:00,99484.26999999997
2025-10-20 13:00:00,99484.26999999997
2025-10-20 13:05:00,99484.26999999997
2025-10-20 13:10:00,99484.26999999997
2025-10-20 13:15:00,99484.26999999997
2025-10-20 13:20:00,99484.26999999997
2025-10-20 13:25:00,99484.26999999997
2025-10-20 13:30:00,99484.26999999997
2025-10-20 13:35:00,99484.26999999997
2025-10-20 13:40:00,99484.26999999997
2025-10-20 13:45:00,99455.71999999997
2025-10-20 13:50:00,99455.71999999997
2025-10-20 13:55:00,99416.57999999997
2025-10-20 14:00:00,99416.57999999997
2025-10-20 14:05:00,99416.57999999997
2025-10-20 14:10:00,99416.57999999997
2025-10-20 14:15:00,99416.57999999997
2025-10-20 14:20:00,99416.57999999997
2025-10-20 14:25:00,99416.57999999997
2025-10-20 14:30:00,99416.57999999997
2025-10-20 14:35:00,99416.57999999997
2025-10-20 14:40:00,99416.57999999997
2025-10-20 14:45:00,99416.57999999997
2025-10-20 14:50:00,99416.57999999997
2025-10-20 14:55:00,99416.57999999997
2025-10-20 15:00:00,99416.57999999997
2025-10-20 15:05:00,99379.49999999997
2025-10-20 15:10:00,99379.49999999997
2025-10-20 15:15:00,99379.49999999997
2025-10-20 15:20:00,99379.49999999997
2025-10-20 15:25:00,99379.49999999997
2025-10-20 15:30:00,99379.49999999997
2025-10-21 09:15:00,99379.49999999997
2025-10-21 09:20:00,99379.49999999997
2025-10-21 09:25:00,99379.49999999997
2025-10-21 09:30:00,99379.49999999997
2025-10-21 09:35:00,99379.49999999997
2025-10-21 09:40:00,99379.49999999997
2025-10-21 09:45:00,99379.49999999997
2025-10-21 09:50:00,99339.45999999998
2025-10-21 09:55:00,99339.45999999998
2025-10-21 10:00:00,99339.45999999998
2025-10-21 10:05:00,99339.45999999998
2025-10-21 10:10:00,99339.45999999998
2025-10-21 10:15:00,99339.45999999998
2025-10-21 10:20:00,99339.45999999998
2025-10-21 10:25:00,99339.45999999998
2025-10-21 10:30:00,99339.45999999998
2025-10-21 10:35:00,99339.45999999998
2025-10-21 10:40:00,99339.45999999998
2025-10-21 10:45:00,99339.45999999998
2025-10-21 10:50:00,99339.45999999998
2025-10-21 10:55:00,99339.45999999998
2025-10-21 11:00:00,99318.59999999998
2025-10-21 11:05:00,99318.59999999998
2025-10-21 11:10:00,99318.59999999998
2025-10-21 11:15:00,99318.59999999998
2025-10-21 11:20:00,99318.59999999998
2025-10-21 11:25:00,99318.59999999998
2025-10-21 11:30:00,99318.59999999998
2025-10-21 11:35:00,99318.59999999998
2025-10-21 11:40:00,99318.59999999998
2025-10-21 11:45:00,99318.59999999998
2025-10-21 11:50:00,99318.59999999998
2025-10-21 11:55:00,99318.59999999998
2025-10-21 12:00:00,99318.59999999998
2025-10-21 12:05:00,99318.59999999998
2025-10-21 12:10:00,99318.59999999998
2025-10-21 12:15:00,99318.59999999998
2025-10-21 12:20:00,99318.59999999998
2025-10-21 12:25:00,99318.59999999998
2025-10-21 12:30:00,99318.59999999998
2025-10-21 12:35:00,99318.59999999998
2025-10-21 12:40:00,99318.59999999998
2025-10-21 12:45:00,99318.59999999998
2025-10-21 12:50:00,99318.59999999998
2025-10-21 12:55:00,99318.59999999998
2025-10-21 13:00:00,99318.59999999998
2025-10-21 13:05:00,99318.59999999998
2025-10-21 13:10:00,99318.59999999998
2025-10-21 13:15:00,99318.59999999998
2025-10-21 13:20:00,99318.59999999998
2025-10-21 13:25:00,99318.59999999998
2025-10-21 13:30:00,99318.59999999998
2025-10-21 13:35:00,99318.59999999998
2025-10-21 13:40:00,99318.59999999998
2025-10-21 13:45:00,99318.59999999998
2025-10-21 13:50:00,99318.59999999998
2025-10-21 13:55:00,99318.59999999998
2025-10-21 14:00:00,99318.59999999998
2025-10-21 14:05:00,99318.59999999998
2025-10-21 14:10:00,99318.59999999998
2025-10-21 14:15:00,99266.81999999998
2025-10-21 14:20:00,99266.81999999998
2025-10-21 14:25:00,99266.81999999998
2025-10-21 14:30:00,99266.81999999998
2025-10-21 14:35:00,99266.81999999998
2025-10-21 14:40:00,99266.81999999998
2025-10-21 14:45:00,99266.81999999998
2025-10-21 14:50:00,99247.06999999998
2025-10-21 14:55:00,99247.06999999998
2025-10-21 15:00:00,99247.06999999998
2025-10-21 15:05:00,99247.06999999998
2025-10-21 15:10:00,99247.06999999998
2025-10-21 15:15:00,99247.06999999998
2025-10-21 15:20:00,99247.06999999998
2025-10-21 15:25:00,99247.06999999998
2025-10-21 15:30:00,99247.06999999998
2025-10-22 09:15:00,99247.06999999998
2025-10-22 09:20:00,99247.06999999998
2025-10-22 09:25:00,99247.06999999998
2025-10-22 09:30:00,99247.06999999998
2025-10-22 09:35:00,99247.06999999998
2025-10-22 09:40:00,99247.06999999998
2025-10-22 09:45:00,99247.06999999998
2025-10-22 09:50:00,99247.06999999998
2025-10-22 09:55:00,99247.06999999998
2025-10-22 10:00:00,99247.06999999998
2025-10-22 10:05:00,99247.06999999998
2025-10-22 10:10:00,99247.06999999998
2025-10-22 10:15:00,99247.06999999998
2025-10-22 10:20:00,99247.06999999998
2025-10-22 10:25:00,99247.06999999998
2025-10-22 10:30:00,99247.06999999998
2025-10-22 10:35:00,99247.06999999998
2025-10-22 10:40:00,99247.06999999998
2025-10-22 10:45:00,99247.06999999998
2025-10-22 10:50:00,99247.06999999998
2025-10-22 10:55:00,99247.06999999998
2025-10-22 11:00:00,99247.06999999998
2025-10-22 11:05:00,99247.06999999998
2025-10-22 11:10:00,99247.06999999998
2025-10-22 11:15:00,99247.06999999998
2025-10-22 11:20:00,99247.06999999998
2025-10-22 11:25:00,99247.06999999998
2025-10-22 11:30:00,99247.06999999998
2025-10-22 11:35:00,99247.06999999998
2025-10-22 11:40:00,99247.06999999998
2025-10-22 11:45:00,99247.06999999998
2025-10-22 11:50:00,99247.06999999998
2025-10-22 11:55:00,99247.06999999998
2025-10-22 12:00:00,99247.06999999998
2025-10-22 12:05:00,99247.06999999998
2025-10-22 12:10:00,99247.06999999998
2025-10-22 12:15:00,99247.06999999998
2025-10-22 12:20:00,99247.06999999998
2025-10-22 12:25:00,99247.06999999998
2025-10-22 12:30:00,99247.06999999998
2025-10-22 12:35:00,99247.06999999998
2025-10-22 12:40:00,99247.06999999998
2025-10-22 12:45:00,99247.06999999998
2025-10-22 12:50:00,99247.06999999998
2025-10-22 12:55:00,99247.06999999998
2025-10-22 13:00:00,99247.06999999998
2025-10-22 13:05:00,99247.06999999998
2025-10-22 13:10:00,99247.06999999998
2025-10-22 13:15:00,99247.06999999998
2025-10-22 13:20:00,99247.06999999998
2025-10-22 13:25:00,99247.06999999998
2025-10-22 13:30:00,99247.06999999998
2025-10-22 13:35:00,99247.06999999998
2025-10-22 13:40:00,99247.06999999998
2025-10-22 13:45:00,99247.06999999998
2025-10-22 13:50:00,99247.06999999998
2025-10-22 13:55:00,99247.06999999998
2025-10-22 14:00:00,99247.06999999998
2025-10-22 14:05:00,99247.06999999998
2025-10-22 14:10:00,99247.06999999998
2025-10-22 14:15:00,99247.06999999998
2025-10-22 14:20:00,99529.24999999997
2025-10-22 14:25:00,99529.24999999997
2025-10-22 14:30:00,99529.24999999997
2025-10-22 14:35:00,99529.24999999997
2025-10-22 14:40:00,99529.24999999997
2025-10-22 14:45:00,99529.24999999997
2025-10-22 14:50:00,99529.24999999997
2025-10-22 14:55:00,99529.24999999997
2025-10-22 15:00:00,99529.24999999997
2025-10-22 15:05:00,99529.24999999997
2025-10-22 15:10:00,99529.24999999997
2025-10-22 15:15:00,99529.24999999997
2025-10-22 15:20:00,99529.24999999997
2025-10-22 15:25:00,99529.24999999997
2025-10-22 15:30:00,99529.24999999997
2025-10-23 09:15:00,99529.24999999997
2025-10-23 09:20:00,99529.24999999997
2025-10-23 09:25:00,99487.90999999997
2025-10-23 09:30:00,99487.90999999997
2025-10-23 09:35:00,99487.90999999997
2025-10-23 09:40:00,99487.90999999997
2025-10-23 09:45:00,99487.90999999997
2025-10-23 09:50:00,99487.90999999997
2025-10-23 09:55:00,99487.90999999997
2025-10-23 10:00:00,99487.90999999997
2025-10-23 10:05:00,99487.90999999997
2025-10-23 10:10:00,99487.90999999997
2025-10-23 10:15:00,99487.90999999997
2025-10-23 10:20:00,99487.90999999997
2025-10-23 10:25:00,99487.90999999997
2025-10-23 10:30:00,99487.90999999997
2025-10-23 10:35:00,99487.90999999997
2025-10-23 10:40:00,99487.90999999997
2025-10-23 10:45:00,99487.90999999997
2025-10-23 10:50:00,99416.54999999997
2025-10-23 10:55:00,99416.54999999997
2025-10-23 11:00:00,99416.54999999997
2025-10-23 11:05:00,99416.54999999997
2025-10-23 11:10:00,99416.54999999997
2025-10-23 11:15:00,99416.54999999997
2025-10-23 11:20:00,99416.54999999997
2025-10-23 11:25:00,99416.54999999997
2025-10-23 11:30:00,99416.54999999997
2025-10-23 11:35:00,99416.54999999997
2025-10-23 11:40:00,99416.54999999997
2025-10-23 11:45:00,99416.54999999997
2025-10-23 11:50:00,99416.54999999997
2025-10-23 11:55:00,99416.54999999997
2025-10-23 12:00:00,99416.54999999997
2025-10-23 12:05:00,99416.54999999997
2025-10-23 12:10:00,99416.54999999997
2025-10-23 12:15:00,99416.54999999997
2025-10-23 12:20:00,99416.54999999997
2025-10-23 12:25:00,99416.54999999997
2025-10-23 12:30:00,99416.54999999997
2025-10-23 12:35:00,99416.54999999997
2025-10-23 12:40:00,99416.54999999997
2025-10-23 12:45:00,99416.54999999997
2025-10-23 12:50:00,99416.54999999997
2025-10-23 12:55:00,99416.54999999997
2025-10-23 13:00:00,99416.54999999997
2025-10-23 13:05:00,99416.54999999997
2025-10-23 13:10:00,99416.54999999997
2025-10-23 13:15:00,99416.54999999997
2025-10-23 13:20:00,99416.54999999997
2025-10-23 13:25:00,99416.54999999997
2025-10-23 13:30:00,99416.54999999997
2025-10-23 13:35:00,99347.85999999999
2025-10-23 13:40:00,99347.85999999999
2025-10-23 13:45:00,99347.85999999999
2025-10-23 13:50:00,99347.85999999999
2025-10-23 13:55:00,99347.85999999999
2025-10-23 14:00:00,99347.85999999999
2025-10-23 14:05:00,99347.85999999999
2025-10-23 14:10:00,99347.85999999999
2025-10-23 14:15:00,99347.85999999999
2025-10-23 14:20:00,99347.85999999999
2025-10-23 14:25:00,99347.85999999999
2025-10-23 14:30:00,99347.85999999999
2025-10-23 14:35:00,99347.85999999999
2025-10-23 14:40:00,99347.85999999999
2025-10-23 14:45:00,99347.85999999999
2025-10-23 14:50:00,99347.85999999999
2025-10-23 14:55:00,99347.85999999999
2025-10-23 15:00:00,99347.85999999999
2025-10-23 15:05:00,99347.85999999999
2025-10-23 15:10:00,99347.85999999999
2025-10-23 15:15:00,99347.85999999999
2025-10-23 15:20:00,99315.76999999997
2025-10-23 15:25:00,99315.76999999997
2025-10-23 15:30:00,99315.76999999997
2025-10-24 09:15:00,99315.76999999997
2025-10-24 09:20:00,99315.76999999997
2025-10-24 09:25:00,99315.76999999997
2025-10-24 09:30:00,99315.76999999997
2025-10-24 09:35:00,99315.76999999997
2025-10-24 09:40:00,99315.76999999997
2025-10-24 09:45:00,99315.76999999997
2025-10-24 09:50:00,99315.76999999997
2025-10-24 09:55:00,99315.76999999997
2025-10-24 10:00:00,99315.76999999997
2025-10-24 10:05:00,99315.76999999997
2025-10-24 10:10:00,99315.76999999997
2025-10-24 10:15:00,99315.76999999997
2025-10-24 10:20:00,99315.76999999997
2025-10-24 10:25:00,99315.76999999997
2025-10-24 10:30:00,99315.76999999997
2025-10-24 10:35:00,99315.76999999997
2025-10-24 10:40:00,99315.76999999997
2025-10-24 10:45:00,99315.76999999997
2025-10-24 10:50:00,99315.76999999997
2025-10-24 10:55:00,99315.76999999997
2025-10-24 11:00:00,99315.76999999997
2025-10-24 11:05:00,99315.76999999997
2025-10-24 11:10:00,99315.76999999997
2025-10-24 11:15:00,99315.76999999997
2025-10-24 11:20:00,99315.76999999997
2025-10-24 11:25:00,99315.76999999997
2025-10-24 11:30:00,99315.76999999997
2025-10-24 11:35:00,99315.76999999997
2025-10-24 11:40:00,99315.76999999997
2025-10-24 11:45:00,99315.76999999997
2025-10-24 11:50:00,99291.45999999998
2025-10-24 11:55:00,99291.45999999998
2025-10-24 12:00:00,99291.45999999998
2025-10-24 12:05:00,99291.45999999998
2025-10-24 12:10:00,99291.45999999998
2025-10-24 12:15:00,99291.45999999998
2025-10-24 12:20:00,99291.45999999998
2025-10-24 12:25:00,99291.45999999998
2025-10-24 12:30:00,99291.45999999998
2025-10-24 12:35:00,99291.45999999998
2025-10-24 12:40:00,99291.45999999998
2025-10-24 12:45:00,99291.45999999998
2025-10-24 12:50:00,99291.45999999998
2025-10-24 12:55:00,99291.45999999998
2025-10-24 13:00:00,99291.45999999998
2025-10-24 13:05:00,99291.45999999998
2025-10-24 13:10:00,99291.45999999998
2025-10-24 13:15:00,99291.45999999998
2025-10-24 13:20:00,99291.45999999998
2025-10-24 13:25:00,99291.45999999998
2025-10-24 13:30:00,99279.57999999999
2025-10-24 13:35:00,99279.57999999999
2025-10-24 13:40:00,99279.57999999999
2025-10-24 13:45:00,99279.57999999999
2025-10-24 13:50:00,99279.57999999999
2025-10-24 13:55:00,99279.57999999999
2025-10-24 14:00:00,99279.57999999999
2025-10-24 14:05:00,99279.57999999999
2025-10-24 14:10:00,99279.57999999999
2025-10-24 14:15:00,99279.57999999999
2025-10-24 14:20:00,99279.57999999999
2025-10-24 14:25:00,99279.57999999999
2025-10-24 14:30:00,99279.57999999999
2025-10-24 14:35:00,99279.57999999999
2025-10-24 14:40:00,99279.57999999999
2025-10-24 14:45:00,99279.57999999999
2025-10-24 14:50:00,99279.57999999999
2025-10-24 14:55:00,99279.57999999999
2025-10-24 15:00:00,99279.57999999999
2025-10-24 15:05:00,99279.57999999999
2025-10-24 15:10:00,99279.57999999999
2025-10-24 15:15:00,99279.57999999999
2025-10-24 15:20:00,99279.57999999999
2025-10-24 15:25:00,99279.57999999999
2025-10-24 15:30:00,99279.57999999999
2025-10-27 09:15:00,99279.57999999999
2025-10-27 09:20:00,99279.57999999999
2025-10-27 09:25:00,99279.57999999999
2025-10-27 09:30:00,99279.57999999999
2025-10-27 09:35:00,99279.57999999999
2025-10-27 09:40:00,99279.57999999999
2025-10-27 09:45:00,99279.57999999999
2025-10-27 09:50:00,99290.01999999997
2025-10-27 09:55:00,99290.01999999997
2025-10-27 10:00:00,99290.01999999997
2025-10-27 10:05:00,99290.01999999997
2025-10-27 10:10:00,99290.01999999997
2025-10-27 10:15:00,99233.15999999997
2025-10-27 10:20:00,99233.15999999997
2025-10-27 10:25:00,99233.15999999997
2025-10-27 10:30:00,99233.15999999997
2025-10-27 10:35:00,99233.15999999997
2025-10-27 10:40:00,99233.15999999997
2025-10-27 10:45:00,99233.15999999997
2025-10-27 10:50:00,99233.15999999997
2025-10-27 10:55:00,99233.15999999997
2025-10-27 11:00:00,99233.15999999997
2025-10-27 11:05:00,99233.15999999997
2025-10-27 11:10:00,99233.15999999997
2025-10-27 11:15:00,99233.15999999997
2025-10-27 11:20:00,99233.15999999997
2025-10-27 11:25:00,99233.15999999997
2025-10-27 11:30:00,99233.15999999997
2025-10-27 11:35:00,99233.15999999997
2025-10-27 11:40:00,99233.15999999997
2025-10-27 11:45:00,99233.15999999997
2025-10-27 11:50:00,99233.15999999997
2025-10-27 11:55:00,99233.15999999997
2025-10-27 12:00:00,99233.15999999997
2025-10-27 12:05:00,99233.15999999997
2025-10-27 12:10:00,99233.15999999997
2025-10-27 12:15:00,99233.15999999997
2025-10-27 12:20:00,99233.15999999997
2025-10-27 12:25:00,99233.15999999997
2025-10-27 12:30:00,99233.15999999997
2025-10-27 12:35:00,99233.15999999997
2025-10-27 12:40:00,99233.15999999997
2025-10-27 12:45:00,99233.15999999997
2025-10-27 12:50:00,99233.15999999997
2025-10-27 12:55:00,99233.15999999997
2025-10-27 13:00:00,99233.15999999997
2025-10-27 13:05:00,99233.15999999997
2025-10-27 13:10:00,99233.15999999997
2025-10-27 13:15:00,99233.15999999997
2025-10-27 13:20:00,99233.15999999997
2025-10-27 13:25:00,99233.15999999997
2025-10-27 13:30:00,99233.15999999997
2025-10-27 13:35:00,99233.15999999997
2025-10-27 13:40:00,99233.15999999997
2025-10-27 13:45:00,99233.15999999997
2025-10-27 13:50:00,99233.15999999997
2025-10-27 13:55:00,99233.15999999997
2025-10-27 14:00:00,99233.15999999997
2025-10-27 14:05:00,99233.15999999997
2025-10-27 14:10:00,99233.15999999997
2025-10-27 14:15:00,99233.15999999997
2025-10-27 14:20:00,99233.15999999997
2025-10-27 14:25:00,99194.36999999998
2025-10-27 14:30:00,99194.36999999998
2025-10-27 14:35:00,99194.36999999998
2025-10-27 14:40:00,99194.36999999998
2025-10-27 14:45:00,99194.36999999998
2025-10-27 14:50:00,99194.36999999998
2025-10-27 14:55:00,99194.36999999998
2025-10-27 15:00:00,99194.36999999998
2025-10-27 15:05:00,99194.36999999998
2025-10-27 15:10:00,99161.47999999998
2025-10-27 15:15:00,99161.47999999998
2025-10-27 15:20:00,99161.47999999998
2025-10-27 15:25:00,99161.47999999998
2025-10-27 15:30:00,99161.47999999998
2025-10-28 09:15:00,99161.47999999998
2025-10-28 09:20:00,99161.47999999998
2025-10-28 09:25:00,99161.47999999998
2025-10-28 09:30:00,99161.47999999998
2025-10-28 09:35:00,99161.47999999998
2025-10-28 09:40:00,99161.47999999998
2025-10-28 09:45:00,99161.47999999998
2025-10-28 09:50:00,99161.47999999998
2025-10-28 09:55:00,99161.47999999998
2025-10-28 10:00:00,99161.47999999998
2025-10-28 10:05:00,99161.47999999998
2025-10-28 10:10:00,99161.47999999998
2025-10-28 10:15:00,99161.47999999998
2025-10-28 10:20:00,99161.47999999998
2025-10-28 10:25:00,99161.47999999998
2025-10-28 10:30:00,99161.47999999998
2025-10-28 10:35:00,99161.47999999998
2025-10-28 10:40:00,99161.47999999998
2025-10-28 10:45:00,99161.47999999998
2025-10-28 10:50:00,99161.47999999998
2025-10-28 10:55:00,99161.47999999998
2025-10-28 11:00:00,99161.47999999998
2025-10-28 11:05:00,99161.47999999998
2025-10-28 11:10:00,99161.47999999998
2025-10-28 11:15:00,99161.47999999998
2025-10-28 11:20:00,99161.47999999998
2025-10-28 11:25:00,99161.47999999998
2025-10-28 11:30:00,99161.47999999998
2025-10-28 11:35:00,99100.93999999997
2025-10-28 11:40:00,99100.93999999997
2025-10-28 11:45:00,99100.93999999997
2025-10-28 11:50:00,99100.93999999997
2025-10-28 11:55:00,99100.93999999997
2025-10-28 12:00:00,99100.93999999997
2025-10-28 12:05:00,99100.93999999997
2025-10-28 12:10:00,99100.93999999997
2025-10-28 12:15:00,99100.93999999997
2025-10-28 12:20:00,99100.93999999997
2025-10-28 12:25:00,99100.93999999997
2025-10-28 12:30:00,99100.93999999997
2025-10-28 12:35:00,99100.93999999997
2025-10-28 12:40:00,99100.93999999997
2025-10-28 12:45:00,99100.93999999997
2025-10-28 12:50:00,99100.93999999997
2025-10-28 12:55:00,99100.93999999997
2025-10-28 13:00:00,99100.93999999997
2025-10-28 13:05:00,99100.93999999997
2025-10-28 13:10:00,99100.93999999997
2025-10-28 13:15:00,99100.93999999997
2025-10-28 13:20:00,99100.93999999997
2025-10-28 13:25:00,99100.93999999997
2025-10-28 13:30:00,99100.93999999997
2025-10-28 13:35:00,99100.93999999997
2025-10-28 13:40:00,99100.93999999997
2025-10-28 13:45:00,99100.93999999997
2025-10-28 13:50:00,99100.93999999997
2025-10-28 13:55:00,99100.93999999997
2025-10-28 14:00:00,99100.93999999997
2025-10-28 14:05:00,99100.93999999997
2025-10-28 14:10:00,99100.93999999997
2025-10-28 14:15:00,99100.93999999997
2025-10-28 14:20:00,99100.93999999997
2025-10-28 14:25:00,99100.93999999997
2025-10-28 14:30:00,99100.93999999997
2025-10-28 14:35:00,99100.93999999997
2025-10-28 14:40:00,99100.93999999997
2025-10-28 14:45:00,99100.93999999997
2025-10-28 14:50:00,99100.93999999997
2025-10-28 14:55:00,99100.93999999997
2025-10-28 15:00:00,99100.93999999997
2025-10-28 15:05:00,99100.93999999997
2025-10-28 15:10:00,99100.93999999997
2025-10-28 15:15:00,99100.93999999997
2025-10-28 15:20:00,99100.93999999997
2025-10-28 15:25:00,99100.93999999997
2025-10-28 15:30:00,99100.93999999997
2025-10-29 09:15:00,99100.93999999997
2025-10-29 09:20:00,99100.93999999997
2025-10-29 09:25:00,99100.93999999997
2025-10-29 09:30:00,99100.93999999997
2025-10-29 09:35:00,99100.93999999997
2025-10-29 09:40:00,99100.93999999997
2025-10-29 09:45:00,99100.93999999997
2025-10-29 09:50:00,99100.93999999997
2025-10-29 09:55:00,99100.93999999997
2025-10-29 10:00:00,99100.93999999997
2025-10-29 10:05:00,99100.93999999997
2025-10-29 10:10:00,99100.93999999997
2025-10-29 10:15:00,99100.93999999997
2025-10-29 10:20:00,99100.93999999997
2025-10-29 10:25:00,99100.93999999997
2025-10-29 10:30:00,99100.93999999997
2025-10-29 10:35:00,99100.93999999997
2025-10-29 10:40:00,99100.93999999997
2025-10-29 10:45:00,99100.93999999997
2025-10-29 10:50:00,99100.93999999997
2025-10-29 10:55:00,99100.93999999997
2025-10-29 11:00:00,99100.93999999997
2025-10-29 11:05:00,99100.93999999997
2025-10-29 11:10:00,99100.93999999997
2025-10-29 11:15:00,99414.96999999997
2025-10-29 11:20:00,99414.96999999997
2025-10-29 11:25:00,99414.96999999997
2025-10-29 11:30:00,99414.96999999997
2025-10-29 11:35:00,99414.96999999997
2025-10-29 11:40:00,99414.96999999997
2025-10-29 11:45:00,99414.96999999997
2025-10-29 11:50:00,99414.96999999997
2025-10-29 11:55:00,99414.96999999997
2025-10-29 12:00:00,99414.96999999997
2025-10-29 12:05:00,99414.96999999997
2025-10-29 12:10:00,99414.96999999997
2025-10-29 12:15:00,99414.96999999997
2025-10-29 12:20:00,99414.96999999997
2025-10-29 12:25:00,99414.96999999997
2025-10-29 12:30:00,99414.96999999997
2025-10-29 12:35:00,99414.96999999997
2025-10-29 12:40:00,99414.96999999997
2025-10-29 12:45:00,99414.96999999997
2025-10-29 12:50:00,99414.96999999997
2025-10-29 12:55:00,99414.96999999997
2025-10-29 13:00:00,99414.96999999997
2025-10-29 13:05:00,99414.96999999997
2025-10-29 13:10:00,99414.96999999997
2025-10-29 13:15:00,99414.96999999997
2025-10-29 13:20:00,99414.96999999997
2025-10-29 13:25:00,99414.96999999997
2025-10-29 13:30:00,99414.96999999997
2025-10-29 13:35:00,99414.96999999997
2025-10-29 13:40:00,99414.96999999997
2025-10-29 13:45:00,99414.96999999997
2025-10-29 13:50:00,99414.96999999997
2025-10-29 13:55:00,99414.96999999997
2025-10-29 14:00:00,99354.21999999997
2025-10-29 14:05:00,99354.21999999997
2025-10-29 14:10:00,99354.21999999997
2025-10-29 14:15:00,99354.21999999997
2025-10-29 14:20:00,99354.21999999997
2025-10-29 14:25:00,99354.21999999997
2025-10-29 14:30:00,99354.21999999997
2025-10-29 14:35:00,99354.21999999997
2025-10-29 14:40:00,99326.63999999997
2025-10-29 14:45:00,99326.63999999997
2025-10-29 14:50:00,99326.63999999997
2025-10-29 14:55:00,99326.63999999997
2025-10-29 15:00:00,99326.63999999997
2025-10-29 15:05:00,99326.63999999997
2025-10-29 15:10:00,99326.63999999997
2025-10-29 15:15:00,99326.63999999997
2025-10-29 15:20:00,99326.63999999997
2025-10-29 15:25:00,99326.63999999997
2025-10-29 15:30:00,99326.63999999997
2025-10-30 09:15:00,99326.63999999997
2025-10-30 09:20:00,99326.63999999997
2025-10-30 09:25:00,99326.63999999997
2025-10-30 09:30:00,99326.63999999997
2025-10-30 09:35:00,99326.63999999997
2025-10-30 09:40:00,99326.63999999997
2025-10-30 09:45:00,99326.63999999997
2025-10-30 09:50:00,99326.63999999997
2025-10-30 09:55:00,99326.63999999997
2025-10-30 10:00:00,99326.63999999997
2025-10-30 10:05:00,99326.63999999997
2025-10-30 10:10:00,99347.96999999997
2025-10-30 10:15:00,99347.96999999997
2025-10-30 10:20:00,99328.59999999998
2025-10-30 10:25:00,99328.59999999998
2025-10-30 10:30:00,99328.59999999998
2025-10-30 10:35:00,99328.59999999998
2025-10-30 10:40:00,99328.59999999998
2025-10-30 10:45:00,99328.59999999998
2025-10-30 10:50:00,99328.59999999998
2025-10-30 10:55:00,99328.59999999998
2025-10-30 11:00:00,99328.59999999998
2025-10-30 11:05:00,99328.59999999998
2025-10-30 11:10:00,99328.59999999998
2025-10-30 11:15:00,99328.59999999998
2025-10-30 11:20:00,99328.59999999998
2025-10-30 11:25:00,99328.59999999998
2025-10-30 11:30:00,99328.59999999998
2025-10-30 11:35:00,99328.59999999998
2025-10-30 11:40:00,99328.59999999998
2025-10-30 11:45:00,99315.89999999998
2025-10-30 11:50:00,99315.89999999998
2025-10-30 11:55:00,99315.89999999998
2025-10-30 12:00:00,99315.89999999998
2025-10-30 12:05:00,99315.89999999998
2025-10-30 12:10:00,99315.89999999998
2025-10-30 12:15:00,99315.89999999998
2025-10-30 12:20:00,99315.89999999998
2025-10-30 12:25:00,99315.89999999998
2025-10-30 12:30:00,99315.89999999998
2025-10-30 12:35:00,99315.89999999998
2025-10-30 12:40:00,99315.89999999998
2025-10-30 12:45:00,99315.89999999998
2025-10-30 12:50:00,99315.89999999998
2025-10-30 12:55:00,99315.89999999998
2025-10-30 13:00:00,99315.89999999998
2025-10-30 13:05:00,99315.89999999998
2025-10-30 13:10:00,99315.89999999998
2025-10-30 13:15:00,99315.89999999998
2025-10-30 13:20:00,99315.89999999998
2025-10-30 13:25:00,99315.89999999998
2025-10-30 13:30:00,99315.89999999998
2025-10-30 13:35:00,99315.89999999998
2025-10-30 13:40:00,99315.89999999998
2025-10-30 13:45:00,99315.89999999998
2025-10-30 13:50:00,99315.89999999998
2025-10-30 13:55:00,99315.89999999998
2025-10-30 14:00:00,99315.89999999998
2025-10-30 14:05:00,99315.89999999998
2025-10-30 14:10:00,99315.89999999998
2025-10-30 14:15:00,99315.89999999998
2025-10-30 14:20:00,99315.89999999998
2025-10-30 14:25:00,99315.89999999998
2025-10-30 14:30:00,99315.89999999998
2025-10-30 14:35:00,99315.89999999998
2025-10-30 14:40:00,99315.89999999998
2025-10-30 14:45:00,99333.23999999998
2025-10-30 14:50:00,99333.23999999998
2025-10-30 14:55:00,99333.23999999998
2025-10-30 15:00:00,99333.23999999998
2025-10-30 15:05:00,99333.23999999998
2025-10-30 15:10:00,99333.23999999998
2025-10-30 15:15:00,99333.23999999998
2025-10-30 15:20:00,99333.23999999998
2025-10-30 15:25:00,99333.23999999998
2025-10-30 15:30:00,99333.23999999998
2025-10-31 09:15:00,99333.23999999998
2025-10-31 09:20:00,99333.23999999998
2025-10-31 09:25:00,99333.23999999998
2025-10-31 09:30:00,99333.23999999998
2025-10-31 09:35:00,99333.23999999998
2025-10-31 09:40:00,99333.23999999998
2025-10-31 09:45:00,99333.23999999998
2025-10-31 09:50:00,99333.23999999998
2025-10-31 09:55:00,99333.23999999998
2025-10-31 10:00:00,99333.23999999998
2025-10-31 10:05:00,99333.23999999998
2025-10-31 10:10:00,99333.23999999998
2025-10-31 10:15:00,99333.23999999998
2025-10-31 10:20:00,99333.23999999998
2025-10-31 10:25:00,99333.23999999998
2025-10-31 10:30:00,99333.23999999998
2025-10-31 10:35:00,99405.06999999998
2025-10-31 10:40:00,99405.06999999998
2025-10-31 10:45:00,99405.06999999998
2025-10-31 10:50:00,99405.06999999998
2025-10-31 10:55:00,99405.06999999998
2025-10-31 11:00:00,99405.06999999998
2025-10-31 11:05:00,99405.06999999998
2025-10-31 11:10:00,99405.06999999998
2025-10-31 11:15:00,99405.06999999998
2025-10-31 11:20:00,99405.06999999998
2025-10-31 11:25:00,99405.06999999998
2025-10-31 11:30:00,99405.06999999998
2025-10-31 11:35:00,99405.06999999998
2025-10-31 11:40:00,99405.06999999998
2025-10-31 11:45:00,99405.06999999998
2025-10-31 11:50:00,99405.06999999998
2025-10-31 11:55:00,99405.06999999998
2025-10-31 12:00:00,99405.06999999998
2025-10-31 12:05:00,99405.06999999998
2025-10-31 12:10:00,99405.06999999998
2025-10-31 12:15:00,99405.06999999998
2025-10-31 12:20:00,99405.06999999998
2025-10-31 12:25:00,99405.06999999998
2025-10-31 12:30:00,99405.06999999998
2025-10-31 12:35:00,99405.06999999998
2025-10-31 12:40:00,99405.06999999998
2025-10-31 12:45:00,99405.06999999998
2025-10-31 12:50:00,99405.06999999998
2025-10-31 12:55:00,99405.06999999998
2025-10-31 13:00:00,99405.06999999998
2025-10-31 13:05:00,99405.06999999998
2025-10-31 13:10:00,99405.06999999998
2025-10-31 13:15:00,99405.06999999998
2025-10-31 13:20:00,99405.06999999998
2025-10-31 13:25:00,99405.06999999998
2025-10-31 13:30:00,99405.06999999998
2025-10-31 13:35:00,99405.06999999998
2025-10-31 13:40:00,99405.06999999998
2025-10-31 13:45:00,99405.06999999998
2025-10-31 13:50:00,99405.06999999998
2025-10-31 13:55:00,99405.06999999998
2025-10-31 14:00:00,99405.06999999998
2025-10-31 14:05:00,99405.06999999998
2025-10-31 14:10:00,99405.06999999998
2025-10-31 14:15:00,99405.06999999998
2025-10-31 14:20:00,99405.06999999998
2025-10-31 14:25:00,99405.06999999998
2025-10-31 14:30:00,99405.06999999998
2025-10-31 14:35:00,99405.06999999998
2025-10-31 14:40:00,99405.06999999998
2025-10-31 14:45:00,99405.06999999998
2025-10-31 14:50:00,99405.06999999998
2025-10-31 14:55:00,99405.06999999998
2025-10-31 15:00:00,99405.06999999998
2025-10-31 15:05:00,99405.06999999998
2025-10-31 15:10:00,99405.06999999998
2025-10-31 15:15:00,99405.06999999998
2025-10-31 15:20:00,99405.06999999998
2025-10-31 15:25:00,99405.06999999998
2025-10-31 15:30:00,99405.06999999998
2025-11-03 09:15:00,99405.06999999998
2025-11-03 09:20:00,99405.06999999998
2025-11-03 09:25:00,99405.06999999998
2025-11-03 09:30:00,99405.06999999998
2025-11-03 09:35:00,99405.06999999998
2025-11-03 09:40:00,99405.06999999998
2025-11-03 09:45:00,99405.06999999998
2025-11-03 09:50:00,99405.06999999998
2025-11-03 09:55:00,99405.06999999998
2025-11-03 10:00:00,99405.06999999998
2025-11-03 10:05:00,99405.06999999998
2025-11-03 10:10:00,99405.06999999998
2025-11-03 10:15:00,99405.06999999998
2025-11-03 10:20:00,99405.06999999998
2025-11-03 10:25:00,99405.06999999998
2025-11-03 10:30:00,99405.06999999998
2025-11-03 10:35:00,99405.06999999998
2025-11-03 10:40:00,99405.06999999998
2025-11-03 10:45:00,99405.06999999998
2025-11-03 10:50:00,99405.06999999998
2025-11-03 10:55:00,99405.06999999998
2025-11-03 11:00:00,99405.06999999998
2025-11-03 11:05:00,99405.06999999998
2025-11-03 11:10:00,99405.06999999998
2025-11-03 11:15:00,99405.06999999998
2025-11-03 11:20:00,99405.06999999998
2025-11-03 11:25:00,99405.06999999998
2025-11-03 11:30:00,99405.06999999998
2025-11-03 11:35:00,99405.06999999998
2025-11-03 11:40:00,99405.06999999998
2025-11-03 11:45:00,99405.06999999998
2025-11-03 11:50:00,99405.06999999998
2025-11-03 11:55:00,99405.06999999998
2025-11-03 12:00:00,99405.06999999998
2025-11-03 12:05:00,99405.06999999998
2025-11-03 12:10:00,99405.06999999998
2025-11-03 12:15:00,99405.06999999998
2025-11-03 12:20:00,99405.06999999998
2025-11-03 12:25:00,99405.06999999998
2025-11-03 12:30:00,99405.06999999998
2025-11-03 12:35:00,99405.06999999998
2025-11-03 12:40:00,99405.06999999998
2025-11-03 12:45:00,99405.06999999998
2025-11-03 12:50:00,99405.06999999998
2025-11-03 12:55:00,99405.06999999998
2025-11-03 13:00:00,99405.06999999998
2025-11-03 13:05:00,99405.06999999998
2025-11-03 13:10:00,99405.06999999998
2025-11-03 13:15:00,99405.06999999998
2025-11-03 13:20:00,99405.06999999998
2025-11-03 13:25:00,99405.06999999998
2025-11-03 13:30:00,99405.06999999998
2025-11-03 13:35:00,99405.06999999998
2025-11-03 13:40:00,99405.06999999998
2025-11-03 13:45:00,99405.06999999998
2025-11-03 13:50:00,99405.06999999998
2025-11-03 13:55:00,99405.06999999998
2025-11-03 14:00:00,99405.06999999998
2025-11-03 14:05:00,99405.06999999998
2025-11-03 14:10:00,99405.06999999998
2025-11-03 14:15:00,99405.06999999998
2025-11-03 14:20:00,99405.06999999998
2025-11-03 14:25:00,99405.06999999998
2025-11-03 14:30:00,99405.06999999998
2025-11-03 14:35:00,99405.06999999998
2025-11-03 14:40:00,99405.06999999998
2025-11-03 14:45:00,99405.06999999998
2025-11-03 14:50:00,99405.06999999998
2025-11-03 14:55:00,99405.06999999998
2025-11-03 15:00:00,99405.06999999998
2025-11-03 15:05:00,99405.06999999998
2025-11-03 15:10:00,99405.06999999998
2025-11-03 15:15:00,99405.06999999998
2025-11-03 15:20:00,99405.06999999998
2025-11-03 15:25:00,99405.06999999998
2025-11-03 15:30:00,99405.06999999998
2025-11-04 09:15:00,99405.06999999998
2025-11-04 09:20:00,99405.06999999998
2025-11-04 09:25:00,99405.06999999998
2025-11-04 09:30:00,99405.06999999998
2025-11-04 09:35:00,99405.06999999998
2025-11-04 09:40:00,99405.06999999998
2025-11-04 09:45:00,99405.06999999998
2025-11-04 09:50:00,99405.06999999998
2025-11-04 09:55:00,99405.06999999998
2025-11-04 10:00:00,99405.06999999998
2025-11-04 10:05:00,99405.06999999998
2025-11-04 10:10:00,99405.06999999998
2025-11-04 10:15:00,99405.06999999998
2025-11-04 10:20:00,99405.06999999998
2025-11-04 10:25:00,99405.06999999998
2025-11-04 10:30:00,99405.06999999998
2025-11-04 10:35:00,99405.06999999998
2025-11-04 10:40:00,99405.06999999998
2025-11-04 10:45:00,99405.06999999998
2025-11-04 10:50:00,99405.06999999998
2025-11-04 10:55:00,99405.06999999998
2025-11-04 11:00:00,99405.06999999998
2025-11-04 11:05:00,99405.06999999998
2025-11-04 11:10:00,99405.06999999998
2025-11-04 11:15:00,99405.06999999998
2025-11-04 11:20:00,99405.06999999998
2025-11-04 11:25:00,99405.06999999998
2025-11-04 11:30:00,99405.06999999998
2025-11-04 11:35:00,99405.06999999998
2025-11-04 11:40:00,99405.06999999998
2025-11-04 11:45:00,99405.06999999998
2025-11-04 11:50:00,99405.06999999998
2025-11-04 11:55:00,99405.06999999998
2025-11-04 12:00:00,99405.06999999998
2025-11-04 12:05:00,99405.06999999998
2025-11-04 12:10:00,99405.06999999998
2025-11-04 12:15:00,99405.06999999998
2025-11-04 12:20:00,99405.06999999998
2025-11-04 12:25:00,99405.06999999998
2025-11-04 12:30:00,99405.06999999998
2025-11-04 12:35:00,99405.06999999998
2025-11-04 12:40:00,99405.06999999998
2025-11-04 12:45:00,99405.06999999998
2025-11-04 12:50:00,99405.06999999998
2025-11-04 12:55:00,99405.06999999998
2025-11-04 13:00:00,99405.06999999998
2025-11-04 13:05:00,99405.06999999998
2025-11-04 13:10:00,99405.06999999998
2025-11-04 13:15:00,99405.06999999998
2025-11-04 13:20:00,99405.06999999998
2025-11-04 13:25:00,99405.06999999998
2025-11-04 13:30:00,99405.06999999998
2025-11-04 13:35:00,99405.06999999998
2025-11-04 13:40:00,99405.06999999998
2025-11-04 13:45:00,99405.06999999998
2025-11-04 13:50:00,99405.06999999998
2025-11-04 13:55:00,99405.06999999998
2025-11-04 14:00:00,99405.06999999998
2025-11-04 14:05:00,99405.06999999998
2025-11-04 14:10:00,99405.06999999998
2025-11-04 14:15:00,99405.06999999998
2025-11-04 14:20:00,99405.06999999998
2025-11-04 14:25:00,99405.06999999998
2025-11-04 14:30:00,99405.06999999998
2025-11-04 14:35:00,99405.06999999998
2025-11-04 14:40:00,99405.06999999998
2025-11-04 14:45:00,99405.06999999998
2025-11-04 14:50:00,99405.06999999998
2025-11-04 14:55:00,99405.06999999998
2025-11-04 15:00:00,99405.06999999998
2025-11-04 15:05:00,99405.06999999998
2025-11-04 15:10:00,99405.06999999998
2025-11-04 15:15:00,99405.06999999998
2025-11-04 15:20:00,99405.06999999998
2025-11-04 15:25:00,99405.06999999998
2025-11-04 15:30:00,99405.06999999998
2025-11-05 09:15:00,99405.06999999998
2025-11-05 09:20:00,99405.06999999998
2025-11-05 09:25:00,99405.06999999998
2025-11-05 09:30:00,99405.06999999998
2025-11-05 09:35:00,99405.06999999998
2025-11-05 09:40:00,99405.06999999998
2025-11-05 09:45:00,99405.06999999998
2025-11-05 09:50:00,99405.06999999998
2025-11-05 09:55:00,99405.06999999998
2025-11-05 10:00:00,99405.06999999998
2025-11-05 10:05:00,99405.06999999998
2025-11-05 10:10:00,99405.06999999998
2025-11-05 10:15:00,99405.06999999998
2025-11-05 10:20:00,99405.06999999998
2025-11-05 10:25:00,99405.06999999998
2025-11-05 10:30:00,99405.06999999998
2025-11-05 10:35:00,99405.06999999998
2025-11-05 10:40:00,99405.06999999998
2025-11-05 10:45:00,99405.06999999998
2025-11-05 10:50:00,99405.06999999998
2025-11-05 10:55:00,99405.06999999998
2025-11-05 11:00:00,99405.06999999998
2025-11-05 11:05:00,99405.06999999998
2025-11-05 11:10:00,99405.06999999998
2025-11-05 11:15:00,99405.06999999998
2025-11-05 11:20:00,99405.06999999998
2025-11-05 11:25:00,99405.06999999998
2025-11-05 11:30:00,99405.06999999998
2025-11-05 11:35:00,99405.06999999998
2025-11-05 11:40:00,99405.06999999998
2025-11-05 11:45:00,99405.06999999998
2025-11-05 11:50:00,99405.06999999998
2025-11-05 11:55:00,99405.06999999998
2025-11-05 12:00:00,99405.06999999998
2025-11-05 12:05:00,99405.06999999998
2025-11-05 12:10:00,99405.06999999998
2025-11-05 12:15:00,99405.06999999998
2025-11-05 12:20:00,99405.06999999998
2025-11-05 12:25:00,99405.06999999998
2025-11-05 12:30:00,99405.06999999998
2025-11-05 12:35:00,99405.06999999998
2025-11-05 12:40:00,99405.06999999998
2025-11-05 12:45:00,99405.06999999998
2025-11-05 12:50:00,99405.06999999998
2025-11-05 12:55:00,99405.06999999998
2025-11-05 13:00:00,99405.06999999998
2025-11-05 13:05:00,99405.06999999998
2025-11-05 13:10:00,99405.06999999998
2025-11-05 13:15:00,99405.06999999998
2025-11-05 13:20:00,99405.06999999998
2025-11-05 13:25:00,99405.06999999998
2025-11-05 13:30:00,99405.06999999998
2025-11-05 13:35:00,99405.06999999998
2025-11-05 13:40:00,99405.06999999998
2025-11-05 13:45:00,99405.06999999998
2025-11-05 13:50:00,99405.06999999998
2025-11-05 13:55:00,99405.06999999998
2025-11-05 14:00:00,99405.06999999998
2025-11-05 14:05:00,99405.06999999998
2025-11-05 14:10:00,99405.06999999998
2025-11-05 14:15:00,99405.06999999998
2025-11-05 14:20:00,99405.06999999998
2025-11-05 14:25:00,99405.06999999998
2025-11-05 14:30:00,99405.06999999998
2025-11-05 14:35:00,99405.06999999998
2025-11-05 14:40:00,99405.06999999998
2025-11-05 14:45:00,99405.06999999998
2025-11-05 14:50:00,99405.06999999998
2025-11-05 14:55:00,99405.06999999998
2025-11-05 15:00:00,99405.06999999998
2025-11-05 15:05:00,99405.06999999998
2025-11-05 15:10:00,99405.06999999998
2025-11-05 15:15:00,99405.06999999998
2025-11-05 15:20:00,99405.06999999998
2025-11-05 15:25:00,99405.06999999998
2025-11-05 15:30:00,99405.06999999998
2025-11-06 09:15:00,99405.06999999998
2025-11-06 09:20:00,99405.06999999998
2025-11-06 09:25:00,99405.06999999998
2025-11-06 09:30:00,99405.06999999998
2025-11-06 09:35:00,99405.06999999998
2025-11-06 09:40:00,99405.06999999998
2025-11-06 09:45:00,99405.06999999998
2025-11-06 09:50:00,99405.06999999998
2025-11-06 09:55:00,99405.06999999998
2025-11-06 10:00:00,99405.06999999998
2025-11-06 10:05:00,99405.06999999998
2025-11-06 10:10:00,99405.06999999998
2025-11-06 10:15:00,99405.06999999998
2025-11-06 10:20:00,99405.06999999998
2025-11-06 10:25:00,99405.06999999998
2025-11-06 10:30:00,99405.06999999998
2025-11-06 10:35:00,99405.06999999998
2025-11-06 10:40:00,99405.06999999998
2025-11-06 10:45:00,99405.06999999998
2025-11-06 10:50:00,99405.06999999998
2025-11-06 10:55:00,99405.06999999998
2025-11-06 11:00:00,99405.06999999998
2025-11-06 11:05:00,99405.06999999998
2025-11-06 11:10:00,99405.06999999998
2025-11-06 11:15:00,99405.06999999998
2025-11-06 11:20:00,99405.06999999998
2025-11-06 11:25:00,99405.06999999998
2025-11-06 11:30:00,99405.06999999998
2025-11-06 11:35:00,99405.06999999998
2025-11-06 11:40:00,99405.06999999998
2025-11-06 11:45:00,99405.06999999998
2025-11-06 11:50:00,99405.06999999998
2025-11-06 11:55:00,99405.06999999998
2025-11-06 12:00:00,99405.06999999998
2025-11-06 12:05:00,99405.06999999998
2025-11-06 12:10:00,99405.06999999998
2025-11-06 12:15:00,99405.06999999998
2025-11-06 12:20:00,99405.06999999998
2025-11-06 12:25:00,99405.06999999998
2025-11-06 12:30:00,99405.06999999998
2025-11-06 12:35:00,99405.06999999998
2025-11-06 12:40:00,99405.06999999998
2025-11-06 12:45:00,99405.06999999998
2025-11-06 12:50:00,99405.06999999998
2025-11-06 12:55:00,99405.06999999998
2025-11-06 13:00:00,99405.06999999998
2025-11-06 13:05:00,99405.06999999998
2025-11-06 13:10:00,99405.06999999998
2025-11-06 13:15:00,99405.06999999998
2025-11-06 13:20:00,99405.06999999998
2025-11-06 13:25:00,99405.06999999998
2025-11-06 13:30:00,99405.06999999998
2025-11-06 13:35:00,99405.06999999998
2025-11-06 13:40:00,99405.06999999998
2025-11-06 13:45:00,99405.06999999998
2025-11-06 13:50:00,99405.06999999998
2025-11-06 13:55:00,99405.06999999998
2025-11-06 14:00:00,99405.06999999998
2025-11-06 14:05:00,99405.06999999998
2025-11-06 14:10:00,99405.06999999998
2025-11-06 14:15:00,99405.06999999998
2025-11-06 14:20:00,99405.06999999998
2025-11-06 14:25:00,99405.06999999998
2025-11-06 14:30:00,99405.06999999998
2025-11-06 14:35:00,99405.06999999998
2025-11-06 14:40:00,99405.06999999998
2025-11-06 14:45:00,99405.06999999998
2025-11-06 14:50:00,99405.06999999998
2025-11-06 14:55:00,99405.06999999998
2025-11-06 15:00:00,99405.06999999998
2025-11-06 15:05:00,99405.06999999998
2025-11-06 15:10:00,99405.06999999998
2025-11-06 15:15:00,99405.06999999998
2025-11-06 15:20:00,99405.06999999998
2025-11-06 15:25:00,99405.06999999998
2025-11-06 15:30:00,99405.06999999998
2025-11-07 09:15:00,99405.06999999998
2025-11-07 09:20:00,99405.06999999998
2025-11-07 09:25:00,99405.06999999998
2025-11-07 09:30:00,99405.06999999998
2025-11-07 09:35:00,99405.06999999998
2025-11-07 09:40:00,99405.06999999998
2025-11-07 09:45:00,99405.06999999998
2025-11-07 09:50:00,99405.06999999998
2025-11-07 09:55:00,99405.06999999998
2025-11-07 10:00:00,99405.06999999998
2025-11-07 10:05:00,99405.06999999998
2025-11-07 10:10:00,99405.06999999998
2025-11-07 10:15:00,99405.06999999998
2025-11-07 10:20:00,99405.06999999998
2025-11-07 10:25:00,99405.06999999998
2025-11-07 10:30:00,99405.06999999998
2025-11-07 10:35:00,99405.06999999998
2025-11-07 10:40:00,99405.06999999998
2025-11-07 10:45:00,99405.06999999998
2025-11-07 10:50:00,99405.06999999998
2025-11-07 10:55:00,99405.06999999998
2025-11-07 11:00:00,99405.06999999998
2025-11-07 11:05:00,99405.06999999998
2025-11-07 11:10:00,99405.06999999998
2025-11-07 11:15:00,99405.06999999998
2025-11-07 11:20:00,99405.06999999998
2025-11-07 11:25:00,99405.06999999998
2025-11-07 11:30:00,99405.06999999998
2025-11-07 11:35:00,99405.06999999998
2025-11-07 11:40:00,99405.06999999998
2025-11-07 11:45:00,99405.06999999998
2025-11-07 11:50:00,99405.06999999998
2025-11-07 11:55:00,99405.06999999998
2025-11-07 12:00:00,99405.06999999998
2025-11-07 12:05:00,99405.06999999998
2025-11-07 12:10:00,99405.06999999998
2025-11-07 12:15:00,99405.06999999998
2025-11-07 12:20:00,99405.06999999998
2025-11-07 12:25:00,99405.06999999998
2025-11-07 12:30:00,99405.06999999998
2025-11-07 12:35:00,99405.06999999998
2025-11-07 12:40:00,99405.06999999998
2025-11-07 12:45:00,99405.06999999998
2025-11-07 12:50:00,99405.06999999998
2025-11-07 12:55:00,99405.06999999998
2025-11-07 13:00:00,99405.06999999998
2025-11-07 13:05:00,99405.06999999998
2025-11-07 13:10:00,99405.06999999998
2025-11-07 13:15:00,99405.06999999998
2025-11-07 13:20:00,99405.06999999998
2025-11-07 13:25:00,99405.06999999998
2025-11-07 13:30:00,99405.06999999998
2025-11-07 13:35:00,99405.06999999998
2025-11-07 13:40:00,99405.06999999998
2025-11-07 13:45:00,99405.06999999998
2025-11-07 13:50:00,99405.06999999998
2025-11-07 13:55:00,99405.06999999998
2025-11-07 14:00:00,99405.06999999998
2025-11-07 14:05:00,99405.06999999998
2025-11-07 14:10:00,99405.06999999998
2025-11-07 14:15:00,99405.06999999998
2025-11-07 14:20:00,99405.06999999998
2025-11-07 14:25:00,99405.06999999998
2025-11-07 14:30:00,99405.06999999998
2025-11-07 14:35:00,99405.06999999998
2025-11-07 14:40:00,99405.06999999998
2025-11-07 14:45:00,99405.06999999998
2025-11-07 14:50:00,99405.06999999998
2025-11-07 14:55:00,99405.06999999998
2025-11-07 15:00:00,99405.06999999998
2025-11-07 15:05:00,99405.06999999998
2025-11-07 15:10:00,99405.06999999998
2025-11-07 15:15:00,99405.06999999998
2025-11-07 15:20:00,99405.06999999998
2025-11-07 15:25:00,99405.06999999998
2025-11-07 15:30:00,99405.06999999998
2025-11-10 09:15:00,99405.06999999998
2025-11-10 09:20:00,99405.06999999998
2025-11-10 09:25:00,99405.06999999998
2025-11-10 09:30:00,99405.06999999998
2025-11-10 09:35:00,99405.06999999998
2025-11-10 09:40:00,99405.06999999998
2025-11-10 09:45:00,99405.06999999998
2025-11-10 09:50:00,99405.06999999998
2025-11-10 09:55:00,99405.06999999998
2025-11-10 10:00:00,99405.06999999998
2025-11-10 10:05:00,99405.06999999998
2025-11-10 10:10:00,99405.06999999998
2025-11-10 10:15:00,99405.06999999998
2025-11-10 10:20:00,99405.06999999998
2025-11-10 10:25:00,99405.06999999998
2025-11-10 10:30:00,99405.06999999998
2025-11-10 10:35:00,99405.06999999998
2025-11-10 10:40:00,99405.06999999998
2025-11-10 10:45:00,99405.06999999998
2025-11-10 10:50:00,99405.06999999998
2025-11-10 10:55:00,99405.06999999998
2025-11-10 11:00:00,99405.06999999998
2025-11-10 11:05:00,99405.06999999998
2025-11-10 11:10:00,99405.06999999998
2025-11-10 11:15:00,99405.06999999998
2025-11-10 11:20:00,99405.06999999998
2025-11-10 11:25:00,99405.06999999998
2025-11-10 11:30:00,99405.06999999998
2025-11-10 11:35:00,99405.06999999998
2025-11-10 11:40:00,99405.06999999998
2025-11-10 11:45:00,99405.06999999998
2025-11-10 11:50:00,99405.06999999998
2025-11-10 11:55:00,99405.06999999998
2025-11-10 12:00:00,99405.06999999998
2025-11-10 12:05:00,99405.06999999998
2025-11-10 12:10:00,99405.06999999998
2025-11-10 12:15:00,99405.06999999998
2025-11-10 12:20:00,99405.06999999998
2025-11-10 12:25:00,99405.06999999998
2025-11-10 12:30:00,99405.06999999998
2025-11-10 12:35:00,99405.06999999998
2025-11-10 12:40:00,99405.06999999998
2025-11-10 12:45:00,99405.06999999998
2025-11-10 12:50:00,99405.06999999998
2025-11-10 12:55:00,99405.06999999998
2025-11-10 13:00:00,99405.06999999998
2025-11-10 13:05:00,99405.06999999998
2025-11-10 13:10:00,99405.06999999998
2025-11-10 13:15:00,99405.06999999998
2025-11-10 13:20:00,99405.06999999998
2025-11-10 13:25:00,99405.06999999998
2025-11-10 13:30:00,99405.06999999998
2025-11-10 13:35:00,99405.06999999998
2025-11-10 13:40:00,99405.06999999998
2025-11-10 13:45:00,99405.06999999998
2025-11-10 13:50:00,99405.06999999998
2025-11-10 13:55:00,99405.06999999998
2025-11-10 14:00:00,99405.06999999998
2025-11-10 14:05:00,99405.06999999998
2025-11-10 14:10:00,99405.06999999998
2025-11-10 14:15:00,99405.06999999998
2025-11-10 14:20:00,99405.06999999998
2025-11-10 14:25:00,99405.06999999998
2025-11-10 14:30:00,99405.06999999998
2025-11-10 14:35:00,99405.06999999998
2025-11-10 14:40:00,99405.06999999998
2025-11-10 14:45:00,99405.06999999998
2025-11-10 14:50:00,99405.06999999998
2025-11-10 14:55:00,99405.06999999998
2025-11-10 15:00:00,99405.06999999998
2025-11-10 15:05:00,99405.06999999998
2025-11-10 15:10:00,99405.06999999998
2025-11-10 15:15:00,99405.06999999998
2025-11-10 15:20:00,99405.06999999998
2025-11-10 15:25:00,99405.06999999998
2025-11-10 15:30:00,99405.06999999998
2025-11-11 09:15:00,99405.06999999998
2025-11-11 09:20:00,99405.06999999998
2025-11-11 09:25:00,99405.06999999998
2025-11-11 09:30:00,99405.06999999998
2025-11-11 09:35:00,99405.06999999998
2025-11-11 09:40:00,99405.06999999998
2025-11-11 09:45:00,99405.06999999998
2025-11-11 09:50:00,99405.06999999998
2025-11-11 09:55:00,99405.06999999998
2025-11-11 10:00:00,99405.06999999998
2025-11-11 10:05:00,99405.06999999998
2025-11-11 10:10:00,99405.06999999998
2025-11-11 10:15:00,99405.06999999998
2025-11-11 10:20:00,99405.06999999998
2025-11-11 10:25:00,99405.06999999998
2025-11-11 10:30:00,99405.06999999998
2025-11-11 10:35:00,99405.06999999998
2025-11-11 10:40:00,99405.06999999998
2025-11-11 10:45:00,99405.06999999998
2025-11-11 10:50:00,99405.06999999998
2025-11-11 10:55:00,99405.06999999998
2025-11-11 11:00:00,99405.06999999998
2025-11-11 11:05:00,99405.06999999998
2025-11-11 11:10:00,99405.06999999998
2025-11-11 11:15:00,99405.06999999998
2025-11-11 11:20:00,99405.06999999998
2025-11-11 11:25:00,99405.06999999998
2025-11-11 11:30:00,99405.06999999998
2025-11-11 11:35:00,99405.06999999998
2025-11-11 11:40:00,99405.06999999998
2025-11-11 11:45:00,99405.06999999998
2025-11-11 11:50:00,99405.06999999998
2025-11-11 11:55:00,99405.06999999998
2025-11-11 12:00:00,99405.06999999998
2025-11-11 12:05:00,99405.06999999998
2025-11-11 12:10:00,99405.06999999998
2025-11-11 12:15:00,99405.06999999998
2025-11-11 12:20:00,99405.06999999998
2025-11-11 12:25:00,99405.06999999998
2025-11-11 12:30:00,99405.06999999998
2025-11-11 12:35:00,99405.06999999998
2025-11-11 12:40:00,99405.06999999998
2025-11-11 12:45:00,99405.06999999998
2025-11-11 12:50:00,99405.06999999998
2025-11-11 12:55:00,99405.06999999998
2025-11-11 13:00:00,99405.06999999998
2025-11-11 13:05:00,99405.06999999998
2025-11-11 13:10:00,99405.06999999998
2025-11-11 13:15:00,99405.06999999998
2025-11-11 13:20:00,99405.06999999998
2025-11-11 13:25:00,99405.06999999998
2025-11-11 13:30:00,99405.06999999998
2025-11-11 13:35:00,99405.06999999998
2025-11-11 13:40:00,99405.06999999998
2025-11-11 13:45:00,99405.06999999998
2025-11-11 13:50:00,99405.06999999998
2025-11-11 13:55:00,99405.06999999998
2025-11-11 14:00:00,99405.06999999998
2025-11-11 14:05:00,99405.06999999998
2025-11-11 14:10:00,99405.06999999998
2025-11-11 14:15:00,99405.06999999998
2025-11-11 14:20:00,99405.06999999998
2025-11-11 14:25:00,99405.06999999998
2025-11-11 14:30:00,99405.06999999998
2025-11-11 14:35:00,99405.06999999998
2025-11-11 14:40:00,99405.06999999998
2025-11-11 14:45:00,99405.06999999998
2025-11-11 14:50:00,99405.06999999998
2025-11-11 14:55:00,99405.06999999998
2025-11-11 15:00:00,99405.06999999998
2025-11-11 15:05:00,99405.06999999998
2025-11-11 15:10:00,99405.06999999998
2025-11-11 15:15:00,99405.06999999998
2025-11-11 15:20:00,99405.06999999998
2025-11-11 15:25:00,99405.06999999998
2025-11-11 15:30:00,99405.06999999998
2025-11-12 09:15:00,99405.06999999998
2025-11-12 09:20:00,99405.06999999998
2025-11-12 09:25:00,99405.06999999998
2025-11-12 09:30:00,99405.06999999998
2025-11-12 09:35:00,99405.06999999998
2025-11-12 09:40:00,99405.06999999998
2025-11-12 09:45:00,99405.06999999998
2025-11-12 09:50:00,99405.06999999998
2025-11-12 09:55:00,99405.06999999998
2025-11-12 10:00:00,99405.06999999998
2025-11-12 10:05:00,99405.06999999998
2025-11-12 10:10:00,99405.06999999998
2025-11-12 10:15:00,99405.06999999998
2025-11-12 10:20:00,99405.06999999998
2025-11-12 10:25:00,99405.06999999998
2025-11-12 10:30:00,99405.06999999998
2025-11-12 10:35:00,99405.06999999998
2025-11-12 10:40:00,99405.06999999998
2025-11-12 10:45:00,99405.06999999998
2025-11-12 10:50:00,99405.06999999998
2025-11-12 10:55:00,99405.06999999998
2025-11-12 11:00:00,99405.06999999998
2025-11-12 11:05:00,99405.06999999998
2025-11-12 11:10:00,99405.06999999998
2025-11-12 11:15:00,99405.06999999998
2025-11-12 11:20:00,99405.06999999998
2025-11-12 11:25:00,99405.06999999998
2025-11-12 11:30:00,99405.06999999998
2025-11-12 11:35:00,99405.06999999998
2025-11-12 11:40:00,99405.06999999998
2025-11-12 11:45:00,99405.06999999998
2025-11-12 11:50:00,99405.06999999998
2025-11-12 11:55:00,99405.06999999998
2025-11-12 12:00:00,99405.06999999998
2025-11-12 12:05:00,99405.06999999998
2025-11-12 12:10:00,99405.06999999998
2025-11-12 12:15:00,99405.06999999998
2025-11-12 12:20:00,99405.06999999998
2025-11-12 12:25:00,99405.06999999998
2025-11-12 12:30:00,99405.06999999998
2025-11-12 12:35:00,99405.06999999998
2025-11-12 12:40:00,99405.06999999998
2025-11-12 12:45:00,99405.06999999998
2025-11-12 12:50:00,99405.06999999998
2025-11-12 12:55:00,99405.06999999998
2025-11-12 13:00:00,99405.06999999998
2025-11-12 13:05:00,99405.06999999998
2025-11-12 13:10:00,99405.06999999998
2025-11-12 13:15:00,99405.06999999998
2025-11-12 13:20:00,99405.06999999998
2025-11-12 13:25:00,99405.06999999998
2025-11-12 13:30:00,99405.06999999998
2025-11-12 13:35:00,99405.06999999998
2025-11-12 13:40:00,99405.06999999998
2025-11-12 13:45:00,99405.06999999998
2025-11-12 13:50:00,99405.06999999998
2025-11-12 13:55:00,99405.06999999998
2025-11-12 14:00:00,99405.06999999998
2025-11-12 14:05:00,99405.06999999998
2025-11-12 14:10:00,99405.06999999998
2025-11-12 14:15:00,99405.06999999998
2025-11-12 14:20:00,99405.06999999998
2025-11-12 14:25:00,99405.06999999998
2025-11-12 14:30:00,99405.06999999998
2025-11-12 14:35:00,99405.06999999998
2025-11-12 14:40:00,99405.06999999998
2025-11-12 14:45:00,99405.06999999998
2025-11-12 14:50:00,99405.06999999998
2025-11-12 14:55:00,99405.06999999998
2025-11-12 15:00:00,99405.06999999998
2025-11-12 15:05:00,99405.06999999998
2025-11-12 15:10:00,99405.06999999998
2025-11-12 15:15:00,99405.06999999998
2025-11-12 15:20:00,99405.06999999998
2025-11-12 15:25:00,99405.06999999998
2025-11-12 15:30:00,99405.06999999998
2025-11-13 09:15:00,99405.06999999998
2025-11-13 09:20:00,99405.06999999998
2025-11-13 09:25:00,99405.06999999998
2025-11-13 09:30:00,99405.06999999998
2025-11-13 09:35:00,99405.06999999998
2025-11-13 09:40:00,99405.06999999998
2025-11-13 09:45:00,99405.06999999998
2025-11-13 09:50:00,99405.06999999998
2025-11-13 09:55:00,99405.06999999998
2025-11-13 10:00:00,99405.06999999998
2025-11-13 10:05:00,99405.06999999998
2025-11-13 10:10:00,99405.06999999998
2025-11-13 10:15:00,99405.06999999998
2025-11-13 10:20:00,99405.06999999998
2025-11-13 10:25:00,99405.06999999998
2025-11-13 10:30:00,99405.06999999998
2025-11-13 10:35:00,99405.06999999998
2025-11-13 10:40:00,99405.06999999998
2025-11-13 10:45:00,99405.06999999998
2025-11-13 10:50:00,99405.06999999998
2025-11-13 10:55:00,99405.06999999998
2025-11-13 11:00:00,99405.06999999998
2025-11-13 11:05:00,99405.06999999998
2025-11-13 11:10:00,99405.06999999998
2025-11-13 11:15:00,99405.06999999998
2025-11-13 11:20:00,99405.06999999998
2025-11-13 11:25:00,99405.06999999998
2025-11-13 11:30:00,99405.06999999998
2025-11-13 11:35:00,99405.06999999998
2025-11-13 11:40:00,99405.06999999998
2025-11-13 11:45:00,99405.06999999998
2025-11-13 11:50:00,99405.06999999998
2025-11-13 11:55:00,99405.06999999998
2025-11-13 12:00:00,99405.06999999998
2025-11-13 12:05:00,99405.06999999998
2025-11-13 12:10:00,99405.06999999998
2025-11-13 12:15:00,99405.06999999998
2025-11-13 12:20:00,99405.06999999998
2025-11-13 12:25:00,99405.06999999998
2025-11-13 12:30:00,99405.06999999998
2025-11-13 12:35:00,99405.06999999998
2025-11-13 12:40:00,99405.06999999998
2025-11-13 12:45:00,99405.06999999998
2025-11-13 12:50:00,99405.06999999998
2025-11-13 12:55:00,99405.06999999998
2025-11-13 13:00:00,99405.06999999998
2025-11-13 13:05:00,99405.06999999998
2025-11-13 13:10:00,99405.06999999998
2025-11-13 13:15:00,99405.06999999998
2025-11-13 13:20:00,99405.06999999998
2025-11-13 13:25:00,99405.06999999998
2025-11-13 13:30:00,99405.06999999998
2025-11-13 13:35:00,99405.06999999998
2025-11-13 13:40:00,99405.06999999998
2025-11-13 13:45:00,99405.06999999998
2025-11-13 13:50:00,99405.06999999998
2025-11-13 13:55:00,99405.06999999998
2025-11-13 14:00:00,99405.06999999998
2025-11-13 14:05:00,99405.06999999998
2025-11-13 14:10:00,99405.06999999998
2025-11-13 14:15:00,99405.06999999998
2025-11-13 14:20:00,99405.06999999998
2025-11-13 14:25:00,99405.06999999998
2025-11-13 14:30:00,99405.06999999998
2025-11-13 14:35:00,99405.06999999998
2025-11-13 14:40:00,99405.06999999998
2025-11-13 14:45:00,99405.06999999998
2025-11-13 14:50:00,99405.06999999998
2025-11-13 14:55:00,99405.06999999998
2025-11-13 15:00:00,99405.06999999998
2025-11-13 15:05:00,99405.06999999998
2025-11-13 15:10:00,99405.06999999998
2025-11-13 15:15:00,99405.06999999998
2025-11-13 15:20:00,99405.06999999998
2025-11-13 15:25:00,99405.06999999998
2025-11-13 15:30:00,99405.06999999998
2025-11-14 09:15:00,99405.06999999998
2025-11-14 09:20:00,99405.06999999998
2025-11-14 09:25:00,99405.06999999998
2025-11-14 09:30:00,99405.06999999998
2025-11-14 09:35:00,99405.06999999998
2025-11-14 09:40:00,99405.06999999998
2025-11-14 09:45:00,99405.06999999998
2025-11-14 09:50:00,99405.06999999998
2025-11-14 09:55:00,99405.06999999998
2025-11-14 10:00:00,99405.06999999998
2025-11-14 10:05:00,99405.06999999998
2025-11-14 10:10:00,99405.06999999998
2025-11-14 10:15:00,99405.06999999998
2025-11-14 10:20:00,99405.06999999998
2025-11-14 10:25:00,99405.06999999998
2025-11-14 10:30:00,99405.06999999998
2025-11-14 10:35:00,99405.06999999998
2025-11-14 10:40:00,99405.06999999998
2025-11-14 10:45:00,99405.06999999998
2025-11-14 10:50:00,99405.06999999998
2025-11-14 10:55:00,99405.06999999998
2025-11-14 11:00:00,99405.06999999998
2025-11-14 11:05:00,99405.06999999998
2025-11-14 11:10:00,99405.06999999998
2025-11-14 11:15:00,99405.06999999998
2025-11-14 11:20:00,99405.06999999998
2025-11-14 11:25:00,99405.06999999998
2025-11-14 11:30:00,99405.06999999998
2025-11-14 11:35:00,99405.06999999998
2025-11-14 11:40:00,99405.06999999998
2025-11-14 11:45:00,99405.06999999998
2025-11-14 11:50:00,99405.06999999998
2025-11-14 11:55:00,99405.06999999998
2025-11-14 12:00:00,99405.06999999998
2025-11-14 12:05:00,99405.06999999998
2025-11-14 12:10:00,99405.06999999998
2025-11-14 12:15:00,99405.06999999998
2025-11-14 12:20:00,99405.06999999998
2025-11-14 12:25:00,99405.06999999998
2025-11-14 12:30:00,99405.06999999998
2025-11-14 12:35:00,99405.06999999998
2025-11-14 12:40:00,99405.06999999998
2025-11-14 12:45:00,99405.06999999998
2025-11-14 12:50:00,99405.06999999998
2025-11-14 12:55:00,99405.06999999998
2025-11-14 13:00:00,99405.06999999998
2025-11-14 13:05:00,99405.06999999998
2025-11-14 13:10:00,99405.06999999998
2025-11-14 13:15:00,99405.06999999998
2025-11-14 13:20:00,99405.06999999998
2025-11-14 13:25:00,99405.06999999998
2025-11-14 13:30:00,99405.06999999998
2025-11-14 13:35:00,99405.06999999998
2025-11-14 13:40:00,99405.06999999998
2025-11-14 13:45:00,99405.06999999998
2025-11-14 13:50:00,99405.06999999998
2025-11-14 13:55:00,99405.06999999998
2025-11-14 14:00:00,99405.06999999998
2025-11-14 14:05:00,99405.06999999998
2025-11-14 14:10:00,99405.06999999998
2025-11-14 14:15:00,99405.06999999998
2025-11-14 14:20:00,99405.06999999998
2025-11-14 14:25:00,99405.06999999998
2025-11-14 14:30:00,99405.06999999998
2025-11-14 14:35:00,99405.06999999998
2025-11-14 14:40:00,99405.06999999998
2025-11-14 14:45:00,99405.06999999998
2025-11-14 14:50:00,99405.06999999998
2025-11-14 14:55:00,99405.06999999998
2025-11-14 15:00:00,99405.06999999998
2025-11-14 15:05:00,99405.06999999998
2025-11-14 15:10:00,99405.06999999998
2025-11-14 15:15:00,99405.06999999998
2025-11-14 15:20:00,99405.06999999998
2025-11-14 15:25:00,99405.06999999998
2025-11-14 15:30:00,99405.06999999998
2025-11-17 09:15:00,99405.06999999998
2025-11-17 09:20:00,99405.06999999998
2025-11-17 09:25:00,99405.06999999998
2025-11-17 09:30:00,99405.06999999998
2025-11-17 09:35:00,99405.06999999998
2025-11-17 09:40:00,99405.06999999998
2025-11-17 09:45:00,99405.06999999998
2025-11-17 09:50:00,99405.06999999998
2025-11-17 09:55:00,99405.06999999998
2025-11-17 10:00:00,99405.06999999998
2025-11-17 10:05:00,99405.06999999998
2025-11-17 10:10:00,99405.06999999998
2025-11-17 10:15:00,99405.06999999998
2025-11-17 10:20:00,99405.06999999998
2025-11-17 10:25:00,99405.06999999998
2025-11-17 10:30:00,99405.06999999998
2025-11-17 10:35:00,99405.06999999998
2025-11-17 10:40:00,99405.06999999998
2025-11-17 10:45:00,99405.06999999998
2025-11-17 10:50:00,99405.06999999998
2025-11-17 10:55:00,99405.06999999998
2025-11-17 11:00:00,99405.06999999998
2025-11-17 11:05:00,99405.06999999998
2025-11-17 11:10:00,99405.06999999998
2025-11-17 11:15:00,99405.06999999998
2025-11-17 11:20:00,99405.06999999998
2025-11-17 11:25:00,99405.06999999998
2025-11-17 11:30:00,99405.06999999998
2025-11-17 11:35:00,99405.06999999998
2025-11-17 11:40:00,99405.06999999998
2025-11-17 11:45:00,99405.06999999998
2025-11-17 11:50:00,99405.06999999998
2025-11-17 11:55:00,99405.06999999998
2025-11-17 12:00:00,99405.06999999998
2025-11-17 12:05:00,99405.06999999998
2025-11-17 12:10:00,99405.06999999998
2025-11-17 12:15:00,99405.06999999998
2025-11-17 12:20:00,99405.06999999998
2025-11-17 12:25:00,99405.06999999998
2025-11-17 12:30:00,99405.06999999998
2025-11-17 12:35:00,99405.06999999998
2025-11-17 12:40:00,99405.06999999998
2025-11-17 12:45:00,99405.06999999998
2025-11-17 12:50:00,99405.06999999998
2025-11-17 12:55:00,99405.06999999998
2025-11-17 13:00:00,99405.06999999998
2025-11-17 13:05:00,99405.06999999998
2025-11-17 13:10:00,99405.06999999998
2025-11-17 13:15:00,99405.06999999998
2025-11-17 13:20:00,99405.06999999998
2025-11-17 13:25:00,99405.06999999998
2025-11-17 13:30:00,99405.06999999998
2025-11-17 13:35:00,99405.06999999998
2025-11-17 13:40:00,99405.06999999998
2025-11-17 13:45:00,99405.06999999998
2025-11-17 13:50:00,99405.06999999998
2025-11-17 13:55:00,99405.06999999998
2025-11-17 14:00:00,99405.06999999998
2025-11-17 14:05:00,99405.06999999998
2025-11-17 14:10:00,99359.88999999997
2025-11-17 14:15:00,99359.88999999997
2025-11-17 14:20:00,99359.88999999997
2025-11-17 14:25:00,99359.88999999997
2025-11-17 14:30:00,99359.88999999997
2025-11-17 14:35:00,99359.88999999997
2025-11-17 14:40:00,99359.88999999997
2025-11-17 14:45:00,99359.88999999997
2025-11-17 14:50:00,99359.88999999997
2025-11-17 14:55:00,99359.88999999997
2025-11-17 15:00:00,99359.88999999997
2025-11-17 15:05:00,99359.88999999997
2025-11-17 15:10:00,99359.88999999997
2025-11-17 15:15:00,99359.88999999997
2025-11-17 15:20:00,99359.88999999997
2025-11-17 15:25:00,99359.88999999997
2025-11-17 15:30:00,99359.88999999997
2025-11-18 09:15:00,99359.88999999997
2025-11-18 09:20:00,99359.88999999997
2025-11-18 09:25:00,99359.88999999997
2025-11-18 09:30:00,99359.88999999997
2025-11-18 09:35:00,99359.88999999997
2025-11-18 09:40:00,99359.88999999997
2025-11-18 09:45:00,99359.88999999997
2025-11-18 09:50:00,99359.88999999997
2025-11-18 09:55:00,99359.88999999997
2025-11-18 10:00:00,99359.88999999997
2025-11-18 10:05:00,99359.88999999997
2025-11-18 10:10:00,99359.88999999997
2025-11-18 10:15:00,99359.88999999997
2025-11-18 10:20:00,99359.88999999997
2025-11-18 10:25:00,99359.88999999997
2025-11-18 10:30:00,99359.88999999997
2025-11-18 10:35:00,99359.88999999997
2025-11-18 10:40:00,99359.88999999997
2025-11-18 10:45:00,99359.88999999997
2025-11-18 10:50:00,99359.88999999997
2025-11-18 10:55:00,99359.88999999997
2025-11-18 11:00:00,99359.88999999997
2025-11-18 11:05:00,99359.88999999997
2025-11-18 11:10:00,99359.88999999997
2025-11-18 11:15:00,99359.88999999997
2025-11-18 11:20:00,99359.88999999997
2025-11-18 11:25:00,99359.88999999997
2025-11-18 11:30:00,99359.88999999997
2025-11-18 11:35:00,99478.91999999998
2025-11-18 11:40:00,99478.91999999998
2025-11-18 11:45:00,99478.91999999998
2025-11-18 11:50:00,99478.91999999998
2025-11-18 11:55:00,99478.91999999998
2025-11-18 12:00:00,99478.91999999998
2025-11-18 12:05:00,99478.91999999998
2025-11-18 12:10:00,99478.91999999998
2025-11-18 12:15:00,99478.91999999998
2025-11-18 12:20:00,99478.91999999998
2025-11-18 12:25:00,99478.91999999998
2025-11-18 12:30:00,99478.91999999998
2025-11-18 12:35:00,99478.91999999998
2025-11-18 12:40:00,99478.91999999998
2025-11-18 12:45:00,99478.91999999998
2025-11-18 12:50:00,99478.91999999998
2025-11-18 12:55:00,99478.91999999998
2025-11-18 13:00:00,99478.91999999998
2025-11-18 13:05:00,99478.91999999998
2025-11-18 13:10:00,99478.91999999998
2025-11-18 13:15:00,99478.91999999998
2025-11-18 13:20:00,99478.91999999998
2025-11-18 13:25:00,99478.91999999998
2025-11-18 13:30:00,99478.91999999998
2025-11-18 13:35:00,99478.91999999998
2025-11-18 13:40:00,99478.91999999998
2025-11-18 13:45:00,99478.91999999998
2025-11-18 13:50:00,99478.91999999998
2025-11-18 13:55:00,99478.91999999998
2025-11-18 14:00:00,99478.91999999998
2025-11-18 14:05:00,99478.91999999998
2025-11-18 14:10:00,99478.91999999998
2025-11-18 14:15:00,99478.91999999998
2025-11-18 14:20:00,99478.91999999998
2025-11-18 14:25:00,99478.91999999998
2025-11-18 14:30:00,99478.91999999998
2025-11-18 14:35:00,99478.91999999998
2025-11-18 14:40:00,99478.91999999998
2025-11-18 14:45:00,99478.91999999998
2025-11-18 14:50:00,99478.91999999998
2025-11-18 14:55:00,99478.91999999998
2025-11-18 15:00:00,99478.91999999998
2025-11-18 15:05:00,99478.91999999998
2025-11-18 15:10:00,99478.91999999998
2025-11-18 15:15:00,99511.81999999998
2025-11-18 15:20:00,99511.81999999998
2025-11-18 15:25:00,99511.81999999998
2025-11-18 15:30:00,99488.30999999998
2025-11-19 09:15:00,99488.30999999998
2025-11-19 09:20:00,99471.24999999999
2025-11-19 09:25:00,99471.24999999999
2025-11-19 09:30:00,99471.24999999999
2025-11-19 09:35:00,99471.24999999999
2025-11-19 09:40:00,99471.24999999999
2025-11-19 09:45:00,99471.24999999999
2025-11-19 09:50:00,99471.24999999999
2025-11-19 09:55:00,99471.24999999999
2025-11-19 10:00:00,99471.24999999999
2025-11-19 10:05:00,99471.24999999999
2025-11-19 10:10:00,99471.24999999999
2025-11-19 10:15:00,99471.24999999999
2025-11-19 10:20:00,99471.24999999999
2025-11-19 10:25:00,99471.24999999999
2025-11-19 10:30:00,99471.24999999999
2025-11-19 10:35:00,99471.24999999999
2025-11-19 10:40:00,99471.24999999999
2025-11-19 10:45:00,99471.24999999999
2025-11-19 10:50:00,99471.24999999999
2025-11-19 10:55:00,99471.24999999999
2025-11-19 11:00:00,99471.24999999999
2025-11-19 11:05:00,99471.24999999999
2025-11-19 11:10:00,99471.24999999999
2025-11-19 11:15:00,99471.24999999999
2025-11-19 11:20:00,99471.24999999999
2025-11-19 11:25:00,99471.24999999999
2025-11-19 11:30:00,99471.24999999999
2025-11-19 11:35:00,99471.24999999999
2025-11-19 11:40:00,99471.24999999999
2025-11-19 11:45:00,99471.24999999999
2025-11-19 11:50:00,99471.24999999999
2025-11-19 11:55:00,99471.24999999999
2025-11-19 12:00:00,99471.24999999999
2025-11-19 12:05:00,99471.24999999999
2025-11-19 12:10:00,99471.24999999999
2025-11-19 12:15:00,99471.24999999999
2025-11-19 12:20:00,99471.24999999999
2025-11-19 12:25:00,99471.24999999999
2025-11-19 12:30:00,99471.24999999999
2025-11-19 12:35:00,99471.24999999999
2025-11-19 12:40:00,99471.24999999999
2025-11-19 12:45:00,99471.24999999999
2025-11-19 12:50:00,99471.24999999999
2025-11-19 12:55:00,99471.24999999999
2025-11-19 13:00:00,99471.24999999999
2025-11-19 13:05:00,99471.24999999999
2025-11-19 13:10:00,99471.24999999999
2025-11-19 13:15:00,99471.24999999999
2025-11-19 13:20:00,99511.02999999998
2025-11-19 13:25:00,99511.02999999998
2025-11-19 13:30:00,99511.02999999998
2025-11-19 13:35:00,99511.02999999998
2025-11-19 13:40:00,99511.02999999998
2025-11-19 13:45:00,99511.02999999998
2025-11-19 13:50:00,99511.02999999998
2025-11-19 13:55:00,99511.02999999998
2025-11-19 14:00:00,99511.02999999998
2025-11-19 14:05:00,99511.02999999998
2025-11-19 14:10:00,99511.02999999998
2025-11-19 14:15:00,99511.02999999998
2025-11-19 14:20:00,99511.02999999998
2025-11-19 14:25:00,99511.02999999998
2025-11-19 14:30:00,99511.02999999998
2025-11-19 14:35:00,99511.02999999998
2025-11-19 14:40:00,99511.02999999998
2025-11-19 14:45:00,99511.02999999998
2025-11-19 14:50:00,99511.02999999998
2025-11-19 14:55:00,99511.02999999998
2025-11-19 15:00:00,99511.02999999998
2025-11-19 15:05:00,99511.02999999998
2025-11-19 15:10:00,99511.02999999998
2025-11-19 15:15:00,99511.02999999998
2025-11-19 15:20:00,99511.02999999998
2025-11-19 15:25:00,99511.02999999998
2025-11-19 15:30:00,99511.02999999998
2025-11-20 09:15:00,99511.02999999998
2025-11-20 09:20:00,99511.02999999998
2025-11-20 09:25:00,99511.02999999998
2025-11-20 09:30:00,99511.02999999998
2025-11-20 09:35:00,99511.02999999998
2025-11-20 09:40:00,99511.02999999998
2025-11-20 09:45:00,99511.02999999998
2025-11-20 09:50:00,99511.02999999998
2025-11-20 09:55:00,99511.02999999998
2025-11-20 10:00:00,99511.02999999998
2025-11-20 10:05:00,99511.02999999998
2025-11-20 10:10:00,99511.02999999998
2025-11-20 10:15:00,99511.02999999998
2025-11-20 10:20:00,99511.02999999998
2025-11-20 10:25:00,99511.02999999998
2025-11-20 10:30:00,99511.02999999998
2025-11-20 10:35:00,99511.02999999998
2025-11-20 10:40:00,99511.02999999998
2025-11-20 10:45:00,99511.02999999998
2025-11-20 10:50:00,99511.02999999998
2025-11-20 10:55:00,99511.02999999998
2025-11-20 11:00:00,99511.02999999998
2025-11-20 11:05:00,99511.02999999998
2025-11-20 11:10:00,99511.02999999998
2025-11-20 11:15:00,99511.02999999998
2025-11-20 11:20:00,99555.83999999998
2025-11-20 11:25:00,99555.83999999998
2025-11-20 11:30:00,99555.83999999998
2025-11-20 11:35:00,99555.83999999998
2025-11-20 11:40:00,99555.83999999998
2025-11-20 11:45:00,99555.83999999998
2025-11-20 11:50:00,99555.83999999998
2025-11-20 11:55:00,99555.83999999998
2025-11-20 12:00:00,99555.83999999998
2025-11-20 12:05:00,99555.83999999998
2025-11-20 12:10:00,99555.83999999998
2025-11-20 12:15:00,99555.83999999998
2025-11-20 12:20:00,99555.83999999998
2025-11-20 12:25:00,99555.83999999998
2025-11-20 12:30:00,99555.83999999998
2025-11-20 12:35:00,99555.83999999998
2025-11-20 12:40:00,99555.83999999998
2025-11-20 12:45:00,99555.83999999998
2025-11-20 12:50:00,99555.83999999998
2025-11-20 12:55:00,99555.83999999998
2025-11-20 13:00:00,99555.83999999998
2025-11-20 13:05:00,99555.83999999998
2025-11-20 13:10:00,99518.03999999998
2025-11-20 13:15:00,99518.03999999998
2025-11-20 13:20:00,99518.03999999998
2025-11-20 13:25:00,99518.03999999998
2025-11-20 13:30:00,99518.03999999998
2025-11-20 13:35:00,99518.03999999998
2025-11-20 13:40:00,99518.03999999998
2025-11-20 13:45:00,99518.03999999998
2025-11-20 13:50:00,99518.03999999998
2025-11-20 13:55:00,99518.03999999998
2025-11-20 14:00:00,99518.03999999998
2025-11-20 14:05:00,99518.03999999998
2025-11-20 14:10:00,99518.03999999998
2025-11-20 14:15:00,99518.03999999998
2025-11-20 14:20:00,99518.03999999998
2025-11-20 14:25:00,99518.03999999998
2025-11-20 14:30:00,99518.03999999998
2025-11-20 14:35:00,99518.03999999998
2025-11-20 14:40:00,99518.03999999998
2025-11-20 14:45:00,99518.03999999998
2025-11-20 14:50:00,99518.03999999998
2025-11-20 14:55:00,99518.03999999998
2025-11-20 15:00:00,99518.03999999998
2025-11-20 15:05:00,99518.03999999998
2025-11-20 15:10:00,99518.03999999998
2025-11-20 15:15:00,99518.03999999998
2025-11-20 15:20:00,99518.03999999998
2025-11-20 15:25:00,99518.03999999998
2025-11-20 15:30:00,99518.03999999998
2025-11-21 09:15:00,99518.03999999998
2025-11-21 09:20:00,99558.32999999999
2025-11-21 09:25:00,99558.32999999999
2025-11-21 09:30:00,99558.32999999999
2025-11-21 09:35:00,99558.32999999999
2025-11-21 09:40:00,99558.32999999999
2025-11-21 09:45:00,99558.32999999999
2025-11-21 09:50:00,99558.32999999999
2025-11-21 09:55:00,99558.32999999999
2025-11-21 10:00:00,99558.32999999999
2025-11-21 10:05:00,99558.32999999999
2025-11-21 10:10:00,99558.32999999999
2025-11-21 10:15:00,99558.32999999999
2025-11-21 10:20:00,99558.32999999999
2025-11-21 10:25:00,99558.32999999999
2025-11-21 10:30:00,99558.32999999999
2025-11-21 10:35:00,99558.32999999999
2025-11-21 10:40:00,99558.32999999999
2025-11-21 10:45:00,99558.32999999999
2025-11-21 10:50:00,99558.32999999999
2025-11-21 10:55:00,99558.32999999999
2025-11-21 11:00:00,99558.32999999999
2025-11-21 11:05:00,99558.32999999999
2025-11-21 11:10:00,99558.32999999999
2025-11-21 11:15:00,99558.32999999999
2025-11-21 11:20:00,99558.32999999999
2025-11-21 11:25:00,99558.32999999999
2025-11-21 11:30:00,99558.32999999999
2025-11-21 11:35:00,99558.32999999999
2025-11-21 11:40:00,99558.32999999999
2025-11-21 11:45:00,99558.32999999999
2025-11-21 11:50:00,99558.32999999999
2025-11-21 11:55:00,99558.32999999999
2025-11-21 12:00:00,99558.32999999999
2025-11-21 12:05:00,99558.32999999999
2025-11-21 12:10:00,99558.32999999999
2025-11-21 12:15:00,99558.32999999999
2025-11-21 12:20:00,99558.32999999999
2025-11-21 12:25:00,99558.32999999999
2025-11-21 12:30:00,99558.32999999999
2025-11-21 12:35:00,99558.32999999999
2025-11-21 12:40:00,99558.32999999999
2025-11-21 12:45:00,99558.32999999999
2025-11-21 12:50:00,99558.32999999999
2025-11-21 12:55:00,99558.32999999999
2025-11-21 13:00:00,99558.32999999999
2025-11-21 13:05:00,99674.84999999998
2025-11-21 13:10:00,99674.84999999998
2025-11-21 13:15:00,99674.84999999998
2025-11-21 13:20:00,99674.84999999998
2025-11-21 13:25:00,99674.84999999998
2025-11-21 13:30:00,99674.84999999998
2025-11-21 13:35:00,99674.84999999998
2025-11-21 13:40:00,99674.84999999998
2025-11-21 13:45:00,99674.84999999998
2025-11-21 13:50:00,99674.84999999998
2025-11-21 13:55:00,99674.84999999998
2025-11-21 14:00:00,99674.84999999998
2025-11-21 14:05:00,99674.84999999998
2025-11-21 14:10:00,99674.84999999998
2025-11-21 14:15:00,99674.84999999998
2025-11-21 14:20:00,99674.84999999998
2025-11-21 14:25:00,99674.84999999998
2025-11-21 14:30:00,99674.84999999998
2025-11-21 14:35:00,99674.84999999998
2025-11-21 14:40:00,99674.84999999998
2025-11-21 14:45:00,99674.84999999998
2025-11-21 14:50:00,99674.84999999998
2025-11-21 14:55:00,99674.84999999998
2025-11-21 15:00:00,99674.84999999998
2025-11-21 15:05:00,99674.84999999998
2025-11-21 15:10:00,99674.84999999998
2025-11-21 15:15:00,99674.84999999998
2025-11-21 15:20:00,99674.84999999998
2025-11-21 15:25:00,99674.84999999998
2025-11-21 15:30:00,99674.84999999998
2025-11-24 09:15:00,99674.84999999998
2025-11-24 09:20:00,99692.66999999998
2025-11-24 09:25:00,99692.66999999998
2025-11-24 09:30:00,99692.66999999998
2025-11-24 09:35:00,99692.66999999998
2025-11-24 09:40:00,99692.66999999998
2025-11-24 09:45:00,99692.66999999998
2025-11-24 09:50:00,99692.66999999998
2025-11-24 09:55:00,99692.66999999998
2025-11-24 10:00:00,99692.66999999998
2025-11-24 10:05:00,99692.66999999998
2025-11-24 10:10:00,99692.66999999998
2025-11-24 10:15:00,99692.66999999998
2025-11-24 10:20:00,99692.66999999998
2025-11-24 10:25:00,99692.66999999998
2025-11-24 10:30:00,99692.66999999998
2025-11-24 10:35:00,99706.96999999999
2025-11-24 10:40:00,99706.96999999999
2025-11-24 10:45:00,99706.96999999999
2025-11-24 10:50:00,99706.96999999999
2025-11-24 10:55:00,99706.96999999999
2025-11-24 11:00:00,99706.96999999999
2025-11-24 11:05:00,99706.96999999999
2025-11-24 11:10:00,99706.96999999999
2025-11-24 11:15:00,99706.96999999999
2025-11-24 11:20:00,99706.96999999999
2025-11-24 11:25:00,99706.96999999999
2025-11-24 11:30:00,99706.96999999999
2025-11-24 11:35:00,99706.96999999999
2025-11-24 11:40:00,99706.96999999999
2025-11-24 11:45:00,99706.96999999999
2025-11-24 11:50:00,99706.96999999999
2025-11-24 11:55:00,99706.96999999999
2025-11-24 12:00:00,99706.96999999999
2025-11-24 12:05:00,99706.96999999999
2025-11-24 12:10:00,99706.96999999999
2025-11-24 12:15:00,99706.96999999999
2025-11-24 12:20:00,99706.96999999999
2025-11-24 12:25:00,99706.96999999999
2025-11-24 12:30:00,99706.96999999999
2025-11-24 12:35:00,99706.96999999999
2025-11-24 12:40:00,99706.96999999999
2025-11-24 12:45:00,99706.96999999999
2025-11-24 12:50:00,99706.96999999999
2025-11-24 12:55:00,99706.96999999999
2025-11-24 13:00:00,99706.96999999999
2025-11-24 13:05:00,99706.96999999999
2025-11-24 13:10:00,99706.96999999999
2025-11-24 13:15:00,99706.96999999999
2025-11-24 13:20:00,99706.96999999999
2025-11-24 13:25:00,99751.89999999998
2025-11-24 13:30:00,99751.89999999998
2025-11-24 13:35:00,99751.89999999998
2025-11-24 13:40:00,99751.89999999998
2025-11-24 13:45:00,99751.89999999998
2025-11-24 13:50:00,99751.89999999998
2025-11-24 13:55:00,99751.89999999998
2025-11-24 14:00:00,99751.89999999998
2025-11-24 14:05:00,99751.89999999998
2025-11-24 14:10:00,99751.89999999998
2025-11-24 14:15:00,99751.89999999998
2025-11-24 14:20:00,99751.89999999998
2025-11-24 14:25:00,99751.89999999998
2025-11-24 14:30:00,99751.89999999998
2025-11-24 14:35:00,99751.89999999998
2025-11-24 14:40:00,99751.89999999998
2025-11-24 14:45:00,99751.89999999998
2025-11-24 14:50:00,99751.89999999998
2025-11-24 14:55:00,99751.89999999998
2025-11-24 15:00:00,99751.89999999998
2025-11-24 15:05:00,99751.89999999998
2025-11-24 15:10:00,99751.89999999998
2025-11-24 15:15:00,99751.89999999998
2025-11-24 15:20:00,99751.89999999998
2025-11-24 15:25:00,99751.89999999998
2025-11-24 15:30:00,99751.89999999998
2025-11-25 09:15:00,99751.89999999998
2025-11-25 09:20:00,99751.89999999998
2025-11-25 09:25:00,99751.89999999998
2025-11-25 09:30:00,99751.89999999998
2025-11-25 09:35:00,99751.89999999998
2025-11-25 09:40:00,99751.89999999998
2025-11-25 09:45:00,99751.89999999998
2025-11-25 09:50:00,99751.89999999998
2025-11-25 09:55:00,99751.89999999998
2025-11-25 10:00:00,99751.89999999998
2025-11-25 10:05:00,99751.89999999998
2025-11-25 10:10:00,99751.89999999998
2025-11-25 10:15:00,99751.89999999998
2025-11-25 10:20:00,99751.89999999998
2025-11-25 10:25:00,99751.89999999998
2025-11-25 10:30:00,99751.89999999998
2025-11-25 10:35:00,99751.89999999998
2025-11-25 10:40:00,99751.89999999998
2025-11-25 10:45:00,99751.89999999998
2025-11-25 10:50:00,99751.89999999998
2025-11-25 10:55:00,99751.89999999998
2025-11-25 11:00:00,99751.89999999998
2025-11-25 11:05:00,99751.89999999998
2025-11-25 11:10:00,99751.89999999998
2025-11-25 11:15:00,99751.89999999998
2025-11-25 11:20:00,99751.89999999998
2025-11-25 11:25:00,99751.89999999998
2025-11-25 11:30:00,99751.89999999998
2025-11-25 11:35:00,99751.89999999998
2025-11-25 11:40:00,99751.89999999998
2025-11-25 11:45:00,99751.89999999998
2025-11-25 11:50:00,99751.89999999998
2025-11-25 11:55:00,99734.95999999998
2025-11-25 12:00:00,99734.95999999998
2025-11-25 12:05:00,99734.95999999998
2025-11-25 12:10:00,99734.95999999998
2025-11-25 12:15:00,99734.95999999998
2025-11-25 12:20:00,99734.95999999998
2025-11-25 12:25:00,99734.95999999998
2025-11-25 12:30:00,99734.95999999998
2025-11-25 12:35:00,99734.95999999998
2025-11-25 12:40:00,99734.95999999998
2025-11-25 12:45:00,99734.95999999998
2025-11-25 12:50:00,99734.95999999998
2025-11-25 12:55:00,99734.95999999998
2025-11-25 13:00:00,99734.95999999998
2025-11-25 13:05:00,99734.95999999998
2025-11-25 13:10:00,99734.95999999998
2025-11-25 13:15:00,99734.95999999998
2025-11-25 13:20:00,99734.95999999998
2025-11-25 13:25:00,99734.95999999998
2025-11-25 13:30:00,99734.95999999998
2025-11-25 13:35:00,99720.27999999997
2025-11-25 13:40:00,99720.27999999997
2025-11-25 13:45:00,99720.27999999997
2025-11-25 13:50:00,99720.27999999997
2025-11-25 13:55:00,99720.27999999997
2025-11-25 14:00:00,99720.27999999997
2025-11-25 14:05:00,99720.27999999997
2025-11-25 14:10:00,99720.27999999997
2025-11-25 14:15:00,99720.27999999997
2025-11-25 14:20:00,99720.27999999997
2025-11-25 14:25:00,99720.27999999997
2025-11-25 14:30:00,99720.27999999997
2025-11-25 14:35:00,99720.27999999997
2025-11-25 14:40:00,99720.27999999997
2025-11-25 14:45:00,99720.27999999997
2025-11-25 14:50:00,99720.27999999997
2025-11-25 14:55:00,99720.27999999997
2025-11-25 15:00:00,99720.27999999997
2025-11-25 15:05:00,99720.27999999997
2025-11-25 15:10:00,99720.27999999997
2025-11-25 15:15:00,99720.27999999997
2025-11-25 15:20:00,99720.27999999997
2025-11-25 15:25:00,99720.27999999997
2025-11-25 15:30:00,99720.27999999997
2025-11-26 09:15:00,99720.27999999997
2025-11-26 09:20:00,99720.27999999997
2025-11-26 09:25:00,99720.27999999997
2025-11-26 09:30:00,99720.27999999997
2025-11-26 09:35:00,99720.27999999997
2025-11-26 09:40:00,99720.27999999997
2025-11-26 09:45:00,99720.27999999997
2025-11-26 09:50:00,99720.27999999997
2025-11-26 09:55:00,99720.27999999997
2025-11-26 10:00:00,99720.27999999997
2025-11-26 10:05:00,99720.27999999997
2025-11-26 10:10:00,99720.27999999997
2025-11-26 10:15:00,99720.27999999997
2025-11-26 10:20:00,99720.27999999997
2025-11-26 10:25:00,99720.27999999997
2025-11-26 10:30:00,99720.27999999997
2025-11-26 10:35:00,99720.27999999997
2025-11-26 10:40:00,99720.27999999997
2025-11-26 10:45:00,99720.27999999997
2025-11-26 10:50:00,99720.27999999997
2025-11-26 10:55:00,99720.27999999997
2025-11-26 11:00:00,99720.27999999997
2025-11-26 11:05:00,99720.27999999997
2025-11-26 11:10:00,99720.27999999997
2025-11-26 11:15:00,99720.27999999997
2025-11-26 11:20:00,99720.27999999997
2025-11-26 11:25:00,99720.27999999997
2025-11-26 11:30:00,99720.27999999997
2025-11-26 11:35:00,99720.27999999997
2025-11-26 11:40:00,99720.27999999997
2025-11-26 11:45:00,99720.27999999997
2025-11-26 11:50:00,99720.27999999997
2025-11-26 11:55:00,99720.27999999997
2025-11-26 12:00:00,99720.27999999997
2025-11-26 12:05:00,99720.27999999997
2025-11-26 12:10:00,99720.27999999997
2025-11-26 12:15:00,99720.27999999997
2025-11-26 12:20:00,99720.27999999997
2025-11-26 12:25:00,99720.27999999997
2025-11-26 12:30:00,99720.27999999997
2025-11-26 12:35:00,99831.99999999997
2025-11-26 12:40:00,99831.99999999997
2025-11-26 12:45:00,99831.99999999997
2025-11-26 12:50:00,99831.99999999997
2025-11-26 12:55:00,99831.99999999997
2025-11-26 13:00:00,99831.99999999997
2025-11-26 13:05:00,99831.99999999997
2025-11-26 13:10:00,99831.99999999997
2025-11-26 13:15:00,99831.99999999997
2025-11-26 13:20:00,99831.99999999997
2025-11-26 13:25:00,99831.99999999997
2025-11-26 13:30:00,99831.99999999997
2025-11-26 13:35:00,99831.99999999997
2025-11-26 13:40:00,99831.99999999997
2025-11-26 13:45:00,99831.99999999997
2025-11-26 13:50:00,99831.99999999997
2025-11-26 13:55:00,99831.99999999997
2025-11-26 14:00:00,99831.99999999997
2025-11-26 14:05:00,99831.99999999997
2025-11-26 14:10:00,99831.99999999997
2025-11-26 14:15:00,99831.99999999997
2025-11-26 14:20:00,99831.99999999997
2025-11-26 14:25:00,99831.99999999997
2025-11-26 14:30:00,99831.99999999997
2025-11-26 14:35:00,99831.99999999997
2025-11-26 14:40:00,99831.99999999997
2025-11-26 14:45:00,99831.99999999997
2025-11-26 14:50:00,99831.99999999997
2025-11-26 14:55:00,99831.99999999997
2025-11-26 15:00:00,99831.99999999997
2025-11-26 15:05:00,99831.99999999997
2025-11-26 15:10:00,99831.99999999997
2025-11-26 15:15:00,99831.99999999997
2025-11-26 15:20:00,99831.99999999997
2025-11-26 15:25:00,99831.99999999997
2025-11-26 15:30:00,99831.99999999997
2025-11-27 09:15:00,99831.99999999997
2025-11-27 09:20:00,99831.99999999997
2025-11-27 09:25:00,99831.99999999997
2025-11-27 09:30:00,99831.99999999997
2025-11-27 09:35:00,99831.99999999997
2025-11-27 09:40:00,99831.99999999997
2025-11-27 09:45:00,99831.99999999997
2025-11-27 09:50:00,99831.99999999997
2025-11-27 09:55:00,99831.99999999997
2025-11-27 10:00:00,99831.99999999997
2025-11-27 10:05:00,99831.99999999997
2025-11-27 10:10:00,99831.99999999997
2025-11-27 10:15:00,99831.99999999997
2025-11-27 10:20:00,99831.99999999997
2025-11-27 10:25:00,99831.99999999997
2025-11-27 10:30:00,99831.99999999997
2025-11-27 10:35:00,99831.99999999997
2025-11-27 10:40:00,99831.99999999997
2025-11-27 10:45:00,99831.99999999997
2025-11-27 10:50:00,99831.99999999997
2025-11-27 10:55:00,99831.99999999997
2025-11-27 11:00:00,99831.99999999997
2025-11-27 11:05:00,99842.66999999998
2025-11-27 11:10:00,99842.66999999998
2025-11-27 11:15:00,99842.66999999998
2025-11-27 11:20:00,99842.66999999998
2025-11-27 11:25:00,99842.66999999998
2025-11-27 11:30:00,99842.66999999998
2025-11-27 11:35:00,99842.66999999998
2025-11-27 11:40:00,99842.66999999998
2025-11-27 11:45:00,99842.66999999998
2025-11-27 11:50:00,99842.66999999998
2025-11-27 11:55:00,99842.66999999998
2025-11-27 12:00:00,99842.66999999998
2025-11-27 12:05:00,99842.66999999998
2025-11-27 12:10:00,99842.66999999998
2025-11-27 12:15:00,99842.66999999998
2025-11-27 12:20:00,99820.77999999998
2025-11-27 12:25:00,99820.77999999998
2025-11-27 12:30:00,99820.77999999998
2025-11-27 12:35:00,99820.77999999998
2025-11-27 12:40:00,99820.77999999998
2025-11-27 12:45:00,99820.77999999998
2025-11-27 12:50:00,99820.77999999998
2025-11-27 12:55:00,99820.77999999998
2025-11-27 13:00:00,99820.77999999998
2025-11-27 13:05:00,99820.77999999998
2025-11-27 13:10:00,99820.77999999998
2025-11-27 13:15:00,99820.77999999998
2025-11-27 13:20:00,99820.77999999998
2025-11-27 13:25:00,99820.77999999998
2025-11-27 13:30:00,99820.77999999998
2025-11-27 13:35:00,99820.77999999998
2025-11-27 13:40:00,99820.77999999998
2025-11-27 13:45:00,99820.77999999998
2025-11-27 13:50:00,99820.77999999998
2025-11-27 13:55:00,99820.77999999998
2025-11-27 14:00:00,99820.77999999998
2025-11-27 14:05:00,99820.77999999998
2025-11-27 14:10:00,99820.77999999998
2025-11-27 14:15:00,99820.77999999998
2025-11-27 14:20:00,99820.77999999998
2025-11-27 14:25:00,99820.77999999998
2025-11-27 14:30:00,99820.77999999998
2025-11-27 14:35:00,99820.77999999998
2025-11-27 14:40:00,99820.77999999998
2025-11-27 14:45:00,99820.77999999998
2025-11-27 14:50:00,99820.77999999998
2025-11-27 14:55:00,99820.77999999998
2025-11-27 15:00:00,99820.77999999998
2025-11-27 15:05:00,99820.77999999998
2025-11-27 15:10:00,99820.77999999998
2025-11-27 15:15:00,99820.77999999998
2025-11-27 15:20:00,99820.77999999998
2025-11-27 15:25:00,99820.77999999998
2025-11-27 15:30:00,99820.77999999998
2025-11-28 09:15:00,99820.77999999998
2025-11-28 09:20:00,99820.77999999998
2025-11-28 09:25:00,99820.77999999998
2025-11-28 09:30:00,99820.77999999998
2025-11-28 09:35:00,99820.77999999998
2025-11-28 09:40:00,99820.77999999998
2025-11-28 09:45:00,99820.77999999998
2025-11-28 09:50:00,99820.77999999998
2025-11-28 09:55:00,99820.77999999998
2025-11-28 10:00:00,99820.77999999998
2025-11-28 10:05:00,99783.49999999997
2025-11-28 10:10:00,99783.49999999997
2025-11-28 10:15:00,99783.49999999997
2025-11-28 10:20:00,99783.49999999997
2025-11-28 10:25:00,99783.49999999997
2025-11-28 10:30:00,99783.49999999997
2025-11-28 10:35:00,99783.49999999997
2025-11-28 10:40:00,99783.49999999997
2025-11-28 10:45:00,99783.49999999997
2025-11-28 10:50:00,99783.49999999997
2025-11-28 10:55:00,99783.49999999997
2025-11-28 11:00:00,99783.49999999997
2025-11-28 11:05:00,99783.49999999997
2025-11-28 11:10:00,99783.49999999997
2025-11-28 11:15:00,99783.49999999997
2025-11-28 11:20:00,99783.49999999997
2025-11-28 11:25:00,99783.49999999997
2025-11-28 11:30:00,99783.49999999997
2025-11-28 11:35:00,99783.49999999997
2025-11-28 11:40:00,99783.49999999997
2025-11-28 11:45:00,99783.49999999997
2025-11-28 11:50:00,99783.49999999997
2025-11-28 11:55:00,99783.49999999997
2025-11-28 12:00:00,99783.49999999997
2025-11-28 12:05:00,99783.49999999997
2025-11-28 12:10:00,99783.49999999997
2025-11-28 12:15:00,99783.49999999997
2025-11-28 12:20:00,99783.49999999997
2025-11-28 12:25:00,99783.49999999997
2025-11-28 12:30:00,99783.49999999997
2025-11-28 12:35:00,99783.49999999997
2025-11-28 12:40:00,99783.49999999997
2025-11-28 12:45:00,99783.49999999997
2025-11-28 12:50:00,99783.49999999997
2025-11-28 12:55:00,99783.49999999997
2025-11-28 13:00:00,99783.49999999997
2025-11-28 13:05:00,99783.49999999997
2025-11-28 13:10:00,99783.49999999997
2025-11-28 13:15:00,99783.49999999997
2025-11-28 13:20:00,99783.49999999997
2025-11-28 13:25:00,99783.49999999997
2025-11-28 13:30:00,99783.49999999997
2025-11-28 13:35:00,99783.49999999997
2025-11-28 13:40:00,99783.49999999997
2025-11-28 13:45:00,99783.49999999997
2025-11-28 13:50:00,99783.49999999997
2025-11-28 13:55:00,99783.49999999997
2025-11-28 14:00:00,99783.49999999997
2025-11-28 14:05:00,99783.49999999997
2025-11-28 14:10:00,99783.49999999997
2025-11-28 14:15:00,99783.49999999997
2025-11-28 14:20:00,99783.49999999997
2025-11-28 14:25:00,99783.49999999997
2025-11-28 14:30:00,99783.49999999997
2025-11-28 14:35:00,99783.49999999997
2025-11-28 14:40:00,99783.49999999997
2025-11-28 14:45:00,99783.49999999997
2025-11-28 14:50:00,99783.49999999997
2025-11-28 14:55:00,99783.49999999997
2025-11-28 15:00:00,99783.49999999997
2025-11-28 15:05:00,99783.49999999997
2025-11-28 15:10:00,99783.49999999997
2025-11-28 15:15:00,99783.49999999997
2025-11-28 15:20:00,99783.49999999997
2025-11-28 15:25:00,99783.49999999997
2025-11-28 15:30:00,99783.49999999997
2025-12-01 09:15:00,99783.49999999997
2025-12-01 09:20:00,99783.49999999997
2025-12-01 09:25:00,99783.49999999997
2025-12-01 09:30:00,99783.49999999997
2025-12-01 09:35:00,99783.49999999997
2025-12-01 09:40:00,99783.49999999997
2025-12-01 09:45:00,99783.49999999997
2025-12-01 09:50:00,99783.49999999997
2025-12-01 09:55:00,99783.49999999997
2025-12-01 10:00:00,99783.49999999997
2025-12-01 10:05:00,99783.49999999997
2025-12-01 10:10:00,99783.49999999997
2025-12-01 10:15:00,99783.49999999997
2025-12-01 10:20:00,99783.49999999997
2025-12-01 10:25:00,99783.49999999997
2025-12-01 10:30:00,99783.49999999997
2025-12-01 10:35:00,99783.49999999997
2025-12-01 10:40:00,99783.49999999997
2025-12-01 10:45:00,99783.49999999997
2025-12-01 10:50:00,99783.49999999997
2025-12-01 10:55:00,99783.49999999997
2025-12-01 11:00:00,99783.49999999997
2025-12-01 11:05:00,99783.49999999997
2025-12-01 11:10:00,99783.49999999997
2025-12-01 11:15:00,99783.49999999997
2025-12-01 11:20:00,99783.49999999997
2025-12-01 11:25:00,99783.49999999997
2025-12-01 11:30:00,99783.49999999997
2025-12-01 11:35:00,99783.49999999997
2025-12-01 11:40:00,99783.49999999997
2025-12-01 11:45:00,99783.49999999997
2025-12-01 11:50:00,99783.49999999997
2025-12-01 11:55:00,99783.49999999997
2025-12-01 12:00:00,99783.49999999997
2025-12-01 12:05:00,99783.49999999997
2025-12-01 12:10:00,99783.49999999997
2025-12-01 12:15:00,99783.49999999997
2025-12-01 12:20:00,99783.49999999997
2025-12-01 12:25:00,99783.49999999997
2025-12-01 12:30:00,99783.49999999997
2025-12-01 12:35:00,99783.49999999997
2025-12-01 12:40:00,99783.49999999997
2025-12-01 12:45:00,99783.49999999997
2025-12-01 12:50:00,99783.49999999997
2025-12-01 12:55:00,99783.49999999997
2025-12-01 13:00:00,99783.49999999997
2025-12-01 13:05:00,99783.49999999997
2025-12-01 13:10:00,99783.49999999997
2025-12-01 13:15:00,99783.49999999997
2025-12-01 13:20:00,99783.49999999997
2025-12-01 13:25:00,99783.49999999997
2025-12-01 13:30:00,99783.49999999997
2025-12-01 13:35:00,99783.49999999997
2025-12-01 13:40:00,99783.49999999997
2025-12-01 13:45:00,99783.49999999997
2025-12-01 13:50:00,99783.49999999997
2025-12-01 13:55:00,99783.49999999997
2025-12-01 14:00:00,99783.49999999997
2025-12-01 14:05:00,99783.49999999997
2025-12-01 14:10:00,99783.49999999997
2025-12-01 14:15:00,99783.49999999997
2025-12-01 14:20:00,99783.49999999997
2025-12-01 14:25:00,99783.49999999997
2025-12-01 14:30:00,99783.49999999997
2025-12-01 14:35:00,99783.49999999997
2025-12-01 14:40:00,99783.49999999997
2025-12-01 14:45:00,99783.49999999997
2025-12-01 14:50:00,99783.49999999997
2025-12-01 14:55:00,99783.49999999997
2025-12-01 15:00:00,99783.49999999997
2025-12-01 15:05:00,99783.49999999997
2025-12-01 15:10:00,99783.49999999997
2025-12-01 15:15:00,99783.49999999997
2025-12-01 15:20:00,99783.49999999997
2025-12-01 15:25:00,99783.49999999997
2025-12-01 15:30:00,99783.49999999997
2025-12-02 09:15:00,99783.49999999997
2025-12-02 09:20:00,99783.49999999997
2025-12-02 09:25:00,99783.49999999997
2025-12-02 09:30:00,99783.49999999997
2025-12-02 09:35:00,99783.49999999997
2025-12-02 09:40:00,99783.49999999997
2025-12-02 09:45:00,99783.49999999997
2025-12-02 09:50:00,99783.49999999997
2025-12-02 09:55:00,99783.49999999997
2025-12-02 10:00:00,99783.49999999997
2025-12-02 10:05:00,99783.49999999997
2025-12-02 10:10:00,99783.49999999997
2025-12-02 10:15:00,99783.49999999997
2025-12-02 10:20:00,99783.49999999997
2025-12-02 10:25:00,99783.49999999997
2025-12-02 10:30:00,99783.49999999997
2025-12-02 10:35:00,99783.49999999997
2025-12-02 10:40:00,99783.49999999997
2025-12-02 10:45:00,99783.49999999997
2025-12-02 10:50:00,99783.49999999997
2025-12-02 10:55:00,99783.49999999997
2025-12-02 11:00:00,99783.49999999997
2025-12-02 11:05:00,99783.49999999997
2025-12-02 11:10:00,99783.49999999997
2025-12-02 11:15:00,99783.49999999997
2025-12-02 11:20:00,99783.49999999997
2025-12-02 11:25:00,99783.49999999997
2025-12-02 11:30:00,99783.49999999997
2025-12-02 11:35:00,99783.49999999997
2025-12-02 11:40:00,99783.49999999997
2025-12-02 11:45:00,99783.49999999997
2025-12-02 11:50:00,99783.49999999997
2025-12-02 11:55:00,99783.49999999997
2025-12-02 12:00:00,99783.49999999997
2025-12-02 12:05:00,99783.49999999997
2025-12-02 12:10:00,99783.49999999997
2025-12-02 12:15:00,99783.49999999997
2025-12-02 12:20:00,99783.49999999997
2025-12-02 12:25:00,99783.49999999997
2025-12-02 12:30:00,99783.49999999997
2025-12-02 12:35:00,99783.49999999997
2025-12-02 12:40:00,99783.49999999997
2025-12-02 12:45:00,99783.49999999997
2025-12-02 12:50:00,99783.49999999997
2025-12-02 12:55:00,99783.49999999997
2025-12-02 13:00:00,99783.49999999997
2025-12-02 13:05:00,99783.49999999997
2025-12-02 13:10:00,99783.49999999997
2025-12-02 13:15:00,99783.49999999997
2025-12-02 13:20:00,99783.49999999997
2025-12-02 13:25:00,99783.49999999997
2025-12-02 13:30:00,99783.49999999997
2025-12-02 13:35:00,99783.49999999997
2025-12-02 13:40:00,99783.49999999997
2025-12-02 13:45:00,99783.49999999997
2025-12-02 13:50:00,99783.49999999997
2025-12-02 13:55:00,99783.49999999997
2025-12-02 14:00:00,99783.49999999997
2025-12-02 14:05:00,99783.49999999997
2025-12-02 14:10:00,99783.49999999997
2025-12-02 14:15:00,99783.49999999997
2025-12-02 14:20:00,99783.49999999997
2025-12-02 14:25:00,99783.49999999997
2025-12-02 14:30:00,99783.49999999997
2025-12-02 14:35:00,99783.49999999997
2025-12-02 14:40:00,99783.49999999997
2025-12-02 14:45:00,99783.49999999997
2025-12-02 14:50:00,99783.49999999997
2025-12-02 14:55:00,99783.49999999997
2025-12-02 15:00:00,99783.49999999997
2025-12-02 15:05:00,99783.49999999997
2025-12-02 15:10:00,99783.49999999997
2025-12-02 15:15:00,99783.49999999997
2025-12-02 15:20:00,99783.49999999997
2025-12-02 15:25:00,99783.49999999997
2025-12-02 15:30:00,99783.49999999997
2025-12-03 09:15:00,99783.49999999997
2025-12-03 09:20:00,99783.49999999997
2025-12-03 09:25:00,99783.49999999997
2025-12-03 09:30:00,99783.49999999997
2025-12-03 09:35:00,99783.49999999997
2025-12-03 09:40:00,99783.49999999997
2025-12-03 09:45:00,99783.49999999997
2025-12-03 09:50:00,99783.49999999997
2025-12-03 09:55:00,99783.49999999997
2025-12-03 10:00:00,99783.49999999997
2025-12-03 10:05:00,99783.49999999997
2025-12-03 10:10:00,99783.49999999997
2025-12-03 10:15:00,99783.49999999997
2025-12-03 10:20:00,99783.49999999997
2025-12-03 10:25:00,99783.49999999997
2025-12-03 10:30:00,99783.49999999997
2025-12-03 10:35:00,99783.49999999997
2025-12-03 10:40:00,99783.49999999997
2025-12-03 10:45:00,99783.49999999997
2025-12-03 10:50:00,99783.49999999997
2025-12-03 10:55:00,99783.49999999997
2025-12-03 11:00:00,99783.49999999997
2025-12-03 11:05:00,99783.49999999997
2025-12-03 11:10:00,99783.49999999997
2025-12-03 11:15:00,99783.49999999997
2025-12-03 11:20:00,99783.49999999997
2025-12-03 11:25:00,99783.49999999997
2025-12-03 11:30:00,99783.49999999997
2025-12-03 11:35:00,99783.49999999997
2025-12-03 11:40:00,99783.49999999997
2025-12-03 11:45:00,99783.49999999997
2025-12-03 11:50:00,99783.49999999997
2025-12-03 11:55:00,99783.49999999997
2025-12-03 12:00:00,99783.49999999997
2025-12-03 12:05:00,99783.49999999997
2025-12-03 12:10:00,99783.49999999997
2025-12-03 12:15:00,99783.49999999997
2025-12-03 12:20:00,99783.49999999997
2025-12-03 12:25:00,99783.49999999997
2025-12-03 12:30:00,99783.49999999997
2025-12-03 12:35:00,99783.49999999997
2025-12-03 12:40:00,99783.49999999997
2025-12-03 12:45:00,99783.49999999997
2025-12-03 12:50:00,99783.49999999997
2025-12-03 12:55:00,99783.49999999997
2025-12-03 13:00:00,99783.49999999997
2025-12-03 13:05:00,99783.49999999997
2025-12-03 13:10:00,99783.49999999997
2025-12-03 13:15:00,99783.49999999997
2025-12-03 13:20:00,99783.49999999997
2025-12-03 13:25:00,99783.49999999997
2025-12-03 13:30:00,99783.49999999997
2025-12-03 13:35:00,99783.49999999997
2025-12-03 13:40:00,99783.49999999997
2025-12-03 13:45:00,99783.49999999997
2025-12-03 13:50:00,99783.49999999997
2025-12-03 13:55:00,99783.49999999997
2025-12-03 14:00:00,99783.49999999997
2025-12-03 14:05:00,99783.49999999997
2025-12-03 14:10:00,99783.49999999997
2025-12-03 14:15:00,99783.49999999997
2025-12-03 14:20:00,99783.49999999997
2025-12-03 14:25:00,99783.49999999997
2025-12-03 14:30:00,99783.49999999997
2025-12-03 14:35:00,99783.49999999997
2025-12-03 14:40:00,99783.49999999997
2025-12-03 14:45:00,99783.49999999997
2025-12-03 14:50:00,99783.49999999997
2025-12-03 14:55:00,99783.49999999997
2025-12-03 15:00:00,99783.49999999997
2025-12-03 15:05:00,99783.49999999997
2025-12-03 15:10:00,99783.49999999997
2025-12-03 15:15:00,99783.49999999997
2025-12-03 15:20:00,99783.49999999997
2025-12-03 15:25:00,99783.49999999997
2025-12-03 15:30:00,99783.49999999997
2025-12-04 09:15:00,99783.49999999997
2025-12-04 09:20:00,99783.49999999997
2025-12-04 09:25:00,99783.49999999997
2025-12-04 09:30:00,99783.49999999997
2025-12-04 09:35:00,99783.49999999997
2025-12-04 09:40:00,99783.49999999997
2025-12-04 09:45:00,99783.49999999997
2025-12-04 09:50:00,99783.49999999997
2025-12-04 09:55:00,99783.49999999997
2025-12-04 10:00:00,99783.49999999997
2025-12-04 10:05:00,99783.49999999997
2025-12-04 10:10:00,99783.49999999997
2025-12-04 10:15:00,99783.49999999997
2025-12-04 10:20:00,99783.49999999997
2025-12-04 10:25:00,99783.49999999997
2025-12-04 10:30:00,99783.49999999997
2025-12-04 10:35:00,99783.49999999997
2025-12-04 10:40:00,99783.49999999997
2025-12-04 10:45:00,99783.49999999997
2025-12-04 10:50:00,99783.49999999997
2025-12-04 10:55:00,99783.49999999997
2025-12-04 11:00:00,99783.49999999997
2025-12-04 11:05:00,99783.49999999997
2025-12-04 11:10:00,99783.49999999997
2025-12-04 11:15:00,99783.49999999997
2025-12-04 11:20:00,99783.49999999997
2025-12-04 11:25:00,99783.49999999997
2025-12-04 11:30:00,99783.49999999997
2025-12-04 11:35:00,99783.49999999997
2025-12-04 11:40:00,99783.49999999997
2025-12-04 11:45:00,99783.49999999997
2025-12-04 11:50:00,99783.49999999997
2025-12-04 11:55:00,99783.49999999997
2025-12-04 12:00:00,99783.49999999997
2025-12-04 12:05:00,99783.49999999997
2025-12-04 12:10:00,99783.49999999997
2025-12-04 12:15:00,99783.49999999997
2025-12-04 12:20:00,99783.49999999997
2025-12-04 12:25:00,99783.49999999997
2025-12-04 12:30:00,99783.49999999997
2025-12-04 12:35:00,99783.49999999997
2025-12-04 12:40:00,99783.49999999997
2025-12-04 12:45:00,99783.49999999997
2025-12-04 12:50:00,99783.49999999997
2025-12-04 12:55:00,99783.49999999997
2025-12-04 13:00:00,99783.49999999997
2025-12-04 13:05:00,99783.49999999997
2025-12-04 13:10:00,99783.49999999997
2025-12-04 13:15:00,99783.49999999997
2025-12-04 13:20:00,99783.49999999997
2025-12-04 13:25:00,99783.49999999997
2025-12-04 13:30:00,99783.49999999997
2025-12-04 13:35:00,99783.49999999997
2025-12-04 13:40:00,99783.49999999997
2025-12-04 13:45:00,99783.49999999997
2025-12-04 13:50:00,99783.49999999997
2025-12-04 13:55:00,99783.49999999997
2025-12-04 14:00:00,99783.49999999997
2025-12-04 14:05:00,99783.49999999997
2025-12-04 14:10:00,99783.49999999997
2025-12-04 14:15:00,99783.49999999997
2025-12-04 14:20:00,99783.49999999997
2025-12-04 14:25:00,99783.49999999997
2025-12-04 14:30:00,99783.49999999997
2025-12-04 14:35:00,99783.49999999997
2025-12-04 14:40:00,99783.49999999997
2025-12-04 14:45:00,99783.49999999997
2025-12-04 14:50:00,99783.49999999997
2025-12-04 14:55:00,99783.49999999997
2025-12-04 15:00:00,99783.49999999997
2025-12-04 15:05:00,99783.49999999997
2025-12-04 15:10:00,99783.49999999997
2025-12-04 15:15:00,99783.49999999997
2025-12-04 15:20:00,99783.49999999997
2025-12-04 15:25:00,99783.49999999997
2025-12-04 15:30:00,99783.49999999997
2025-12-05 09:15:00,99783.49999999997
2025-12-05 09:20:00,99783.49999999997
2025-12-05 09:25:00,99783.49999999997
2025-12-05 09:30:00,99783.49999999997
2025-12-05 09:35:00,99783.49999999997
2025-12-05 09:40:00,99783.49999999997
2025-12-05 09:45:00,99783.49999999997
2025-12-05 09:50:00,99783.49999999997
2025-12-05 09:55:00,99783.49999999997
2025-12-05 10:00:00,99783.49999999997
2025-12-05 10:05:00,99783.49999999997
2025-12-05 10:10:00,99783.49999999997
2025-12-05 10:15:00,99783.49999999997
2025-12-05 10:20:00,99783.49999999997
2025-12-05 10:25:00,99783.49999999997
2025-12-05 10:30:00,99783.49999999997
2025-12-05 10:35:00,99783.49999999997
2025-12-05 10:40:00,99783.49999999997
2025-12-05 10:45:00,99783.49999999997
2025-12-05 10:50:00,99783.49999999997
2025-12-05 10:55:00,99783.49999999997
2025-12-05 11:00:00,99783.49999999997
2025-12-05 11:05:00,99783.49999999997
2025-12-05 11:10:00,99783.49999999997
2025-12-05 11:15:00,99783.49999999997
2025-12-05 11:20:00,99783.49999999997
2025-12-05 11:25:00,99783.49999999997
2025-12-05 11:30:00,99783.49999999997
2025-12-05 11:35:00,99783.49999999997
2025-12-05 11:40:00,99783.49999999997
2025-12-05 11:45:00,99783.49999999997
2025-12-05 11:50:00,99783.49999999997
2025-12-05 11:55:00,99783.49999999997
2025-12-05 12:00:00,99783.49999999997
2025-12-05 12:05:00,99783.49999999997
2025-12-05 12:10:00,99783.49999999997
2025-12-05 12:15:00,99783.49999999997
2025-12-05 12:20:00,99783.49999999997
2025-12-05 12:25:00,99783.49999999997
2025-12-05 12:30:00,99783.49999999997
2025-12-05 12:35:00,99783.49999999997
2025-12-05 12:40:00,99783.49999999997
2025-12-05 12:45:00,99783.49999999997
2025-12-05 12:50:00,99783.49999999997
2025-12-05 12:55:00,99783.49999999997
2025-12-05 13:00:00,99783.49999999997
2025-12-05 13:05:00,99783.49999999997
2025-12-05 13:10:00,99783.49999999997
2025-12-05 13:15:00,99783.49999999997
2025-12-05 13:20:00,99783.49999999997
2025-12-05 13:25:00,99783.49999999997
2025-12-05 13:30:00,99783.49999999997
2025-12-05 13:35:00,99783.49999999997
2025-12-05 13:40:00,99783.49999999997
2025-12-05 13:45:00,99783.49999999997
2025-12-05 13:50:00,99783.49999999997
2025-12-05 13:55:00,99783.49999999997
2025-12-05 14:00:00,99783.49999999997
2025-12-05 14:05:00,99783.49999999997
2025-12-05 14:10:00,99783.49999999997
2025-12-05 14:15:00,99783.49999999997
2025-12-05 14:20:00,99783.49999999997
2025-12-05 14:25:00,99783.49999999997
2025-12-05 14:30:00,99783.49999999997
2025-12-05 14:35:00,99783.49999999997
2025-12-05 14:40:00,99783.49999999997
2025-12-05 14:45:00,99783.49999999997
2025-12-05 14:50:00,99783.49999999997
2025-12-05 14:55:00,99783.49999999997
2025-12-05 15:00:00,99783.49999999997
2025-12-05 15:05:00,99783.49999999997
2025-12-05 15:10:00,99783.49999999997
2025-12-05 15:15:00,99783.49999999997
2025-12-05 15:20:00,99783.49999999997
2025-12-05 15:25:00,99783.49999999997
2025-12-05 15:30:00,99783.49999999997
2025-12-08 09:15:00,99783.49999999997
2025-12-08 09:20:00,99783.49999999997
2025-12-08 09:25:00,99783.49999999997
2025-12-08 09:30:00,99783.49999999997
2025-12-08 09:35:00,99783.49999999997
2025-12-08 09:40:00,99783.49999999997
2025-12-08 09:45:00,99783.49999999997
2025-12-08 09:50:00,99783.49999999997
2025-12-08 09:55:00,99783.49999999997
2025-12-08 10:00:00,99783.49999999997
2025-12-08 10:05:00,99783.49999999997
2025-12-08 10:10:00,99783.49999999997
2025-12-08 10:15:00,99783.49999999997
2025-12-08 10:20:00,99783.49999999997
2025-12-08 10:25:00,99783.49999999997
2025-12-08 10:30:00,99783.49999999997
2025-12-08 10:35:00,99783.49999999997
2025-12-08 10:40:00,99783.49999999997
2025-12-08 10:45:00,99783.49999999997
2025-12-08 10:50:00,99783.49999999997
2025-12-08 10:55:00,99783.49999999997
2025-12-08 11:00:00,99783.49999999997
2025-12-08 11:05:00,99783.49999999997
2025-12-08 11:10:00,99783.49999999997
2025-12-08 11:15:00,99783.49999999997
2025-12-08 11:20:00,99783.49999999997
2025-12-08 11:25:00,99783.49999999997
2025-12-08 11:30:00,99783.49999999997
2025-12-08 11:35:00,99783.49999999997
2025-12-08 11:40:00,99783.49999999997
2025-12-08 11:45:00,99783.49999999997
2025-12-08 11:50:00,99783.49999999997
2025-12-08 11:55:00,99783.49999999997
2025-12-08 12:00:00,99783.49999999997
2025-12-08 12:05:00,99783.49999999997
2025-12-08 12:10:00,99783.49999999997
2025-12-08 12:15:00,99783.49999999997
2025-12-08 12:20:00,99783.49999999997
2025-12-08 12:25:00,99783.49999999997
2025-12-08 12:30:00,99783.49999999997
2025-12-08 12:35:00,99783.49999999997
2025-12-08 12:40:00,99783.49999999997
2025-12-08 12:45:00,99783.49999999997
2025-12-08 12:50:00,99783.49999999997
2025-12-08 12:55:00,99783.49999999997
2025-12-08 13:00:00,99783.49999999997
2025-12-08 13:05:00,99783.49999999997
2025-12-08 13:10:00,99783.49999999997
2025-12-08 13:15:00,99783.49999999997
2025-12-08 13:20:00,99783.49999999997
2025-12-08 13:25:00,99783.49999999997
2025-12-08 13:30:00,99783.49999999997
2025-12-08 13:35:00,99783.49999999997
2025-12-08 13:40:00,99783.49999999997
2025-12-08 13:45:00,99783.49999999997
2025-12-08 13:50:00,99783.49999999997
2025-12-08 13:55:00,99783.49999999997
2025-12-08 14:00:00,99783.49999999997
2025-12-08 14:05:00,99783.49999999997
2025-12-08 14:10:00,99783.49999999997
2025-12-08 14:15:00,99783.49999999997
2025-12-08 14:20:00,99783.49999999997
2025-12-08 14:25:00,99783.49999999997
2025-12-08 14:30:00,99783.49999999997
2025-12-08 14:35:00,99783.49999999997
2025-12-08 14:40:00,99783.49999999997
2025-12-08 14:45:00,99783.49999999997
2025-12-08 14:50:00,99783.49999999997
2025-12-08 14:55:00,99783.49999999997
2025-12-08 15:00:00,99783.49999999997
2025-12-08 15:05:00,99783.49999999997
2025-12-08 15:10:00,99783.49999999997
2025-12-08 15:15:00,99783.49999999997
2025-12-08 15:20:00,99783.49999999997
2025-12-08 15:25:00,99783.49999999997
2025-12-08 15:30:00,99783.49999999997
2025-12-09 09:15:00,99783.49999999997
2025-12-09 09:20:00,99783.49999999997
2025-12-09 09:25:00,99783.49999999997
2025-12-09 09:30:00,99783.49999999997
2025-12-09 09:35:00,99783.49999999997
2025-12-09 09:40:00,99783.49999999997
2025-12-09 09:45:00,99783.49999999997
2025-12-09 09:50:00,99783.49999999997
2025-12-09 09:55:00,99783.49999999997
2025-12-09 10:00:00,99783.49999999997
2025-12-09 10:05:00,99783.49999999997
2025-12-09 10:10:00,99783.49999999997
2025-12-09 10:15:00,99783.49999999997
2025-12-09 10:20:00,99783.49999999997
2025-12-09 10:25:00,99783.49999999997
2025-12-09 10:30:00,99783.49999999997
2025-12-09 10:35:00,99783.49999999997
2025-12-09 10:40:00,99783.49999999997
2025-12-09 10:45:00,99783.49999999997
2025-12-09 10:50:00,99783.49999999997
2025-12-09 10:55:00,99783.49999999997
2025-12-09 11:00:00,99783.49999999997
2025-12-09 11:05:00,99783.49999999997
2025-12-09 11:10:00,99783.49999999997
2025-12-09 11:15:00,99783.49999999997
2025-12-09 11:20:00,99783.49999999997
2025-12-09 11:25:00,99783.49999999997
2025-12-09 11:30:00,99783.49999999997
2025-12-09 11:35:00,99783.49999999997
2025-12-09 11:40:00,99783.49999999997
2025-12-09 11:45:00,99783.49999999997
2025-12-09 11:50:00,99783.49999999997
2025-12-09 11:55:00,99783.49999999997
2025-12-09 12:00:00,99783.49999999997
2025-12-09 12:05:00,99783.49999999997
2025-12-09 12:10:00,99783.49999999997
2025-12-09 12:15:00,99783.49999999997
2025-12-09 12:20:00,99783.49999999997
2025-12-09 12:25:00,99783.49999999997
2025-12-09 12:30:00,99783.49999999997
2025-12-09 12:35:00,99783.49999999997
2025-12-09 12:40:00,99783.49999999997
2025-12-09 12:45:00,99783.49999999997
2025-12-09 12:50:00,99783.49999999997
2025-12-09 12:55:00,99783.49999999997
2025-12-09 13:00:00,99783.49999999997
2025-12-09 13:05:00,99783.49999999997
2025-12-09 13:10:00,99783.49999999997
2025-12-09 13:15:00,99783.49999999997
2025-12-09 13:20:00,99783.49999999997
2025-12-09 13:25:00,99783.49999999997
2025-12-09 13:30:00,99783.49999999997
2025-12-09 13:35:00,99783.49999999997
2025-12-09 13:40:00,99783.49999999997
2025-12-09 13:45:00,99783.49999999997
2025-12-09 13:50:00,99783.49999999997
2025-12-09 13:55:00,99783.49999999997
2025-12-09 14:00:00,99783.49999999997
2025-12-09 14:05:00,99783.49999999997
2025-12-09 14:10:00,99783.49999999997
2025-12-09 14:15:00,99783.49999999997
2025-12-09 14:20:00,99783.49999999997
2025-12-09 14:25:00,99783.49999999997
2025-12-09 14:30:00,99783.49999999997
2025-12-09 14:35:00,99783.49999999997
2025-12-09 14:40:00,99783.49999999997
2025-12-09 14:45:00,99783.49999999997
2025-12-09 14:50:00,99783.49999999997
2025-12-09 14:55:00,99783.49999999997
2025-12-09 15:00:00,99783.49999999997
2025-12-09 15:05:00,99783.49999999997
2025-12-09 15:10:00,99783.49999999997
2025-12-09 15:15:00,99783.49999999997
2025-12-09 15:20:00,99783.49999999997
2025-12-09 15:25:00,99783.49999999997
2025-12-09 15:30:00,99783.49999999997
2025-12-10 09:15:00,99783.49999999997
2025-12-10 09:20:00,99783.49999999997
2025-12-10 09:25:00,99783.49999999997
2025-12-10 09:30:00,99783.49999999997
2025-12-10 09:35:00,99783.49999999997
2025-12-10 09:40:00,99783.49999999997
2025-12-10 09:45:00,99783.49999999997
2025-12-10 09:50:00,99783.49999999997
2025-12-10 09:55:00,99783.49999999997
2025-12-10 10:00:00,99783.49999999997
2025-12-10 10:05:00,99783.49999999997
2025-12-10 10:10:00,99783.49999999997
2025-12-10 10:15:00,99783.49999999997
2025-12-10 10:20:00,99783.49999999997
2025-12-10 10:25:00,99783.49999999997
2025-12-10 10:30:00,99783.49999999997
2025-12-10 10:35:00,99783.49999999997
2025-12-10 10:40:00,99783.49999999997
2025-12-10 10:45:00,99783.49999999997
2025-12-10 10:50:00,99783.49999999997
2025-12-10 10:55:00,99783.49999999997
2025-12-10 11:00:00,99783.49999999997
2025-12-10 11:05:00,99783.49999999997
2025-12-10 11:10:00,99783.49999999997
2025-12-10 11:15:00,99783.49999999997
2025-12-10 11:20:00,99783.49999999997
2025-12-10 11:25:00,99783.49999999997
2025-12-10 11:30:00,99783.49999999997
2025-12-10 11:35:00,99783.49999999997
2025-12-10 11:40:00,99783.49999999997
2025-12-10 11:45:00,99783.49999999997
2025-12-10 11:50:00,99783.49999999997
2025-12-10 11:55:00,99783.49999999997
2025-12-10 12:00:00,99783.49999999997
2025-12-10 12:05:00,99783.49999999997
2025-12-10 12:10:00,99783.49999999997
2025-12-10 12:15:00,99783.49999999997
2025-12-10 12:20:00,99783.49999999997
2025-12-10 12:25:00,99783.49999999997
2025-12-10 12:30:00,99783.49999999997
2025-12-10 12:35:00,99783.49999999997
2025-12-10 12:40:00,99783.49999999997
2025-12-10 12:45:00,99783.49999999997
2025-12-10 12:50:00,99783.49999999997
2025-12-10 12:55:00,99783.49999999997
2025-12-10 13:00:00,99783.49999999997
2025-12-10 13:05:00,99783.49999999997
2025-12-10 13:10:00,99783.49999999997
2025-12-10 13:15:00,99783.49999999997
2025-12-10 13:20:00,99783.49999999997
2025-12-10 13:25:00,99783.49999999997
2025-12-10 13:30:00,99783.49999999997
2025-12-10 13:35:00,99783.49999999997
2025-12-10 13:40:00,99783.49999999997
2025-12-10 13:45:00,99783.49999999997
2025-12-10 13:50:00,99783.49999999997
2025-12-10 13:55:00,99783.49999999997
2025-12-10 14:00:00,99783.49999999997
2025-12-10 14:05:00,99783.49999999997
2025-12-10 14:10:00,99783.49999999997
2025-12-10 14:15:00,99783.49999999997
2025-12-10 14:20:00,99783.49999999997
2025-12-10 14:25:00,99783.49999999997
2025-12-10 14:30:00,99783.49999999997
2025-12-10 14:35:00,99783.49999999997
2025-12-10 14:40:00,99783.49999999997
2025-12-10 14:45:00,99783.49999999997
2025-12-10 14:50:00,99783.49999999997
2025-12-10 14:55:00,99783.49999999997
2025-12-10 15:00:00,99783.49999999997
2025-12-10 15:05:00,99783.49999999997
2025-12-10 15:10:00,99783.49999999997
2025-12-10 15:15:00,99783.49999999997
2025-12-10 15:20:00,99783.49999999997
2025-12-10 15:25:00,99783.49999999997
2025-12-10 15:30:00,99783.49999999997
2025-12-11 09:15:00,99783.49999999997
2025-12-11 09:20:00,99783.49999999997
2025-12-11 09:25:00,99783.49999999997
2025-12-11 09:30:00,99783.49999999997
2025-12-11 09:35:00,99783.49999999997
2025-12-11 09:40:00,99783.49999999997
2025-12-11 09:45:00,99783.49999999997
2025-12-11 09:50:00,99783.49999999997
2025-12-11 09:55:00,99783.49999999997
2025-12-11 10:00:00,99783.49999999997
2025-12-11 10:05:00,99783.49999999997
2025-12-11 10:10:00,99783.49999999997
2025-12-11 10:15:00,99783.49999999997
2025-12-11 10:20:00,99783.49999999997
2025-12-11 10:25:00,99783.49999999997
2025-12-11 10:30:00,99783.49999999997
2025-12-11 10:35:00,99783.49999999997
2025-12-11 10:40:00,99783.49999999997
2025-12-11 10:45:00,99783.49999999997
2025-12-11 10:50:00,99783.49999999997
2025-12-11 10:55:00,99783.49999999997
2025-12-11 11:00:00,99783.49999999997
2025-12-11 11:05:00,99783.49999999997
2025-12-11 11:10:00,99783.49999999997
2025-12-11 11:15:00,99783.49999999997
2025-12-11 11:20:00,99783.49999999997
2025-12-11 11:25:00,99783.49999999997
2025-12-11 11:30:00,99783.49999999997
2025-12-11 11:35:00,99783.49999999997
2025-12-11 11:40:00,99783.49999999997
2025-12-11 11:45:00,99783.49999999997
2025-12-11 11:50:00,99783.49999999997
2025-12-11 11:55:00,99783.49999999997
2025-12-11 12:00:00,99783.49999999997
2025-12-11 12:05:00,99783.49999999997
2025-12-11 12:10:00,99783.49999999997
2025-12-11 12:15:00,99783.49999999997
2025-12-11 12:20:00,99783.49999999997
2025-12-11 12:25:00,99783.49999999997
2025-12-11 12:30:00,99783.49999999997
2025-12-11 12:35:00,99783.49999999997
2025-12-11 12:40:00,99783.49999999997
2025-12-11 12:45:00,99783.49999999997
2025-12-11 12:50:00,99783.49999999997
2025-12-11 12:55:00,99783.49999999997
2025-12-11 13:00:00,99783.49999999997
2025-12-11 13:05:00,99783.49999999997
2025-12-11 13:10:00,99783.49999999997
2025-12-11 13:15:00,99783.49999999997
2025-12-11 13:20:00,99783.49999999997
2025-12-11 13:25:00,99783.49999999997
2025-12-11 13:30:00,99783.49999999997
2025-12-11 13:35:00,99783.49999999997
2025-12-11 13:40:00,99783.49999999997
2025-12-11 13:45:00,99783.49999999997
2025-12-11 13:50:00,99783.49999999997
2025-12-11 13:55:00,99783.49999999997
2025-12-11 14:00:00,99783.49999999997
2025-12-11 14:05:00,99783.49999999997
2025-12-11 14:10:00,99783.49999999997
2025-12-11 14:15:00,99783.49999999997
2025-12-11 14:20:00,99783.49999999997
2025-12-11 14:25:00,99783.49999999997
2025-12-11 14:30:00,99783.49999999997
2025-12-11 14:35:00,99783.49999999997
2025-12-11 14:40:00,99783.49999999997
2025-12-11 14:45:00,99783.49999999997
2025-12-11 14:50:00,99783.49999999997
2025-12-11 14:55:00,99783.49999999997
2025-12-11 15:00:00,99783.49999999997
2025-12-11 15:05:00,99783.49999999997
2025-12-11 15:10:00,99783.49999999997
2025-12-11 15:15:00,99783.49999999997
2025-12-11 15:20:00,99783.49999999997
2025-12-11 15:25:00,99783.49999999997
2025-12-11 15:30:00,99783.49999999997
2025-12-12 09:15:00,99783.49999999997
2025-12-12 09:20:00,99783.49999999997
2025-12-12 09:25:00,99783.49999999997
2025-12-12 09:30:00,99783.49999999997
2025-12-12 09:35:00,99783.49999999997
2025-12-12 09:40:00,99783.49999999997
2025-12-12 09:45:00,99783.49999999997
2025-12-12 09:50:00,99783.49999999997
2025-12-12 09:55:00,99783.49999999997
2025-12-12 10:00:00,99783.49999999997
2025-12-12 10:05:00,99783.49999999997
2025-12-12 10:10:00,99783.49999999997
2025-12-12 10:15:00,99783.49999999997
2025-12-12 10:20:00,99783.49999999997
2025-12-12 10:25:00,99783.49999999997
2025-12-12 10:30:00,99783.49999999997
2025-12-12 10:35:00,99783.49999999997
2025-12-12 10:40:00,99783.49999999997
2025-12-12 10:45:00,99783.49999999997
2025-12-12 10:50:00,99783.49999999997
2025-12-12 10:55:00,99783.49999999997
2025-12-12 11:00:00,99783.49999999997
2025-12-12 11:05:00,99783.49999999997
2025-12-12 11:10:00,99783.49999999997
2025-12-12 11:15:00,99783.49999999997
2025-12-12 11:20:00,99783.49999999997
2025-12-12 11:25:00,99783.49999999997
2025-12-12 11:30:00,99783.49999999997
2025-12-12 11:35:00,99783.49999999997
2025-12-12 11:40:00,99783.49999999997
2025-12-12 11:45:00,99783.49999999997
2025-12-12 11:50:00,99783.49999999997
2025-12-12 11:55:00,99783.49999999997
2025-12-12 12:00:00,99783.49999999997
2025-12-12 12:05:00,99783.49999999997
2025-12-12 12:10:00,99783.49999999997
2025-12-12 12:15:00,99783.49999999997
2025-12-12 12:20:00,99783.49999999997
2025-12-12 12:25:00,99783.49999999997
2025-12-12 12:30:00,99783.49999999997
2025-12-12 12:35:00,99783.49999999997
2025-12-12 12:40:00,99783.49999999997
2025-12-12 12:45:00,99783.49999999997
2025-12-12 12:50:00,99783.49999999997
2025-12-12 12:55:00,99783.49999999997
2025-12-12 13:00:00,99783.49999999997
2025-12-12 13:05:00,99783.49999999997
2025-12-12 13:10:00,99783.49999999997
2025-12-12 13:15:00,99783.49999999997
2025-12-12 13:20:00,99783.49999999997
2025-12-12 13:25:00,99783.49999999997
2025-12-12 13:30:00,99783.49999999997
2025-12-12 13:35:00,99783.49999999997
2025-12-12 13:40:00,99783.49999999997
2025-12-12 13:45:00,99783.49999999997
2025-12-12 13:50:00,99783.49999999997
2025-12-12 13:55:00,99783.49999999997
2025-12-12 14:00:00,99783.49999999997
2025-12-12 14:05:00,99783.49999999997
2025-12-12 14:10:00,99783.49999999997
2025-12-12 14:15:00,99783.49999999997
2025-12-12 14:20:00,99783.49999999997
2025-12-12 14:25:00,99783.49999999997
2025-12-12 14:30:00,99783.49999999997
2025-12-12 14:35:00,99783.49999999997
2025-12-12 14:40:00,99783.49999999997
2025-12-12 14:45:00,99783.49999999997
2025-12-12 14:50:00,99783.49999999997
2025-12-12 14:55:00,99783.49999999997
2025-12-12 15:00:00,99783.49999999997
2025-12-12 15:05:00,99783.49999999997
2025-12-12 15:10:00,99783.49999999997
2025-12-12 15:15:00,99783.49999999997
2025-12-12 15:20:00,99783.49999999997
2025-12-12 15:25:00,99783.49999999997
2025-12-12 15:30:00,99783.49999999997
2025-12-15 09:15:00,99783.49999999997
2025-12-15 09:20:00,99783.49999999997
2025-12-15 09:25:00,99783.49999999997
2025-12-15 09:30:00,99783.49999999997
2025-12-15 09:35:00,99783.49999999997
2025-12-15 09:40:00,99783.49999999997
2025-12-15 09:45:00,99783.49999999997
2025-12-15 09:50:00,99783.49999999997
2025-12-15 09:55:00,99783.49999999997
2025-12-15 10:00:00,99783.49999999997
2025-12-15 10:05:00,99783.49999999997
2025-12-15 10:10:00,99783.49999999997
2025-12-15 10:15:00,99783.49999999997
2025-12-15 10:20:00,99783.49999999997
2025-12-15 10:25:00,99783.49999999997
2025-12-15 10:30:00,99783.49999999997
2025-12-15 10:35:00,99783.49999999997
2025-12-15 10:40:00,99783.49999999997
2025-12-15 10:45:00,99783.49999999997
2025-12-15 10:50:00,99783.49999999997
2025-12-15 10:55:00,99783.49999999997
2025-12-15 11:00:00,99783.49999999997
2025-12-15 11:05:00,99783.49999999997
2025-12-15 11:10:00,99783.49999999997
2025-12-15 11:15:00,99783.49999999997
2025-12-15 11:20:00,99783.49999999997
2025-12-15 11:25:00,99783.49999999997
2025-12-15 11:30:00,99783.49999999997
2025-12-15 11:35:00,99783.49999999997
2025-12-15 11:40:00,99783.49999999997
2025-12-15 11:45:00,99783.49999999997
2025-12-15 11:50:00,99783.49999999997
2025-12-15 11:55:00,99783.49999999997
2025-12-15 12:00:00,99783.49999999997
2025-12-15 12:05:00,99783.49999999997
2025-12-15 12:10:00,99783.49999999997
2025-12-15 12:15:00,99783.49999999997
2025-12-15 12:20:00,99783.49999999997
2025-12-15 12:25:00,99783.49999999997
2025-12-15 12:30:00,99783.49999999997
2025-12-15 12:35:00,99783.49999999997
2025-12-15 12:40:00,99783.49999999997
2025-12-15 12:45:00,99783.49999999997
2025-12-15 12:50:00,99783.49999999997
2025-12-15 12:55:00,99783.49999999997
2025-12-15 13:00:00,99783.49999999997
2025-12-15 13:05:00,99783.49999999997
2025-12-15 13:10:00,99783.49999999997
2025-12-15 13:15:00,99783.49999999997
2025-12-15 13:20:00,99783.49999999997
2025-12-15 13:25:00,99783.49999999997
2025-12-15 13:30:00,99783.49999999997
2025-12-15 13:35:00,99783.49999999997
2025-12-15 13:40:00,99783.49999999997
2025-12-15 13:45:00,99783.49999999997
2025-12-15 13:50:00,99783.49999999997
2025-12-15 13:55:00,99783.49999999997
2025-12-15 14:00:00,99783.49999999997
2025-12-15 14:05:00,99783.49999999997
2025-12-15 14:10:00,99783.49999999997
2025-12-15 14:15:00,99783.49999999997
2025-12-15 14:20:00,99783.49999999997
2025-12-15 14:25:00,99783.49999999997
2025-12-15 14:30:00,99783.49999999997
2025-12-15 14:35:00,99783.49999999997
2025-12-15 14:40:00,99783.49999999997
2025-12-15 14:45:00,99783.49999999997
2025-12-15 14:50:00,99783.49999999997
2025-12-15 14:55:00,99783.49999999997
2025-12-15 15:00:00,99783.49999999997
2025-12-15 15:05:00,99783.49999999997
2025-12-15 15:10:00,99783.49999999997
2025-12-15 15:15:00,99783.49999999997
2025-12-15 15:20:00,99783.49999999997
2025-12-15 15:25:00,99783.49999999997
2025-12-15 15:30:00,99783.49999999997
2025-12-16 09:15:00,99783.49999999997
2025-12-16 09:20:00,99783.49999999997
2025-12-16 09:25:00,99783.49999999997
2025-12-16 09:30:00,99783.49999999997
2025-12-16 09:35:00,99783.49999999997
2025-12-16 09:40:00,99783.49999999997
2025-12-16 09:45:00,99783.49999999997
2025-12-16 09:50:00,99783.49999999997
2025-12-16 09:55:00,99783.49999999997
2025-12-16 10:00:00,99783.49999999997
2025-12-16 10:05:00,99783.49999999997
2025-12-16 10:10:00,99783.49999999997
2025-12-16 10:15:00,99783.49999999997
2025-12-16 10:20:00,99783.49999999997
2025-12-16 10:25:00,99783.49999999997
2025-12-16 10:30:00,99783.49999999997
2025-12-16 10:35:00,99783.49999999997
2025-12-16 10:40:00,99783.49999999997
2025-12-16 10:45:00,99783.49999999997
2025-12-16 10:50:00,99783.49999999997
2025-12-16 10:55:00,99783.49999999997
2025-12-16 11:00:00,99783.49999999997
2025-12-16 11:05:00,99783.49999999997
2025-12-16 11:10:00,99783.49999999997
2025-12-16 11:15:00,99783.49999999997
2025-12-16 11:20:00,99783.49999999997
2025-12-16 11:25:00,99783.49999999997
2025-12-16 11:30:00,99783.49999999997
2025-12-16 11:35:00,99783.49999999997
2025-12-16 11:40:00,99783.49999999997
2025-12-16 11:45:00,99783.49999999997
2025-12-16 11:50:00,99783.49999999997
2025-12-16 11:55:00,99783.49999999997
2025-12-16 12:00:00,99783.49999999997
2025-12-16 12:05:00,99783.49999999997
2025-12-16 12:10:00,99783.49999999997
2025-12-16 12:15:00,99783.49999999997
2025-12-16 12:20:00,99783.49999999997
2025-12-16 12:25:00,99783.49999999997
2025-12-16 12:30:00,99783.49999999997
2025-12-16 12:35:00,99783.49999999997
2025-12-16 12:40:00,99783.49999999997
2025-12-16 12:45:00,99783.49999999997
2025-12-16 12:50:00,99783.49999999997
2025-12-16 12:55:00,99783.49999999997
2025-12-16 13:00:00,99783.49999999997
2025-12-16 13:05:00,99783.49999999997
2025-12-16 13:10:00,99783.49999999997
2025-12-16 13:15:00,99783.49999999997
2025-12-16 13:20:00,99783.49999999997
2025-12-16 13:25:00,99783.49999999997
2025-12-16 13:30:00,99783.49999999997
2025-12-16 13:35:00,99783.49999999997
2025-12-16 13:40:00,99783.49999999997
2025-12-16 13:45:00,99783.49999999997
2025-12-16 13:50:00,99783.49999999997
2025-12-16 13:55:00,99783.49999999997
2025-12-16 14:00:00,99783.49999999997
2025-12-16 14:05:00,99783.49999999997
2025-12-16 14:10:00,99783.49999999997
2025-12-16 14:15:00,99783.49999999997
2025-12-16 14:20:00,99783.49999999997
2025-12-16 14:25:00,99783.49999999997
2025-12-16 14:30:00,99783.49999999997
2025-12-16 14:35:00,99783.49999999997
2025-12-16 14:40:00,99783.49999999997
2025-12-16 14:45:00,99783.49999999997
2025-12-16 14:50:00,99783.49999999997
2025-12-16 14:55:00,99783.49999999997
2025-12-16 15:00:00,99783.49999999997
2025-12-16 15:05:00,99783.49999999997
2025-12-16 15:10:00,99783.49999999997
2025-12-16 15:15:00,99783.49999999997
2025-12-16 15:20:00,99783.49999999997
2025-12-16 15:25:00,99783.49999999997
2025-12-16 15:30:00,99783.49999999997
2025-12-17 09:15:00,99783.49999999997
2025-12-17 09:20:00,99783.49999999997
2025-12-17 09:25:00,99783.49999999997
2025-12-17 09:30:00,99783.49999999997
2025-12-17 09:35:00,99783.49999999997
2025-12-17 09:40:00,99783.49999999997
2025-12-17 09:45:00,99783.49999999997
2025-12-17 09:50:00,99783.49999999997
2025-12-17 09:55:00,99783.49999999997
2025-12-17 10:00:00,99783.49999999997
2025-12-17 10:05:00,99783.49999999997
2025-12-17 10:10:00,99783.49999999997
2025-12-17 10:15:00,99783.49999999997
2025-12-17 10:20:00,99783.49999999997
2025-12-17 10:25:00,99783.49999999997
2025-12-17 10:30:00,99783.49999999997
2025-12-17 10:35:00,99783.49999999997
2025-12-17 10:40:00,99783.49999999997
2025-12-17 10:45:00,99783.49999999997
2025-12-17 10:50:00,99783.49999999997
2025-12-17 10:55:00,99783.49999999997
2025-12-17 11:00:00,99783.49999999997
2025-12-17 11:05:00,99783.49999999997
2025-12-17 11:10:00,99783.49999999997
2025-12-17 11:15:00,99783.49999999997
2025-12-17 11:20:00,99783.49999999997
2025-12-17 11:25:00,99783.49999999997
2025-12-17 11:30:00,99783.49999999997
2025-12-17 11:35:00,99783.49999999997
2025-12-17 11:40:00,99750.81999999998
2025-12-17 11:45:00,99750.81999999998
2025-12-17 11:50:00,99750.81999999998
2025-12-17 11:55:00,99750.81999999998
2025-12-17 12:00:00,99750.81999999998
2025-12-17 12:05:00,99750.81999999998
2025-12-17 12:10:00,99750.81999999998
2025-12-17 12:15:00,99750.81999999998
2025-12-17 12:20:00,99750.81999999998
2025-12-17 12:25:00,99750.81999999998
2025-12-17 12:30:00,99750.81999999998
2025-12-17 12:35:00,99750.81999999998
2025-12-17 12:40:00,99750.81999999998
2025-12-17 12:45:00,99750.81999999998
2025-12-17 12:50:00,99750.81999999998
2025-12-17 12:55:00,99750.81999999998
2025-12-17 13:00:00,99750.81999999998
2025-12-17 13:05:00,99750.81999999998
2025-12-17 13:10:00,99750.81999999998
2025-12-17 13:15:00,99750.81999999998
2025-12-17 13:20:00,99750.81999999998
2025-12-17 13:25:00,99750.81999999998
2025-12-17 13:30:00,99750.81999999998
2025-12-17 13:35:00,99750.81999999998
2025-12-17 13:40:00,99750.81999999998
2025-12-17 13:45:00,99750.81999999998
2025-12-17 13:50:00,99750.81999999998
2025-12-17 13:55:00,99750.81999999998
2025-12-17 14:00:00,99750.81999999998
2025-12-17 14:05:00,99750.81999999998
2025-12-17 14:10:00,99750.81999999998
2025-12-17 14:15:00,99750.81999999998
2025-12-17 14:20:00,99750.81999999998
2025-12-17 14:25:00,99750.81999999998
2025-12-17 14:30:00,99750.81999999998
2025-12-17 14:35:00,99742.29999999997
2025-12-17 14:40:00,99742.29999999997
2025-12-17 14:45:00,99742.29999999997
2025-12-17 14:50:00,99742.29999999997
2025-12-17 14:55:00,99742.29999999997
2025-12-17 15:00:00,99742.29999999997
2025-12-17 15:05:00,99742.29999999997
2025-12-17 15:10:00,99742.29999999997
2025-12-17 15:15:00,99742.29999999997
2025-12-17 15:20:00,99742.29999999997
2025-12-17 15:25:00,99742.29999999997
2025-12-17 15:30:00,99742.29999999997
2025-12-18 09:15:00,99742.29999999997
2025-12-18 09:20:00,99742.29999999997
2025-12-18 09:25:00,99742.29999999997
2025-12-18 09:30:00,99742.29999999997
2025-12-18 09:35:00,99742.29999999997
2025-12-18 09:40:00,99742.29999999997
2025-12-18 09:45:00,99742.29999999997
2025-12-18 09:50:00,99742.29999999997
2025-12-18 09:55:00,99742.29999999997
2025-12-18 10:00:00,99742.29999999997
2025-12-18 10:05:00,99742.29999999997
2025-12-18 10:10:00,99742.29999999997
2025-12-18 10:15:00,99742.29999999997
2025-12-18 10:20:00,99742.29999999997
2025-12-18 10:25:00,99742.29999999997
2025-12-18 10:30:00,99742.29999999997
2025-12-18 10:35:00,99742.29999999997
2025-12-18 10:40:00,99742.29999999997
2025-12-18 10:45:00,99742.29999999997
2025-12-18 10:50:00,99742.29999999997
2025-12-18 10:55:00,99742.29999999997
2025-12-18 11:00:00,99755.15999999997
2025-12-18 11:05:00,99755.15999999997
2025-12-18 11:10:00,99755.15999999997
2025-12-18 11:15:00,99755.15999999997
2025-12-18 11:20:00,99755.15999999997
2025-12-18 11:25:00,99755.15999999997
2025-12-18 11:30:00,99755.15999999997
2025-12-18 11:35:00,99755.15999999997
2025-12-18 11:40:00,99755.15999999997
2025-12-18 11:45:00,99755.15999999997
2025-12-18 11:50:00,99755.15999999997
2025-12-18 11:55:00,99755.15999999997
2025-12-18 12:00:00,99755.15999999997
2025-12-18 12:05:00,99755.15999999997
2025-12-18 12:10:00,99755.15999999997
2025-12-18 12:15:00,99755.15999999997
2025-12-18 12:20:00,99755.15999999997
2025-12-18 12:25:00,99755.15999999997
2025-12-18 12:30:00,99755.15999999997
2025-12-18 12:35:00,99755.15999999997
2025-12-18 12:40:00,99755.15999999997
2025-12-18 12:45:00,99755.15999999997
2025-12-18 12:50:00,99755.15999999997
2025-12-18 12:55:00,99755.15999999997
2025-12-18 13:00:00,99755.15999999997
2025-12-18 13:05:00,99755.15999999997
2025-12-18 13:10:00,99755.15999999997
2025-12-18 13:15:00,99755.15999999997
2025-12-18 13:20:00,99755.15999999997
2025-12-18 13:25:00,99755.15999999997
2025-12-18 13:30:00,99755.15999999997
2025-12-18 13:35:00,99755.15999999997
2025-12-18 13:40:00,99755.15999999997
2025-12-18 13:45:00,99755.15999999997
2025-12-18 13:50:00,99755.15999999997
2025-12-18 13:55:00,99755.15999999997
2025-12-18 14:00:00,99755.15999999997
2025-12-18 14:05:00,99755.15999999997
2025-12-18 14:10:00,99755.15999999997
2025-12-18 14:15:00,99898.79999999997
2025-12-18 14:20:00,99898.79999999997
2025-12-18 14:25:00,99898.79999999997
2025-12-18 14:30:00,99898.79999999997
2025-12-18 14:35:00,99898.79999999997
2025-12-18 14:40:00,99898.79999999997
2025-12-18 14:45:00,99898.79999999997
2025-12-18 14:50:00,99898.79999999997
2025-12-18 14:55:00,99898.79999999997
2025-12-18 15:00:00,99898.79999999997
2025-12-18 15:05:00,99898.79999999997
2025-12-18 15:10:00,99898.79999999997
2025-12-18 15:15:00,99898.79999999997
2025-12-18 15:20:00,99898.79999999997
2025-12-18 15:25:00,99898.79999999997
2025-12-18 15:30:00,99898.79999999997
2025-12-19 09:15:00,99898.79999999997
2025-12-19 09:20:00,99898.79999999997
2025-12-19 09:25:00,99898.79999999997
2025-12-19 09:30:00,99898.79999999997
2025-12-19 09:35:00,99898.79999999997
2025-12-19 09:40:00,99898.79999999997
2025-12-19 09:45:00,99898.79999999997
2025-12-19 09:50:00,99898.79999999997
2025-12-19 09:55:00,99898.79999999997
2025-12-19 10:00:00,99898.79999999997
2025-12-19 10:05:00,99898.79999999997
2025-12-19 10:10:00,99898.79999999997
2025-12-19 10:15:00,99898.79999999997
2025-12-19 10:20:00,99898.79999999997
2025-12-19 10:25:00,99898.79999999997
2025-12-19 10:30:00,99898.79999999997
2025-12-19 10:35:00,99898.79999999997
2025-12-19 10:40:00,99898.79999999997
2025-12-19 10:45:00,99898.79999999997
2025-12-19 10:50:00,99898.79999999997
2025-12-19 10:55:00,99898.79999999997
2025-12-19 11:00:00,99898.79999999997
2025-12-19 11:05:00,99898.79999999997
2025-12-19 11:10:00,99898.79999999997
2025-12-19 11:15:00,99898.79999999997
2025-12-19 11:20:00,99898.79999999997
2025-12-19 11:25:00,99898.79999999997
2025-12-19 11:30:00,99898.79999999997
2025-12-19 11:35:00,99898.79999999997
2025-12-19 11:40:00,99898.79999999997
2025-12-19 11:45:00,99898.79999999997
2025-12-19 11:50:00,99898.79999999997
2025-12-19 11:55:00,99898.79999999997
2025-12-19 12:00:00,99898.79999999997
2025-12-19 12:05:00,99898.79999999997
2025-12-19 12:10:00,99898.79999999997
2025-12-19 12:15:00,99898.79999999997
2025-12-19 12:20:00,99898.79999999997
2025-12-19 12:25:00,99898.79999999997
2025-12-19 12:30:00,99898.79999999997
2025-12-19 12:35:00,99898.79999999997
2025-12-19 12:40:00,99898.79999999997
2025-12-19 12:45:00,99898.79999999997
2025-12-19 12:50:00,99898.79999999997
2025-12-19 12:55:00,99898.79999999997
2025-12-19 13:00:00,99898.79999999997
2025-12-19 13:05:00,99898.79999999997
2025-12-19 13:10:00,99898.79999999997
2025-12-19 13:15:00,99898.79999999997
2025-12-19 13:20:00,99851.97999999998
2025-12-19 13:25:00,99851.97999999998
2025-12-19 13:30:00,99851.97999999998
2025-12-19 13:35:00,99851.97999999998
2025-12-19 13:40:00,99851.97999999998
2025-12-19 13:45:00,99851.97999999998
2025-12-19 13:50:00,99851.97999999998
2025-12-19 13:55:00,99851.97999999998
2025-12-19 14:00:00,99851.97999999998
2025-12-19 14:05:00,99851.97999999998
2025-12-19 14:10:00,99851.97999999998
2025-12-19 14:15:00,99851.97999999998
2025-12-19 14:20:00,99851.97999999998
2025-12-19 14:25:00,99851.97999999998
2025-12-19 14:30:00,99851.97999999998
2025-12-19 14:35:00,99851.97999999998
2025-12-19 14:40:00,99851.97999999998
2025-12-19 14:45:00,99851.97999999998
2025-12-19 14:50:00,99851.97999999998
2025-12-19 14:55:00,99851.97999999998
2025-12-19 15:00:00,99851.97999999998
2025-12-19 15:05:00,99851.97999999998
2025-12-19 15:10:00,99851.97999999998
2025-12-19 15:15:00,99851.97999999998
2025-12-19 15:20:00,99851.97999999998
2025-12-19 15:25:00,99851.97999999998
2025-12-19 15:30:00,99851.97999999998
2025-12-22 09:15:00,99851.97999999998
2025-12-22 09:20:00,99851.97999999998
2025-12-22 09:25:00,99851.97999999998
2025-12-22 09:30:00,99851.97999999998
2025-12-22 09:35:00,99851.97999999998
2025-12-22 09:40:00,99883.86999999998
2025-12-22 09:45:00,99883.86999999998
2025-12-22 09:50:00,99883.86999999998
2025-12-22 09:55:00,99883.86999999998
2025-12-22 10:00:00,99883.86999999998
2025-12-22 10:05:00,99883.86999999998
2025-12-22 10:10:00,99883.86999999998
2025-12-22 10:15:00,99883.86999999998
2025-12-22 10:20:00,99883.86999999998
2025-12-22 10:25:00,99883.86999999998
2025-12-22 10:30:00,99883.86999999998
2025-12-22 10:35:00,99883.86999999998
2025-12-22 10:40:00,99883.86999999998
2025-12-22 10:45:00,99883.86999999998
2025-12-22 10:50:00,99883.86999999998
2025-12-22 10:55:00,99883.86999999998
2025-12-22 11:00:00,99883.86999999998
2025-12-22 11:05:00,99883.86999999998
2025-12-22 11:10:00,99883.86999999998
2025-12-22 11:15:00,99883.86999999998
2025-12-22 11:20:00,99883.86999999998
2025-12-22 11:25:00,99915.90999999997
2025-12-22 11:30:00,99915.90999999997
2025-12-22 11:35:00,99915.90999999997
2025-12-22 11:40:00,99915.90999999997
2025-12-22 11:45:00,99915.90999999997
2025-12-22 11:50:00,99915.90999999997
2025-12-22 11:55:00,99915.90999999997
2025-12-22 12:00:00,99894.83999999998
2025-12-22 12:05:00,99894.83999999998
2025-12-22 12:10:00,99894.83999999998
2025-12-22 12:15:00,99894.83999999998
2025-12-22 12:20:00,99858.80999999998
2025-12-22 12:25:00,99858.80999999998
2025-12-22 12:30:00,99858.80999999998
2025-12-22 12:35:00,99858.80999999998
2025-12-22 12:40:00,99858.80999999998
2025-12-22 12:45:00,99858.80999999998
2025-12-22 12:50:00,99858.80999999998
2025-12-22 12:55:00,99858.80999999998
2025-12-22 13:00:00,99837.92999999998
2025-12-22 13:05:00,99837.92999999998
2025-12-22 13:10:00,99837.92999999998
2025-12-22 13:15:00,99837.92999999998
2025-12-22 13:20:00,99837.92999999998
2025-12-22 13:25:00,99837.92999999998
2025-12-22 13:30:00,99837.92999999998
2025-12-22 13:35:00,99837.92999999998
2025-12-22 13:40:00,99837.92999999998
2025-12-22 13:45:00,99837.92999999998
2025-12-22 13:50:00,99837.92999999998
2025-12-22 13:55:00,99837.92999999998
2025-12-22 14:00:00,99837.92999999998
2025-12-22 14:05:00,99837.92999999998
2025-12-22 14:10:00,99837.92999999998
2025-12-22 14:15:00,99837.92999999998
2025-12-22 14:20:00,99837.92999999998
2025-12-22 14:25:00,99837.92999999998
2025-12-22 14:30:00,99837.92999999998
2025-12-22 14:35:00,99837.92999999998
2025-12-22 14:40:00,99837.92999999998
2025-12-22 14:45:00,99837.92999999998
2025-12-22 14:50:00,99837.92999999998
2025-12-22 14:55:00,99837.92999999998
2025-12-22 15:00:00,99837.92999999998
2025-12-22 15:05:00,99837.92999999998
2025-12-22 15:10:00,99837.92999999998
2025-12-22 15:15:00,99837.92999999998
2025-12-22 15:20:00,99837.92999999998
2025-12-22 15:25:00,99837.92999999998
2025-12-22 15:30:00,99837.92999999998
2025-12-23 09:15:00,99837.92999999998
2025-12-23 09:20:00,99837.92999999998
2025-12-23 09:25:00,99837.92999999998
2025-12-23 09:30:00,99837.92999999998
2025-12-23 09:35:00,99837.92999999998
2025-12-23 09:40:00,99875.85999999999
2025-12-23 09:45:00,99875.85999999999
2025-12-23 09:50:00,99875.85999999999
2025-12-23 09:55:00,99875.85999999999
2025-12-23 10:00:00,99875.85999999999
2025-12-23 10:05:00,99875.85999999999
2025-12-23 10:10:00,99875.85999999999
2025-12-23 10:15:00,99875.85999999999
2025-12-23 10:20:00,99875.85999999999
2025-12-23 10:25:00,99875.85999999999
2025-12-23 10:30:00,99875.85999999999
2025-12-23 10:35:00,99875.85999999999
2025-12-23 10:40:00,99875.85999999999
2025-12-23 10:45:00,99875.85999999999
2025-12-23 10:50:00,99875.85999999999
2025-12-23 10:55:00,99875.85999999999
2025-12-23 11:00:00,99875.85999999999
2025-12-23 11:05:00,99875.85999999999
2025-12-23 11:10:00,99875.85999999999
2025-12-23 11:15:00,99875.85999999999
2025-12-23 11:20:00,99875.85999999999
2025-12-23 11:25:00,99875.85999999999
2025-12-23 11:30:00,99875.85999999999
2025-12-23 11:35:00,99875.85999999999
2025-12-23 11:40:00,99875.85999999999
2025-12-23 11:45:00,99852.57999999999
2025-12-23 11:50:00,99852.57999999999
2025-12-23 11:55:00,99852.57999999999
2025-12-23 12:00:00,99852.57999999999
2025-12-23 12:05:00,99852.57999999999
2025-12-23 12:10:00,99852.57999999999
2025-12-23 12:15:00,99852.57999999999
2025-12-23 12:20:00,99852.57999999999
2025-12-23 12:25:00,99852.57999999999
2025-12-23 12:30:00,99852.57999999999
2025-12-23 12:35:00,99852.57999999999
2025-12-23 12:40:00,99852.57999999999
2025-12-23 12:45:00,99852.57999999999
2025-12-23 12:50:00,99852.57999999999
2025-12-23 12:55:00,99852.57999999999
2025-12-23 13:00:00,99852.57999999999
2025-12-23 13:05:00,99852.57999999999
2025-12-23 13:10:00,99852.57999999999
2025-12-23 13:15:00,99852.57999999999
2025-12-23 13:20:00,99852.57999999999
2025-12-23 13:25:00,99852.57999999999
2025-12-23 13:30:00,99852.57999999999
2025-12-23 13:35:00,99852.57999999999
2025-12-23 13:40:00,99852.57999999999
2025-12-23 13:45:00,99852.57999999999
2025-12-23 13:50:00,99852.57999999999
2025-12-23 13:55:00,99852.57999999999
2025-12-23 14:00:00,99852.57999999999
2025-12-23 14:05:00,99852.57999999999
2025-12-23 14:10:00,99852.57999999999
2025-12-23 14:15:00,99852.57999999999
2025-12-23 14:20:00,99852.57999999999
2025-12-23 14:25:00,99852.57999999999
2025-12-23 14:30:00,99852.57999999999
2025-12-23 14:35:00,99852.57999999999
2025-12-23 14:40:00,99852.57999999999
2025-12-23 14:45:00,99852.57999999999
2025-12-23 14:50:00,99852.57999999999
2025-12-23 14:55:00,99852.57999999999
2025-12-23 15:00:00,99852.57999999999
2025-12-23 15:05:00,99852.57999999999
2025-12-23 15:10:00,99852.57999999999
2025-12-23 15:15:00,99852.57999999999
2025-12-23 15:20:00,99870.80999999998
2025-12-23 15:25:00,99870.80999999998
2025-12-23 15:30:00,99870.80999999998
2025-12-24 09:15:00,99870.80999999998
2025-12-24 09:20:00,99838.12999999998
2025-12-24 09:25:00,99838.12999999998
2025-12-24 09:30:00,99838.12999999998
2025-12-24 09:35:00,99838.12999999998
2025-12-24 09:40:00,99838.12999999998
2025-12-24 09:45:00,99838.12999999998
2025-12-24 09:50:00,99838.12999999998
2025-12-24 09:55:00,99838.12999999998
2025-12-24 10:00:00,99838.12999999998
2025-12-24 10:05:00,99838.12999999998
2025-12-24 10:10:00,99838.12999999998
2025-12-24 10:15:00,99838.12999999998
2025-12-24 10:20:00,99838.12999999998
2025-12-24 10:25:00,99838.12999999998
2025-12-24 10:30:00,99838.12999999998
2025-12-24 10:35:00,99838.12999999998
2025-12-24 10:40:00,99838.12999999998
2025-12-24 10:45:00,99838.12999999998
2025-12-24 10:50:00,99838.12999999998
2025-12-24 10:55:00,99838.12999999998
2025-12-24 11:00:00,99838.12999999998
2025-12-24 11:05:00,99838.12999999998
2025-12-24 11:10:00,99908.08999999998
2025-12-24 11:15:00,99908.08999999998
2025-12-24 11:20:00,99908.08999999998
2025-12-24 11:25:00,99908.08999999998
2025-12-24 11:30:00,99908.08999999998
2025-12-24 11:35:00,99908.08999999998
2025-12-24 11:40:00,99908.08999999998
2025-12-24 11:45:00,99908.08999999998
2025-12-24 11:50:00,99908.08999999998
2025-12-24 11:55:00,99908.08999999998
2025-12-24 12:00:00,99908.08999999998
2025-12-24 12:05:00,99908.08999999998
2025-12-24 12:10:00,99908.08999999998
2025-12-24 12:15:00,99908.08999999998
2025-12-24 12:20:00,99908.08999999998
2025-12-24 12:25:00,99908.08999999998
2025-12-24 12:30:00,99908.08999999998
2025-12-24 12:35:00,99908.08999999998
2025-12-24 12:40:00,99908.08999999998
2025-12-24 12:45:00,99908.08999999998
2025-12-24 12:50:00,99908.08999999998
2025-12-24 12:55:00,99908.08999999998
2025-12-24 13:00:00,99908.08999999998
2025-12-24 13:05:00,99908.08999999998
2025-12-24 13:10:00,99908.08999999998
2025-12-24 13:15:00,99908.08999999998
2025-12-24 13:20:00,99908.08999999998
2025-12-24 13:25:00,99908.08999999998
2025-12-24 13:30:00,99908.08999999998
2025-12-24 13:35:00,99908.08999999998
2025-12-24 13:40:00,99908.08999999998
2025-12-24 13:45:00,99905.37999999998
2025-12-24 13:50:00,99905.37999999998
2025-12-24 13:55:00,99905.37999999998
2025-12-24 14:00:00,99905.37999999998
2025-12-24 14:05:00,99905.37999999998
2025-12-24 14:10:00,99905.37999999998
2025-12-24 14:15:00,99905.37999999998
2025-12-24 14:20:00,99905.37999999998
2025-12-24 14:25:00,99905.37999999998
2025-12-24 14:30:00,99905.37999999998
2025-12-24 14:35:00,99905.37999999998
2025-12-24 14:40:00,99905.37999999998
2025-12-24 14:45:00,99905.37999999998
2025-12-24 14:50:00,99905.37999999998
2025-12-24 14:55:00,99905.37999999998
2025-12-24 15:00:00,99905.37999999998
2025-12-24 15:05:00,99905.37999999998
2025-12-24 15:10:00,99905.37999999998
2025-12-24 15:15:00,99905.37999999998
2025-12-24 15:20:00,99905.37999999998
2025-12-24 15:25:00,99905.37999999998
2025-12-24 15:30:00,99905.37999999998
2025-12-25 09:15:00,99905.37999999998
2025-12-25 09:20:00,99905.37999999998
2025-12-25 09:25:00,99905.37999999998
2025-12-25 09:30:00,99905.37999999998
2025-12-25 09:35:00,99905.37999999998
2025-12-25 09:40:00,99905.37999999998
2025-12-25 09:45:00,99905.37999999998
2025-12-25 09:50:00,99905.37999999998
2025-12-25 09:55:00,99905.37999999998
2025-12-25 10:00:00,99905.37999999998
2025-12-25 10:05:00,99905.37999999998
2025-12-25 10:10:00,99905.37999999998
2025-12-25 10:15:00,99905.37999999998
2025-12-25 10:20:00,99905.37999999998
2025-12-25 10:25:00,99905.37999999998
2025-12-25 10:30:00,99905.37999999998
2025-12-25 10:35:00,99956.90999999997
2025-12-25 10:40:00,99956.90999999997
2025-12-25 10:45:00,99956.90999999997
2025-12-25 10:50:00,99956.90999999997
2025-12-25 10:55:00,99956.90999999997
2025-12-25 11:00:00,99956.90999999997
2025-12-25 11:05:00,99956.90999999997
2025-12-25 11:10:00,99956.90999999997
2025-12-25 11:15:00,99956.90999999997
2025-12-25 11:20:00,99956.90999999997
2025-12-25 11:25:00,99956.90999999997
2025-12-25 11:30:00,99956.90999999997
2025-12-25 11:35:00,99956.90999999997
2025-12-25 11:40:00,99956.90999999997
2025-12-25 11:45:00,99956.90999999997
2025-12-25 11:50:00,99956.90999999997
2025-12-25 11:55:00,99956.90999999997
2025-12-25 12:00:00,99956.90999999997
2025-12-25 12:05:00,99956.90999999997
2025-12-25 12:10:00,99956.90999999997
2025-12-25 12:15:00,99956.90999999997
2025-12-25 12:20:00,99956.90999999997
2025-12-25 12:25:00,99956.90999999997
2025-12-25 12:30:00,99956.90999999997
2025-12-25 12:35:00,99956.90999999997
2025-12-25 12:40:00,99956.90999999997
2025-12-25 12:45:00,99956.90999999997
2025-12-25 12:50:00,99956.90999999997
2025-12-25 12:55:00,99956.90999999997
2025-12-25 13:00:00,99956.90999999997
2025-12-25 13:05:00,99956.90999999997
2025-12-25 13:10:00,99956.90999999997
2025-12-25 13:15:00,99956.90999999997
2025-12-25 13:20:00,99956.90999999997
2025-12-25 13:25:00,99956.90999999997
2025-12-25 13:30:00,99956.90999999997
2025-12-25 13:35:00,99956.90999999997
2025-12-25 13:40:00,100064.36999999998
2025-12-25 13:45:00,100064.36999999998
2025-12-25 13:50:00,100064.36999999998
2025-12-25 13:55:00,100064.36999999998
2025-12-25 14:00:00,100064.36999999998
2025-12-25 14:05:00,100064.36999999998
2025-12-25 14:10:00,100064.36999999998
2025-12-25 14:15:00,100064.36999999998
2025-12-25 14:20:00,100064.36999999998
2025-12-25 14:25:00,100064.36999999998
2025-12-25 14:30:00,100064.36999999998
2025-12-25 14:35:00,100064.36999999998
2025-12-25 14:40:00,100040.66999999998
2025-12-25 14:45:00,100040.66999999998
2025-12-25 14:50:00,100040.66999999998
2025-12-25 14:55:00,100040.66999999998
2025-12-25 15:00:00,100040.66999999998
2025-12-25 15:05:00,100040.66999999998
2025-12-25 15:10:00,100040.66999999998
2025-12-25 15:15:00,100040.66999999998
2025-12-25 15:20:00,100040.66999999998
2025-12-25 15:25:00,100040.66999999998
2025-12-25 15:30:00,100040.66999999998
2025-12-26 09:15:00,100040.66999999998
2025-12-26 09:20:00,100040.66999999998
2025-12-26 09:25:00,100040.66999999998
2025-12-26 09:30:00,100040.66999999998
2025-12-26 09:35:00,100040.66999999998
2025-12-26 09:40:00,100040.66999999998
2025-12-26 09:45:00,100040.66999999998
2025-12-26 09:50:00,100040.66999999998
2025-12-26 09:55:00,100040.66999999998
2025-12-26 10:00:00,100040.66999999998
2025-12-26 10:05:00,100040.66999999998
2025-12-26 10:10:00,100040.66999999998
2025-12-26 10:15:00,100040.66999999998
2025-12-26 10:20:00,100040.66999999998
2025-12-26 10:25:00,100040.66999999998
2025-12-26 10:30:00,100040.66999999998
2025-12-26 10:35:00,100029.06999999998
2025-12-26 10:40:00,100029.06999999998
2025-12-26 10:45:00,100029.06999999998
2025-12-26 10:50:00,100029.06999999998
2025-12-26 10:55:00,100029.06999999998
2025-12-26 11:00:00,100029.06999999998
2025-12-26 11:05:00,100029.06999999998
2025-12-26 11:10:00,100029.06999999998
2025-12-26 11:15:00,100029.06999999998
2025-12-26 11:20:00,100029.06999999998
2025-12-26 11:25:00,100029.06999999998
2025-12-26 11:30:00,100029.06999999998
2025-12-26 11:35:00,100029.06999999998
2025-12-26 11:40:00,100029.06999999998
2025-12-26 11:45:00,100029.06999999998
2025-12-26 11:50:00,100029.06999999998
2025-12-26 11:55:00,100029.06999999998
2025-12-26 12:00:00,100029.06999999998
2025-12-26 12:05:00,100029.06999999998
2025-12-26 12:10:00,100029.06999999998
2025-12-26 12:15:00,100029.06999999998
2025-12-26 12:20:00,100029.06999999998
2025-12-26 12:25:00,100029.06999999998
2025-12-26 12:30:00,100029.06999999998
2025-12-26 12:35:00,100029.06999999998
2025-12-26 12:40:00,100029.06999999998
2025-12-26 12:45:00,100029.06999999998
2025-12-26 12:50:00,100029.06999999998
2025-12-26 12:55:00,100029.06999999998
2025-12-26 13:00:00,100029.06999999998
2025-12-26 13:05:00,100029.06999999998
2025-12-26 13:10:00,100029.06999999998
2025-12-26 13:15:00,100029.06999999998
2025-12-26 13:20:00,100029.06999999998
2025-12-26 13:25:00,100029.06999999998
2025-12-26 13:30:00,100029.06999999998
2025-12-26 13:35:00,100029.06999999998
2025-12-26 13:40:00,100029.06999999998
2025-12-26 13:45:00,100029.06999999998
2025-12-26 13:50:00,100029.06999999998
2025-12-26 13:55:00,100029.06999999998
2025-12-26 14:00:00,100029.06999999998
2025-12-26 14:05:00,100029.06999999998
2025-12-26 14:10:00,100029.06999999998
2025-12-26 14:15:00,100029.06999999998
2025-12-26 14:20:00,100029.06999999998
2025-12-26 14:25:00,100029.06999999998
2025-12-26 14:30:00,100029.06999999998
2025-12-26 14:35:00,100029.06999999998
2025-12-26 14:40:00,100029.06999999998
2025-12-26 14:45:00,100029.06999999998
2025-12-26 14:50:00,100029.06999999998
2025-12-26 14:55:00,100029.06999999998
2025-12-26 15:00:00,100029.06999999998
2025-12-26 15:05:00,100029.06999999998
2025-12-26 15:10:00,100029.06999999998
2025-12-26 15:15:00,100029.06999999998
2025-12-26 15:20:00,100029.06999999998
2025-12-26 15:25:00,100029.06999999998
2025-12-26 15:30:00,100040.76999999997
2025-12-29 09:15:00,100040.76999999997
2025-12-29 09:20:00,100040.76999999997
2025-12-29 09:25:00,100040.76999999997
2025-12-29 09:30:00,100040.76999999997
2025-12-29 09:35:00,99925.76999999997
2025-12-29 09:40:00,99925.76999999997
2025-12-29 09:45:00,99925.76999999997
2025-12-29 09:50:00,99925.76999999997
2025-12-29 09:55:00,99925.76999999997
2025-12-29 10:00:00,99925.76999999997
2025-12-29 10:05:00,99925.76999999997
2025-12-29 10:10:00,99925.76999999997
2025-12-29 10:15:00,99925.76999999997
2025-12-29 10:20:00,99925.76999999997
2025-12-29 10:25:00,99925.76999999997
2025-12-29 10:30:00,99925.76999999997
2025-12-29 10:35:00,99925.76999999997
2025-12-29 10:40:00,99925.76999999997
2025-12-29 10:45:00,99925.76999999997
2025-12-29 10:50:00,99925.76999999997
2025-12-29 10:55:00,99925.76999999997
2025-12-29 11:00:00,99925.76999999997
2025-12-29 11:05:00,99925.76999999997
2025-12-29 11:10:00,99925.76999999997
2025-12-29 11:15:00,99925.76999999997
2025-12-29 11:20:00,99925.76999999997
2025-12-29 11:25:00,99925.76999999997
2025-12-29 11:30:00,99925.76999999997
2025-12-29 11:35:00,99925.76999999997
2025-12-29 11:40:00,99925.76999999997
2025-12-29 11:45:00,99925.76999999997
2025-12-29 11:50:00,99925.76999999997
2025-12-29 11:55:00,99925.76999999997
2025-12-29 12:00:00,99925.76999999997
2025-12-29 12:05:00,99925.76999999997
2025-12-29 12:10:00,99925.76999999997
2025-12-29 12:15:00,99925.76999999997
2025-12-29 12:20:00,99925.76999999997
2025-12-29 12:25:00,99925.76999999997
2025-12-29 12:30:00,99925.76999999997
2025-12-29 12:35:00,99925.76999999997
2025-12-29 12:40:00,99925.76999999997
2025-12-29 12:45:00,99925.76999999997
2025-12-29 12:50:00,99925.76999999997
2025-12-29 12:55:00,99925.76999999997
2025-12-29 13:00:00,99925.76999999997
2025-12-29 13:05:00,99925.76999999997
2025-12-29 13:10:00,99925.76999999997
2025-12-29 13:15:00,99925.76999999997
2025-12-29 13:20:00,99925.76999999997
2025-12-29 13:25:00,99925.76999999997
2025-12-29 13:30:00,100002.42999999998
2025-12-29 13:35:00,100002.42999999998
2025-12-29 13:40:00,100002.42999999998
2025-12-29 13:45:00,100002.42999999998
2025-12-29 13:50:00,100002.42999999998
2025-12-29 13:55:00,100002.42999999998
2025-12-29 14:00:00,100002.42999999998
2025-12-29 14:05:00,100002.42999999998
2025-12-29 14:10:00,100002.42999999998
2025-12-29 14:15:00,100002.42999999998
2025-12-29 14:20:00,100002.42999999998
2025-12-29 14:25:00,100002.42999999998
2025-12-29 14:30:00,100002.42999999998
2025-12-29 14:35:00,100002.42999999998
2025-12-29 14:40:00,100002.42999999998
2025-12-29 14:45:00,100002.42999999998
2025-12-29 14:50:00,100002.42999999998
2025-12-29 14:55:00,100002.42999999998
2025-12-29 15:00:00,100002.42999999998
2025-12-29 15:05:00,100002.42999999998
2025-12-29 15:10:00,100002.42999999998
2025-12-29 15:15:00,100002.42999999998
2025-12-29 15:20:00,100002.42999999998
2025-12-29 15:25:00,100002.42999999998
2025-12-29 15:30:00,100002.42999999998
2025-12-30 09:15:00,100002.42999999998
2025-12-30 09:20:00,100002.42999999998
2025-12-30 09:25:00,100002.42999999998
2025-12-30 09:30:00,100002.42999999998
2025-12-30 09:35:00,100002.42999999998
2025-12-30 09:40:00,100002.42999999998
2025-12-30 09:45:00,100002.42999999998
2025-12-30 09:50:00,100002.42999999998
2025-12-30 09:55:00,100002.42999999998
2025-12-30 10:00:00,100002.42999999998
2025-12-30 10:05:00,100002.42999999998
2025-12-30 10:10:00,100002.42999999998
2025-12-30 10:15:00,100002.42999999998
2025-12-30 10:20:00,100002.42999999998
2025-12-30 10:25:00,100002.42999999998
2025-12-30 10:30:00,100002.42999999998
2025-12-30 10:35:00,100002.42999999998
2025-12-30 10:40:00,100002.42999999998
2025-12-30 10:45:00,100002.42999999998
2025-12-30 10:50:00,100316.19999999998
2025-12-30 10:55:00,100316.19999999998
2025-12-30 11:00:00,100316.19999999998
2025-12-30 11:05:00,100316.19999999998
2025-12-30 11:10:00,100316.19999999998
2025-12-30 11:15:00,100316.19999999998
2025-12-30 11:20:00,100316.19999999998
2025-12-30 11:25:00,100316.19999999998
2025-12-30 11:30:00,100316.19999999998
2025-12-30 11:35:00,100316.19999999998
2025-12-30 11:40:00,100316.19999999998
2025-12-30 11:45:00,100316.19999999998
2025-12-30 11:50:00,100316.19999999998
2025-12-30 11:55:00,100316.19999999998
2025-12-30 12:00:00,100316.19999999998
2025-12-30 12:05:00,100316.19999999998
2025-12-30 12:10:00,100316.19999999998
2025-12-30 12:15:00,100316.19999999998
2025-12-30 12:20:00,100316.19999999998
2025-12-30 12:25:00,100316.19999999998
2025-12-30 12:30:00,100316.19999999998
2025-12-30 12:35:00,100316.19999999998
2025-12-30 12:40:00,100316.19999999998
2025-12-30 12:45:00,100316.19999999998
2025-12-30 12:50:00,100316.19999999998
2025-12-30 12:55:00,100316.19999999998
2025-12-30 13:00:00,100316.19999999998
2025-12-30 13:05:00,100316.19999999998
2025-12-30 13:10:00,100316.19999999998
2025-12-30 13:15:00,100316.19999999998
2025-12-30 13:20:00,100353.00999999998
2025-12-30 13:25:00,100353.00999999998
2025-12-30 13:30:00,100353.00999999998
2025-12-30 13:35:00,100353.00999999998
2025-12-30 13:40:00,100353.00999999998
2025-12-30 13:45:00,100353.00999999998
2025-12-30 13:50:00,100353.00999999998
2025-12-30 13:55:00,100353.00999999998
2025-12-30 14:00:00,100353.00999999998
2025-12-30 14:05:00,100353.00999999998
2025-12-30 14:10:00,100353.00999999998
2025-12-30 14:15:00,100353.00999999998
2025-12-30 14:20:00,100353.00999999998
2025-12-30 14:25:00,100353.00999999998
2025-12-30 14:30:00,100353.00999999998
2025-12-30 14:35:00,100353.00999999998
2025-12-30 14:40:00,100321.43999999997
2025-12-30 14:45:00,100321.43999999997
2025-12-30 14:50:00,100297.30999999998
2025-12-30 14:55:00,100297.30999999998
2025-12-30 15:00:00,100297.30999999998
2025-12-30 15:05:00,100297.30999999998
2025-12-30 15:10:00,100297.30999999998
2025-12-30 15:15:00,100297.30999999998
2025-12-30 15:20:00,100297.30999999998
2025-12-30 15:25:00,100297.30999999998
2025-12-30 15:30:00,100297.30999999998
2025-12-31 09:15:00,100297.30999999998
2025-12-31 09:20:00,100297.30999999998
2025-12-31 09:25:00,100297.30999999998
2025-12-31 09:30:00,100297.30999999998
2025-12-31 09:35:00,100297.30999999998
2025-12-31 09:40:00,100297.30999999998
2025-12-31 09:45:00,100297.30999999998
2025-12-31 09:50:00,100297.30999999998
2025-12-31 09:55:00,100297.30999999998
2025-12-31 10:00:00,100297.30999999998
2025-12-31 10:05:00,100297.30999999998
2025-12-31 10:10:00,100297.30999999998
2025-12-31 10:15:00,100297.30999999998
2025-12-31 10:20:00,100297.30999999998
2025-12-31 10:25:00,100297.30999999998
2025-12-31 10:30:00,100297.30999999998
2025-12-31 10:35:00,100297.30999999998
2025-12-31 10:40:00,100297.30999999998
2025-12-31 10:45:00,100297.30999999998
2025-12-31 10:50:00,100297.30999999998
2025-12-31 10:55:00,100297.30999999998
2025-12-31 11:00:00,100297.30999999998
2025-12-31 11:05:00,100297.30999999998
2025-12-31 11:10:00,100297.30999999998
2025-12-31 11:15:00,100297.30999999998
2025-12-31 11:20:00,100297.30999999998
2025-12-31 11:25:00,100297.30999999998
2025-12-31 11:30:00,100297.30999999998
2025-12-31 11:35:00,100297.30999999998
2025-12-31 11:40:00,100297.30999999998
2025-12-31 11:45:00,100297.30999999998
2025-12-31 11:50:00,100274.36999999998
2025-12-31 11:55:00,100274.36999999998
2025-12-31 12:00:00,100274.36999999998
2025-12-31 12:05:00,100274.36999999998
2025-12-31 12:10:00,100274.36999999998
2025-12-31 12:15:00,100274.36999999998
2025-12-31 12:20:00,100274.36999999998
2025-12-31 12:25:00,100274.36999999998
2025-12-31 12:30:00,100274.36999999998
2025-12-31 12:35:00,100274.36999999998
2025-12-31 12:40:00,100274.36999999998
2025-12-31 12:45:00,100274.36999999998
2025-12-31 12:50:00,100274.36999999998
2025-12-31 12:55:00,100274.36999999998
2025-12-31 13:00:00,100274.36999999998
2025-12-31 13:05:00,100274.36999999998
2025-12-31 13:10:00,100274.36999999998
2025-12-31 13:15:00,100274.36999999998
2025-12-31 13:20:00,100274.36999999998
2025-12-31 13:25:00,100274.36999999998
2025-12-31 13:30:00,100274.36999999998
2025-12-31 13:35:00,100274.36999999998
2025-12-31 13:40:00,100274.36999999998
2025-12-31 13:45:00,100274.36999999998
2025-12-31 13:50:00,100274.36999999998
2025-12-31 13:55:00,100274.36999999998
2025-12-31 14:00:00,100274.36999999998
2025-12-31 14:05:00,100274.36999999998
2025-12-31 14:10:00,100274.36999999998
2025-12-31 14:15:00,100274.36999999998
2025-12-31 14:20:00,100274.36999999998
2025-12-31 14:25:00,100274.36999999998
2025-12-31 14:30:00,100274.36999999998
2025-12-31 14:35:00,100274.36999999998
2025-12-31 14:40:00,100274.36999999998
2025-12-31 14:45:00,100274.36999999998
2025-12-31 14:50:00,100274.36999999998
2025-12-31 14:55:00,100274.36999999998
2025-12-31 15:00:00,100274.36999999998
2025-12-31 15:05:00,100274.36999999998
2025-12-31 15:10:00,100274.36999999998
2025-12-31 15:15:00,100274.36999999998
2025-12-31 15:20:00,100274.36999999998
2025-12-31 15:25:00,100274.36999999998
2025-12-31 15:30:00,100274.36999999998
2026-01-01 09:15:00,100274.36999999998
2026-01-01 09:20:00,100274.36999999998
2026-01-01 09:25:00,100274.36999999998
2026-01-01 09:30:00,100274.36999999998
2026-01-01 09:35:00,100274.36999999998
2026-01-01 09:40:00,100274.36999999998
2026-01-01 09:45:00,100274.36999999998
2026-01-01 09:50:00,100274.36999999998
2026-01-01 09:55:00,100274.36999999998
2026-01-01 10:00:00,100274.36999999998
2026-01-01 10:05:00,100274.36999999998
2026-01-01 10:10:00,100274.36999999998
2026-01-01 10:15:00,100239.43999999997
2026-01-01 10:20:00,100239.43999999997
2026-01-01 10:25:00,100239.43999999997
2026-01-01 10:30:00,100239.43999999997
2026-01-01 10:35:00,100239.43999999997
2026-01-01 10:40:00,100239.43999999997
2026-01-01 10:45:00,100239.43999999997
2026-01-01 10:50:00,100239.43999999997
2026-01-01 10:55:00,100239.43999999997
2026-01-01 11:00:00,100239.43999999997
2026-01-01 11:05:00,100239.43999999997
2026-01-01 11:10:00,100239.43999999997
2026-01-01 11:15:00,100239.43999999997
2026-01-01 11:20:00,100239.43999999997
2026-01-01 11:25:00,100239.43999999997
2026-01-01 11:30:00,100239.43999999997
2026-01-01 11:35:00,100258.68999999997
2026-01-01 11:40:00,100258.68999999997
2026-01-01 11:45:00,100258.68999999997
2026-01-01 11:50:00,100258.68999999997
2026-01-01 11:55:00,100258.68999999997
2026-01-01 12:00:00,100258.68999999997
2026-01-01 12:05:00,100258.68999999997
2026-01-01 12:10:00,100258.68999999997
2026-01-01 12:15:00,100258.68999999997
2026-01-01 12:20:00,100258.68999999997
2026-01-01 12:25:00,100258.68999999997
2026-01-01 12:30:00,100258.68999999997
2026-01-01 12:35:00,100258.68999999997
2026-01-01 12:40:00,100258.68999999997
2026-01-01 12:45:00,100258.68999999997
2026-01-01 12:50:00,100258.68999999997
2026-01-01 12:55:00,100258.68999999997
2026-01-01 13:00:00,100258.68999999997
2026-01-01 13:05:00,100258.68999999997
2026-01-01 13:10:00,100258.68999999997
2026-01-01 13:15:00,100258.68999999997
2026-01-01 13:20:00,100258.68999999997
2026-01-01 13:25:00,100258.68999999997
2026-01-01 13:30:00,100258.68999999997
2026-01-01 13:35:00,100258.68999999997
2026-01-01 13:40:00,100258.68999999997
2026-01-01 13:45:00,100258.68999999997
2026-01-01 13:50:00,100258.68999999997
2026-01-01 13:55:00,100258.68999999997
2026-01-01 14:00:00,100258.68999999997
2026-01-01 14:05:00,100258.68999999997
2026-01-01 14:10:00,100258.68999999997
2026-01-01 14:15:00,100258.68999999997
2026-01-01 14:20:00,100258.68999999997
2026-01-01 14:25:00,100258.68999999997
2026-01-01 14:30:00,100258.68999999997
2026-01-01 14:35:00,100258.68999999997
2026-01-01 14:40:00,100258.68999999997
2026-01-01 14:45:00,100258.68999999997
2026-01-01 14:50:00,100258.68999999997
2026-01-01 14:55:00,100258.68999999997
2026-01-01 15:00:00,100368.73999999999
2026-01-01 15:05:00,100368.73999999999
2026-01-01 15:10:00,100368.73999999999
2026-01-01 15:15:00,100368.73999999999
2026-01-01 15:20:00,100368.73999999999
2026-01-01 15:25:00,100368.73999999999
2026-01-01 15:30:00,100368.73999999999
2026-01-02 09:15:00,100368.73999999999
2026-01-02 09:20:00,100368.73999999999
2026-01-02 09:25:00,100368.73999999999
2026-01-02 09:30:00,100368.73999999999
2026-01-02 09:35:00,100368.73999999999
2026-01-02 09:40:00,100368.73999999999
2026-01-02 09:45:00,100368.73999999999
2026-01-02 09:50:00,100368.73999999999
2026-01-02 09:55:00,100368.73999999999
2026-01-02 10:00:00,100368.73999999999
2026-01-02 10:05:00,100368.73999999999
2026-01-02 10:10:00,100368.73999999999
2026-01-02 10:15:00,100368.73999999999
2026-01-02 10:20:00,100368.73999999999
2026-01-02 10:25:00,100368.73999999999
2026-01-02 10:30:00,100368.73999999999
2026-01-02 10:35:00,100368.73999999999
2026-01-02 10:40:00,100368.73999999999
2026-01-02 10:45:00,100368.73999999999
2026-01-02 10:50:00,100368.73999999999
2026-01-02 10:55:00,100368.73999999999
2026-01-02 11:00:00,100368.73999999999
2026-01-02 11:05:00,100368.73999999999
2026-01-02 11:10:00,100368.73999999999
2026-01-02 11:15:00,100368.73999999999
2026-01-02 11:20:00,100368.73999999999
2026-01-02 11:25:00,100368.73999999999
2026-01-02 11:30:00,100368.73999999999
2026-01-02 11:35:00,100401.25999999998
2026-01-02 11:40:00,100401.25999999998
2026-01-02 11:45:00,100401.25999999998
2026-01-02 11:50:00,100401.25999999998
2026-01-02 11:55:00,100401.25999999998
2026-01-02 12:00:00,100401.25999999998
2026-01-02 12:05:00,100401.25999999998
2026-01-02 12:10:00,100401.25999999998
2026-01-02 12:15:00,100401.25999999998
2026-01-02 12:20:00,100401.25999999998
2026-01-02 12:25:00,100401.25999999998
2026-01-02 12:30:00,100401.25999999998
2026-01-02 12:35:00,100401.25999999998
2026-01-02 12:40:00,100401.25999999998
2026-01-02 12:45:00,100401.25999999998
2026-01-02 12:50:00,100401.25999999998
2026-01-02 12:55:00,100401.25999999998
2026-01-02 13:00:00,100401.25999999998
2026-01-02 13:05:00,100401.25999999998
2026-01-02 13:10:00,100401.25999999998
2026-01-02 13:15:00,100401.25999999998
2026-01-02 13:20:00,100401.25999999998
2026-01-02 13:25:00,100401.25999999998
2026-01-02 13:30:00,100401.25999999998
2026-01-02 13:35:00,100401.25999999998
2026-01-02 13:40:00,100401.25999999998
2026-01-02 13:45:00,100401.25999999998
2026-01-02 13:50:00,100401.25999999998
2026-01-02 13:55:00,100401.25999999998
2026-01-02 14:00:00,100401.25999999998
2026-01-02 14:05:00,100401.25999999998
2026-01-02 14:10:00,100401.25999999998
2026-01-02 14:15:00,100401.25999999998
2026-01-02 14:20:00,100401.25999999998
2026-01-02 14:25:00,100401.25999999998
2026-01-02 14:30:00,100401.25999999998
2026-01-02 14:35:00,100401.25999999998
2026-01-02 14:40:00,100401.25999999998
2026-01-02 14:45:00,100401.25999999998
2026-01-02 14:50:00,100401.25999999998
2026-01-02 14:55:00,100401.25999999998
2026-01-02 15:00:00,100401.25999999998
2026-01-02 15:05:00,100401.25999999998
2026-01-02 15:10:00,100401.25999999998
2026-01-02 15:15:00,100401.25999999998
2026-01-02 15:20:00,100401.25999999998
2026-01-02 15:25:00,100401.25999999998
2026-01-02 15:30:00,100401.25999999998
2026-01-05 09:15:00,100401.25999999998
2026-01-05 09:20:00,100401.25999999998
2026-01-05 09:25:00,100401.25999999998
2026-01-05 09:30:00,100401.25999999998
2026-01-05 09:35:00,100401.25999999998
2026-01-05 09:40:00,100401.25999999998
2026-01-05 09:45:00,100401.25999999998
2026-01-05 09:50:00,100401.25999999998
2026-01-05 09:55:00,100401.25999999998
2026-01-05 10:00:00,100401.25999999998
2026-01-05 10:05:00,100355.30999999998
2026-01-05 10:10:00,100355.30999999998
2026-01-05 10:15:00,100355.30999999998
2026-01-05 10:20:00,100355.30999999998
2026-01-05 10:25:00,100355.30999999998
2026-01-05 10:30:00,100355.30999999998
2026-01-05 10:35:00,100355.30999999998
2026-01-05 10:40:00,100355.30999999998
2026-01-05 10:45:00,100355.30999999998
2026-01-05 10:50:00,100355.30999999998
2026-01-05 10:55:00,100355.30999999998
2026-01-05 11:00:00,100355.30999999998
2026-01-05 11:05:00,100355.30999999998
2026-01-05 11:10:00,100355.30999999998
2026-01-05 11:15:00,100355.30999999998
2026-01-05 11:20:00,100355.30999999998
2026-01-05 11:25:00,100355.30999999998
2026-01-05 11:30:00,100355.30999999998
2026-01-05 11:35:00,100355.30999999998
2026-01-05 11:40:00,100355.30999999998
2026-01-05 11:45:00,100355.30999999998
2026-01-05 11:50:00,100355.30999999998
2026-01-05 11:55:00,100355.30999999998
2026-01-05 12:00:00,100355.30999999998
2026-01-05 12:05:00,100355.30999999998
2026-01-05 12:10:00,100355.30999999998
2026-01-05 12:15:00,100355.30999999998
2026-01-05 12:20:00,100355.30999999998
2026-01-05 12:25:00,100355.30999999998
2026-01-05 12:30:00,100355.30999999998
2026-01-05 12:35:00,100355.30999999998
2026-01-05 12:40:00,100355.30999999998
2026-01-05 12:45:00,100355.30999999998
2026-01-05 12:50:00,100355.30999999998
2026-01-05 12:55:00,100355.30999999998
2026-01-05 13:00:00,100355.30999999998
2026-01-05 13:05:00,100355.30999999998
2026-01-05 13:10:00,100334.67999999998
2026-01-05 13:15:00,100334.67999999998
2026-01-05 13:20:00,100334.67999999998
2026-01-05 13:25:00,100334.67999999998
2026-01-05 13:30:00,100334.67999999998
2026-01-05 13:35:00,100334.67999999998
2026-01-05 13:40:00,100295.90999999999
2026-01-05 13:45:00,100295.90999999999
2026-01-05 13:50:00,100295.90999999999
2026-01-05 13:55:00,100295.90999999999
2026-01-05 14:00:00,100295.90999999999
2026-01-05 14:05:00,100295.90999999999
2026-01-05 14:10:00,100295.90999999999
2026-01-05 14:15:00,100295.90999999999
2026-01-05 14:20:00,100295.90999999999
2026-01-05 14:25:00,100295.90999999999
2026-01-05 14:30:00,100295.90999999999
2026-01-05 14:35:00,100295.90999999999
2026-01-05 14:40:00,100295.90999999999
2026-01-05 14:45:00,100295.90999999999
2026-01-05 14:50:00,100295.90999999999
2026-01-05 14:55:00,100295.90999999999
2026-01-05 15:00:00,100295.90999999999
2026-01-05 15:05:00,100295.90999999999
2026-01-05 15:10:00,100295.90999999999
2026-01-05 15:15:00,100295.90999999999
2026-01-05 15:20:00,100295.90999999999
2026-01-05 15:25:00,100239.15999999999
2026-01-05 15:30:00,100239.15999999999
2026-01-06 09:15:00,100239.15999999999
2026-01-06 09:20:00,100239.15999999999
2026-01-06 09:25:00,100239.15999999999
2026-01-06 09:30:00,100239.15999999999
2026-01-06 09:35:00,100239.15999999999
2026-01-06 09:40:00,100239.15999999999
2026-01-06 09:45:00,100239.15999999999
2026-01-06 09:50:00,100239.15999999999
2026-01-06 09:55:00,100239.15999999999
2026-01-06 10:00:00,100239.15999999999
2026-01-06 10:05:00,100239.15999999999
2026-01-06 10:10:00,100239.15999999999
2026-01-06 10:15:00,100239.15999999999
2026-01-06 10:20:00,100239.15999999999
2026-01-06 10:25:00,100239.15999999999
2026-01-06 10:30:00,100239.15999999999
2026-01-06 10:35:00,100196.50999999998
2026-01-06 10:40:00,100196.50999999998
2026-01-06 10:45:00,100196.50999999998
2026-01-06 10:50:00,100196.50999999998
2026-01-06 10:55:00,100196.50999999998
2026-01-06 11:00:00,100196.50999999998
2026-01-06 11:05:00,100196.50999999998
2026-01-06 11:10:00,100196.50999999998
2026-01-06 11:15:00,100196.50999999998
2026-01-06 11:20:00,100196.50999999998
2026-01-06 11:25:00,100196.50999999998
2026-01-06 11:30:00,100196.50999999998
2026-01-06 11:35:00,100196.50999999998
2026-01-06 11:40:00,100196.50999999998
2026-01-06 11:45:00,100196.50999999998
2026-01-06 11:50:00,100196.50999999998
2026-01-06 11:55:00,100196.50999999998
2026-01-06 12:00:00,100196.50999999998
2026-01-06 12:05:00,100196.50999999998
2026-01-06 12:10:00,100196.50999999998
2026-01-06 12:15:00,100196.50999999998
2026-01-06 12:20:00,100196.50999999998
2026-01-06 12:25:00,100196.50999999998
2026-01-06 12:30:00,100196.50999999998
2026-01-06 12:35:00,100196.50999999998
2026-01-06 12:40:00,100196.50999999998
2026-01-06 12:45:00,100131.13999999998
2026-01-06 12:50:00,100131.13999999998
2026-01-06 12:55:00,100131.13999999998
2026-01-06 13:00:00,100131.13999999998
2026-01-06 13:05:00,100131.13999999998
2026-01-06 13:10:00,100131.13999999998
2026-01-06 13:15:00,100131.13999999998
2026-01-06 13:20:00,100131.13999999998
2026-01-06 13:25:00,100131.13999999998
2026-01-06 13:30:00,100131.13999999998
2026-01-06 13:35:00,100131.13999999998
2026-01-06 13:40:00,100131.13999999998
2026-01-06 13:45:00,100131.13999999998
2026-01-06 13:50:00,100131.13999999998
2026-01-06 13:55:00,100131.13999999998
2026-01-06 14:00:00,100131.13999999998
2026-01-06 14:05:00,100131.13999999998
2026-01-06 14:10:00,100131.13999999998
2026-01-06 14:15:00,100131.13999999998
2026-01-06 14:20:00,100131.13999999998
2026-01-06 14:25:00,100131.13999999998
2026-01-06 14:30:00,100131.13999999998
2026-01-06 14:35:00,100072.55999999998
2026-01-06 14:40:00,100072.55999999998
2026-01-06 14:45:00,100072.55999999998
2026-01-06 14:50:00,100072.55999999998
2026-01-06 14:55:00,100072.55999999998
2026-01-06 15:00:00,100072.55999999998
2026-01-06 15:05:00,100072.55999999998
2026-01-06 15:10:00,100072.55999999998
2026-01-06 15:15:00,100072.55999999998
2026-01-06 15:20:00,100072.55999999998
2026-01-06 15:25:00,100072.55999999998
2026-01-06 15:30:00,100072.55999999998
2026-01-07 09:15:00,100072.55999999998
2026-01-07 09:20:00,100072.55999999998
2026-01-07 09:25:00,100072.55999999998
2026-01-07 09:30:00,100072.55999999998
2026-01-07 09:35:00,100072.55999999998
2026-01-07 09:40:00,100072.55999999998
2026-01-07 09:45:00,100072.55999999998
2026-01-07 09:50:00,100072.55999999998
2026-01-07 09:55:00,100072.55999999998
2026-01-07 10:00:00,100072.55999999998
2026-01-07 10:05:00,100072.55999999998
2026-01-07 10:10:00,100072.55999999998
2026-01-07 10:15:00,100072.55999999998
2026-01-07 10:20:00,100072.55999999998
2026-01-07 10:25:00,100072.55999999998
2026-01-07 10:30:00,100072.55999999998
2026-01-07 10:35:00,100072.55999999998
2026-01-07 10:40:00,100072.55999999998
2026-01-07 10:45:00,100072.55999999998
2026-01-07 10:50:00,100072.55999999998
2026-01-07 10:55:00,100072.55999999998
2026-01-07 11:00:00,100072.55999999998
2026-01-07 11:05:00,100072.55999999998
2026-01-07 11:10:00,100072.55999999998
2026-01-07 11:15:00,100072.55999999998
2026-01-07 11:20:00,100072.55999999998
2026-01-07 11:25:00,100072.55999999998
2026-01-07 11:30:00,100072.55999999998
2026-01-07 11:35:00,100072.55999999998
2026-01-07 11:40:00,100072.55999999998
2026-01-07 11:45:00,100072.55999999998
2026-01-07 11:50:00,100072.55999999998
2026-01-07 11:55:00,100072.55999999998
2026-01-07 12:00:00,100072.55999999998
2026-01-07 12:05:00,100072.55999999998
2026-01-07 12:10:00,100072.55999999998
2026-01-07 12:15:00,100072.55999999998
2026-01-07 12:20:00,100072.55999999998
2026-01-07 12:25:00,100072.55999999998
2026-01-07 12:30:00,100072.55999999998
2026-01-07 12:35:00,100072.55999999998
2026-01-07 12:40:00,100072.55999999998
2026-01-07 12:45:00,100072.55999999998
2026-01-07 12:50:00,100072.55999999998
2026-01-07 12:55:00,100072.55999999998
2026-01-07 13:00:00,100072.55999999998
2026-01-07 13:05:00,100072.55999999998
2026-01-07 13:10:00,100072.55999999998
2026-01-07 13:15:00,100072.55999999998
2026-01-07 13:20:00,100072.55999999998
2026-01-07 13:25:00,100072.55999999998
2026-01-07 13:30:00,100072.55999999998
2026-01-07 13:35:00,100072.55999999998
2026-01-07 13:40:00,100072.55999999998
2026-01-07 13:45:00,100072.55999999998
2026-01-07 13:50:00,100072.55999999998
2026-01-07 13:55:00,100072.55999999998
2026-01-07 14:00:00,100192.57999999999
2026-01-07 14:05:00,100192.57999999999
2026-01-07 14:10:00,100192.57999999999
2026-01-07 14:15:00,100192.57999999999
2026-01-07 14:20:00,100192.57999999999
2026-01-07 14:25:00,100192.57999999999
2026-01-07 14:30:00,100192.57999999999
2026-01-07 14:35:00,100192.57999999999
2026-01-07 14:40:00,100192.57999999999
2026-01-07 14:45:00,100192.57999999999
2026-01-07 14:50:00,100192.57999999999
2026-01-07 14:55:00,100192.57999999999
2026-01-07 15:00:00,100192.57999999999
2026-01-07 15:05:00,100192.57999999999
2026-01-07 15:10:00,100192.57999999999
2026-01-07 15:15:00,100192.57999999999
2026-01-07 15:20:00,100192.57999999999
2026-01-07 15:25:00,100192.57999999999
2026-01-07 15:30:00,100192.57999999999
2026-01-08 09:15:00,100192.57999999999
2026-01-08 09:20:00,100192.57999999999
2026-01-08 09:25:00,100192.57999999999
2026-01-08 09:30:00,100192.57999999999
2026-01-08 09:35:00,100121.73999999999
2026-01-08 09:40:00,100121.73999999999
2026-01-08 09:45:00,100121.73999999999
2026-01-08 09:50:00,100121.73999999999
2026-01-08 09:55:00,100121.73999999999
2026-01-08 10:00:00,100121.73999999999
2026-01-08 10:05:00,100121.73999999999
2026-01-08 10:10:00,100121.73999999999
2026-01-08 10:15:00,100121.73999999999
2026-01-08 10:20:00,100121.73999999999
2026-01-08 10:25:00,100121.73999999999
2026-01-08 10:30:00,100121.73999999999
2026-01-08 10:35:00,100121.73999999999
2026-01-08 10:40:00,100121.73999999999
2026-01-08 10:45:00,100121.73999999999
2026-01-08 10:50:00,100121.73999999999
2026-01-08 10:55:00,100121.73999999999
2026-01-08 11:00:00,100121.73999999999
2026-01-08 11:05:00,100121.73999999999
2026-01-08 11:10:00,100121.73999999999
2026-01-08 11:15:00,100121.73999999999
2026-01-08 11:20:00,100121.73999999999
2026-01-08 11:25:00,100121.73999999999
2026-01-08 11:30:00,100121.73999999999
2026-01-08 11:35:00,100121.73999999999
2026-01-08 11:40:00,100121.73999999999
2026-01-08 11:45:00,100121.73999999999
2026-01-08 11:50:00,100121.73999999999
2026-01-08 11:55:00,100121.73999999999
2026-01-08 12:00:00,100121.73999999999
2026-01-08 12:05:00,100121.73999999999
2026-01-08 12:10:00,100121.73999999999
2026-01-08 12:15:00,100080.56999999998
2026-01-08 12:20:00,100080.56999999998
2026-01-08 12:25:00,100080.56999999998
2026-01-08 12:30:00,100080.56999999998
2026-01-08 12:35:00,100080.56999999998
2026-01-08 12:40:00,100080.56999999998
2026-01-08 12:45:00,100080.56999999998
2026-01-08 12:50:00,100080.56999999998
2026-01-08 12:55:00,100080.56999999998
2026-01-08 13:00:00,100080.56999999998
2026-01-08 13:05:00,100080.56999999998
2026-01-08 13:10:00,100080.56999999998
2026-01-08 13:15:00,100080.56999999998
2026-01-08 13:20:00,100080.56999999998
2026-01-08 13:25:00,100080.56999999998
2026-01-08 13:30:00,100080.56999999998
2026-01-08 13:35:00,100080.56999999998
2026-01-08 13:40:00,100080.56999999998
2026-01-08 13:45:00,100080.56999999998
2026-01-08 13:50:00,100080.56999999998
2026-01-08 13:55:00,100080.56999999998
2026-01-08 14:00:00,100080.56999999998
2026-01-08 14:05:00,100080.56999999998
2026-01-08 14:10:00,100080.56999999998
2026-01-08 14:15:00,100080.56999999998
2026-01-08 14:20:00,100080.56999999998
2026-01-08 14:25:00,100080.56999999998
2026-01-08 14:30:00,100080.56999999998
2026-01-08 14:35:00,100080.56999999998
2026-01-08 14:40:00,100080.56999999998
2026-01-08 14:45:00,100080.56999999998
2026-01-08 14:50:00,100080.56999999998
2026-01-08 14:55:00,100080.56999999998
2026-01-08 15:00:00,100080.56999999998
2026-01-08 15:05:00,100063.56999999998
2026-01-08 15:10:00,100063.56999999998
2026-01-08 15:15:00,100063.56999999998
2026-01-08 15:20:00,100063.56999999998
2026-01-08 15:25:00,100063.56999999998
2026-01-08 15:30:00,100063.56999999998
2026-01-09 09:15:00,100063.56999999998
2026-01-09 09:20:00,100063.56999999998
2026-01-09 09:25:00,100063.56999999998
2026-01-09 09:30:00,100063.56999999998
2026-01-09 09:35:00,100063.56999999998
2026-01-09 09:40:00,100063.56999999998
2026-01-09 09:45:00,100063.56999999998
2026-01-09 09:50:00,100063.56999999998
2026-01-09 09:55:00,100063.56999999998
2026-01-09 10:00:00,100063.56999999998
2026-01-09 10:05:00,100021.46999999999
2026-01-09 10:10:00,100021.46999999999
2026-01-09 10:15:00,100021.46999999999
2026-01-09 10:20:00,100021.46999999999
2026-01-09 10:25:00,100021.46999999999
2026-01-09 10:30:00,100021.46999999999
2026-01-09 10:35:00,100021.46999999999
2026-01-09 10:40:00,100021.46999999999
2026-01-09 10:45:00,100021.46999999999
2026-01-09 10:50:00,100021.46999999999
2026-01-09 10:55:00,100021.46999999999
2026-01-09 11:00:00,100021.46999999999
2026-01-09 11:05:00,100021.46999999999
2026-01-09 11:10:00,100021.46999999999
2026-01-09 11:15:00,100021.46999999999
2026-01-09 11:20:00,100021.46999999999
2026-01-09 11:25:00,100021.46999999999
2026-01-09 11:30:00,100021.46999999999
2026-01-09 11:35:00,100021.46999999999
2026-01-09 11:40:00,100021.46999999999
2026-01-09 11:45:00,100021.46999999999
2026-01-09 11:50:00,100021.46999999999
2026-01-09 11:55:00,100021.46999999999
2026-01-09 12:00:00,100021.46999999999
2026-01-09 12:05:00,100021.46999999999
2026-01-09 12:10:00,100021.46999999999
2026-01-09 12:15:00,100021.46999999999
2026-01-09 12:20:00,100021.46999999999
2026-01-09 12:25:00,100021.46999999999
2026-01-09 12:30:00,100021.46999999999
2026-01-09 12:35:00,100021.46999999999
2026-01-09 12:40:00,100021.46999999999
2026-01-09 12:45:00,100021.46999999999
2026-01-09 12:50:00,100021.46999999999
2026-01-09 12:55:00,100021.46999999999
2026-01-09 13:00:00,100021.46999999999
2026-01-09 13:05:00,100021.46999999999
2026-01-09 13:10:00,100137.38999999998
2026-01-09 13:15:00,100137.38999999998
2026-01-09 13:20:00,100137.38999999998
2026-01-09 13:25:00,100137.38999999998
2026-01-09 13:30:00,100137.38999999998
2026-01-09 13:35:00,100137.38999999998
2026-01-09 13:40:00,100137.38999999998
2026-01-09 13:45:00,100137.38999999998
2026-01-09 13:50:00,100137.38999999998
2026-01-09 13:55:00,100137.38999999998
2026-01-09 14:00:00,100137.38999999998
2026-01-09 14:05:00,100137.38999999998
2026-01-09 14:10:00,100137.38999999998
2026-01-09 14:15:00,100137.38999999998
2026-01-09 14:20:00,100137.38999999998
2026-01-09 14:25:00,100137.38999999998
2026-01-09 14:30:00,100137.38999999998
2026-01-09 14:35:00,100137.38999999998
2026-01-09 14:40:00,100137.38999999998
2026-01-09 14:45:00,100137.38999999998
2026-01-09 14:50:00,100137.38999999998
2026-01-09 14:55:00,100137.38999999998
2026-01-09 15:00:00,100137.38999999998
2026-01-09 15:05:00,100137.38999999998
2026-01-09 15:10:00,100137.38999999998
2026-01-09 15:15:00,100137.38999999998
2026-01-09 15:20:00,100137.38999999998
2026-01-09 15:25:00,100137.38999999998
2026-01-09 15:30:00,100137.38999999998
2026-01-12 09:15:00,100137.38999999998
2026-01-12 09:20:00,100137.38999999998
2026-01-12 09:25:00,100137.38999999998
2026-01-12 09:30:00,100137.38999999998
2026-01-12 09:35:00,100137.38999999998
2026-01-12 09:40:00,100137.38999999998
2026-01-12 09:45:00,100137.38999999998
2026-01-12 09:50:00,100137.38999999998
2026-01-12 09:55:00,100095.75999999998
2026-01-12 10:00:00,100095.75999999998
2026-01-12 10:05:00,100095.75999999998
2026-01-12 10:10:00,100095.75999999998
2026-01-12 10:15:00,100095.75999999998
2026-01-12 10:20:00,100095.75999999998
2026-01-12 10:25:00,100095.75999999998
2026-01-12 10:30:00,100095.75999999998
2026-01-12 10:35:00,100095.75999999998
2026-01-12 10:40:00,100095.75999999998
2026-01-12 10:45:00,100095.75999999998
2026-01-12 10:50:00,100095.75999999998
2026-01-12 10:55:00,100095.75999999998
2026-01-12 11:00:00,100095.75999999998
2026-01-12 11:05:00,100095.75999999998
2026-01-12 11:10:00,100095.75999999998
2026-01-12 11:15:00,100095.75999999998
2026-01-12 11:20:00,100095.75999999998
2026-01-12 11:25:00,100095.75999999998
2026-01-12 11:30:00,100095.75999999998
2026-01-12 11:35:00,100095.75999999998
2026-01-12 11:40:00,100095.75999999998
2026-01-12 11:45:00,100095.75999999998
2026-01-12 11:50:00,100095.75999999998
2026-01-12 11:55:00,100095.75999999998
2026-01-12 12:00:00,100095.75999999998
2026-01-12 12:05:00,100095.75999999998
2026-01-12 12:10:00,100095.75999999998
2026-01-12 12:15:00,100095.75999999998
2026-01-12 12:20:00,100065.63999999998
2026-01-12 12:25:00,100065.63999999998
2026-01-12 12:30:00,100065.63999999998
2026-01-12 12:35:00,100065.63999999998
2026-01-12 12:40:00,100065.63999999998
2026-01-12 12:45:00,100065.63999999998
2026-01-12 12:50:00,100065.63999999998
2026-01-12 12:55:00,100065.63999999998
2026-01-12 13:00:00,100025.77999999998
2026-01-12 13:05:00,100025.77999999998
2026-01-12 13:10:00,100025.77999999998
2026-01-12 13:15:00,100025.77999999998
2026-01-12 13:20:00,100025.77999999998
2026-01-12 13:25:00,100025.77999999998
2026-01-12 13:30:00,100025.77999999998
2026-01-12 13:35:00,100025.77999999998
2026-01-12 13:40:00,100025.77999999998
2026-01-12 13:45:00,100025.77999999998
2026-01-12 13:50:00,100025.77999999998
2026-01-12 13:55:00,100025.77999999998
2026-01-12 14:00:00,100025.77999999998
2026-01-12 14:05:00,99971.05999999998
2026-01-12 14:10:00,99971.05999999998
2026-01-12 14:15:00,99971.05999999998
2026-01-12 14:20:00,99971.05999999998
2026-01-12 14:25:00,99971.05999999998
2026-01-12 14:30:00,99971.05999999998
2026-01-12 14:35:00,99971.05999999998
2026-01-12 14:40:00,99971.05999999998
2026-01-12 14:45:00,99971.05999999998
2026-01-12 14:50:00,99971.05999999998
2026-01-12 14:55:00,99971.05999999998
2026-01-12 15:00:00,99971.05999999998
2026-01-12 15:05:00,99971.05999999998
2026-01-12 15:10:00,99971.05999999998
2026-01-12 15:15:00,99971.05999999998
2026-01-12 15:20:00,99971.05999999998
2026-01-12 15:25:00,99971.05999999998
2026-01-12 15:30:00,99971.05999999998
2026-01-13 09:15:00,99971.05999999998
2026-01-13 09:20:00,99971.05999999998
2026-01-13 09:25:00,99971.05999999998
2026-01-13 09:30:00,99971.05999999998
2026-01-13 09:35:00,99971.05999999998
2026-01-13 09:40:00,99971.05999999998
2026-01-13 09:45:00,99971.05999999998
2026-01-13 09:50:00,99971.05999999998
2026-01-13 09:55:00,99971.05999999998
2026-01-13 10:00:00,100054.15
2026-01-13 10:05:00,100054.15
2026-01-13 10:10:00,100054.15
2026-01-13 10:15:00,100054.15
2026-01-13 10:20:00,100054.15
2026-01-13 10:25:00,100054.15
2026-01-13 10:30:00,100054.15
2026-01-13 10:35:00,100054.15
2026-01-13 10:40:00,100054.15
2026-01-13 10:45:00,100054.15
2026-01-13 10:50:00,100054.15
2026-01-13 10:55:00,100054.15
2026-01-13 11:00:00,100054.15
2026-01-13 11:05:00,100054.15
2026-01-13 11:10:00,100054.15
2026-01-13 11:15:00,100054.15
2026-01-13 11:20:00,100059.37
2026-01-13 11:25:00,100059.37
2026-01-13 11:30:00,100059.37
2026-01-13 11:35:00,100059.37
2026-01-13 11:40:00,100059.37
2026-01-13 11:45:00,100059.37
2026-01-13 11:50:00,100059.37
2026-01-13 11:55:00,100059.37
2026-01-13 12:00:00,100059.37
2026-01-13 12:05:00,100059.37
2026-01-13 12:10:00,100029.32999999999
2026-01-13 12:15:00,100029.32999999999
2026-01-13 12:20:00,100029.32999999999
2026-01-13 12:25:00,100029.32999999999
2026-01-13 12:30:00,100029.32999999999
2026-01-13 12:35:00,100029.32999999999
2026-01-13 12:40:00,100029.32999999999
2026-01-13 12:45:00,100029.32999999999
2026-01-13 12:50:00,100029.32999999999
2026-01-13 12:55:00,100029.32999999999
2026-01-13 13:00:00,100029.32999999999
2026-01-13 13:05:00,100029.32999999999
2026-01-13 13:10:00,100029.32999999999
2026-01-13 13:15:00,100029.32999999999
2026-01-13 13:20:00,100029.32999999999
2026-01-13 13:25:00,100029.32999999999
2026-01-13 13:30:00,100029.32999999999
2026-01-13 13:35:00,100029.32999999999
2026-01-13 13:40:00,100029.32999999999
2026-01-13 13:45:00,100029.32999999999
2026-01-13 13:50:00,100029.32999999999
2026-01-13 13:55:00,100029.32999999999
2026-01-13 14:00:00,100029.32999999999
2026-01-13 14:05:00,100029.32999999999
2026-01-13 14:10:00,100029.32999999999
2026-01-13 14:15:00,100029.32999999999
2026-01-13 14:20:00,100029.32999999999
2026-01-13 14:25:00,100029.32999999999
2026-01-13 14:30:00,100029.32999999999
2026-01-13 14:35:00,100029.32999999999
2026-01-13 14:40:00,100029.32999999999
2026-01-13 14:45:00,100029.32999999999
2026-01-13 14:50:00,100029.32999999999
2026-01-13 14:55:00,100029.32999999999
2026-01-13 15:00:00,100029.32999999999
2026-01-13 15:05:00,100029.32999999999
2026-01-13 15:10:00,100029.32999999999
2026-01-13 15:15:00,100029.32999999999
2026-01-13 15:20:00,100029.32999999999
2026-01-13 15:25:00,100029.32999999999
2026-01-13 15:30:00,100017.59999999999
2026-01-14 09:15:00,100017.59999999999
2026-01-14 09:20:00,100017.59999999999
2026-01-14 09:25:00,100017.59999999999
2026-01-14 09:30:00,100017.59999999999
2026-01-14 09:35:00,100017.59999999999
2026-01-14 09:40:00,100017.59999999999
2026-01-14 09:45:00,100017.59999999999
2026-01-14 09:50:00,100017.59999999999
2026-01-14 09:55:00,100017.59999999999
2026-01-14 10:00:00,100017.59999999999
2026-01-14 10:05:00,100017.59999999999
2026-01-14 10:10:00,100017.59999999999
2026-01-14 10:15:00,100017.59999999999
2026-01-14 10:20:00,100017.59999999999
2026-01-14 10:25:00,100017.59999999999
2026-01-14 10:30:00,100017.59999999999
2026-01-14 10:35:00,100017.59999999999
2026-01-14 10:40:00,100017.59999999999
2026-01-14 10:45:00,100017.59999999999
2026-01-14 10:50:00,100017.59999999999
2026-01-14 10:55:00,100017.59999999999
2026-01-14 11:00:00,100017.59999999999
2026-01-14 11:05:00,100017.59999999999
2026-01-14 11:10:00,100017.59999999999
2026-01-14 11:15:00,100017.59999999999
2026-01-14 11:20:00,100017.59999999999
2026-01-14 11:25:00,100017.59999999999
2026-01-14 11:30:00,100017.59999999999
2026-01-14 11:35:00,100017.59999999999
2026-01-14 11:40:00,100017.59999999999
2026-01-14 11:45:00,100017.59999999999
2026-01-14 11:50:00,100017.59999999999
2026-01-14 11:55:00,100017.59999999999
2026-01-14 12:00:00,99994.9
2026-01-14 12:05:00,99994.9
2026-01-14 12:10:00,99994.9
2026-01-14 12:15:00,99994.9
2026-01-14 12:20:00,99994.9
2026-01-14 12:25:00,99994.9
2026-01-14 12:30:00,99994.9
2026-01-14 12:35:00,99994.9
2026-01-14 12:40:00,99994.9
2026-01-14 12:45:00,99994.9
2026-01-14 12:50:00,99994.9
2026-01-14 12:55:00,99994.9
2026-01-14 13:00:00,99994.9
2026-01-14 13:05:00,99994.9
2026-01-14 13:10:00,99994.9
2026-01-14 13:15:00,99994.9
2026-01-14 13:20:00,99994.9
2026-01-14 13:25:00,99994.9
2026-01-14 13:30:00,99994.9
2026-01-14 13:35:00,99994.9
2026-01-14 13:40:00,99994.9
2026-01-14 13:45:00,99994.9
2026-01-14 13:50:00,99994.9
2026-01-14 13:55:00,99994.9
2026-01-14 14:00:00,99994.9
2026-01-14 14:05:00,99994.9
2026-01-14 14:10:00,99994.9
2026-01-14 14:15:00,99994.9
2026-01-14 14:20:00,99994.9
2026-01-14 14:25:00,99994.9
2026-01-14 14:30:00,99994.9
2026-01-14 14:35:00,99994.9
2026-01-14 14:40:00,99994.9
2026-01-14 14:45:00,99994.9
2026-01-14 14:50:00,99994.9
2026-01-14 14:55:00,99994.9
2026-01-14 15:00:00,99994.9
2026-01-14 15:05:00,99994.9
2026-01-14 15:10:00,99994.9
2026-01-14 15:15:00,99960.68
2026-01-14 15:20:00,99960.68
2026-01-14 15:25:00,99960.68
2026-01-14 15:30:00,99960.68
2026-01-15 09:15:00,99960.68
2026-01-15 09:20:00,99960.68
2026-01-15 09:25:00,99960.68
2026-01-15 09:30:00,99960.68
2026-01-15 09:35:00,99960.68
2026-01-15 09:40:00,99960.68
2026-01-15 09:45:00,99960.68
2026-01-15 09:50:00,99960.68
2026-01-15 09:55:00,99960.68
2026-01-15 10:00:00,99960.68
2026-01-15 10:05:00,99960.68
2026-01-15 10:10:00,99960.68
2026-01-15 10:15:00,99912.35999999999
2026-01-15 10:20:00,99912.35999999999
2026-01-15 10:25:00,99912.35999999999
2026-01-15 10:30:00,99912.35999999999
2026-01-15 10:35:00,99912.35999999999
2026-01-15 10:40:00,99912.35999999999
2026-01-15 10:45:00,99912.35999999999
2026-01-15 10:50:00,99912.35999999999
2026-01-15 10:55:00,99912.35999999999
2026-01-15 11:00:00,99912.35999999999
2026-01-15 11:05:00,99912.35999999999
2026-01-15 11:10:00,99912.35999999999
2026-01-15 11:15:00,99912.35999999999
2026-01-15 11:20:00,99912.35999999999
2026-01-15 11:25:00,99912.35999999999
2026-01-15 11:30:00,99912.35999999999
2026-01-15 11:35:00,99912.35999999999
2026-01-15 11:40:00,99912.35999999999
2026-01-15 11:45:00,99912.35999999999
2026-01-15 11:50:00,99925.23
2026-01-15 11:55:00,99925.23
2026-01-15 12:00:00,99925.23
2026-01-15 12:05:00,99925.23
2026-01-15 12:10:00,99925.23
2026-01-15 12:15:00,99925.23
2026-01-15 12:20:00,99870.31
2026-01-15 12:25:00,99870.31
2026-01-15 12:30:00,99870.31
2026-01-15 12:35:00,99870.31
2026-01-15 12:40:00,99870.31
2026-01-15 12:45:00,99870.31
2026-01-15 12:50:00,99870.31
2026-01-15 12:55:00,99870.31
2026-01-15 13:00:00,99870.31
2026-01-15 13:05:00,99870.31
2026-01-15 13:10:00,99870.31
2026-01-15 13:15:00,99870.31
2026-01-15 13:20:00,99870.31
2026-01-15 13:25:00,99870.31
2026-01-15 13:30:00,99870.31
2026-01-15 13:35:00,99870.31
2026-01-15 13:40:00,99870.31
2026-01-15 13:45:00,99870.31
2026-01-15 13:50:00,99870.31
2026-01-15 13:55:00,99870.31
2026-01-15 14:00:00,99870.31
2026-01-15 14:05:00,99870.31
2026-01-15 14:10:00,99870.31
2026-01-15 14:15:00,99870.31
2026-01-15 14:20:00,99870.31
2026-01-15 14:25:00,99870.31
2026-01-15 14:30:00,99870.31
2026-01-15 14:35:00,99870.31
2026-01-15 14:40:00,99870.31
2026-01-15 14:45:00,99870.31
2026-01-15 14:50:00,99870.31
2026-01-15 14:55:00,99870.31
2026-01-15 15:00:00,99870.31
2026-01-15 15:05:00,99870.31
2026-01-15 15:10:00,99870.31
2026-01-15 15:15:00,99870.31
2026-01-15 15:20:00,99870.31
2026-01-15 15:25:00,99870.31
2026-01-15 15:30:00,100079.9
